invoice_id,vendor,amount,date,true_label,vendor_mean,vendor_std,amount_zscore,amount_ratio,invoice_gap_days,vendor_frequency,split_cluster_flag,window_invoice_count,window_vendor_count,cluster_amount_ratio,co_occurrence_score,entropy_score,vendor_degree,cluster_size
C_74,V1,98847.26,2024-01-01 00:00:00,1,86403.7311111111,33948.99747755859,0.36652517859873873,1.1440028656867014,,162,1,103,30,1.1608353568691023,87,4.45196809005913,18,40
C_55,V2,86915.03,2024-01-01 00:00:00,1,89201.08671052632,40922.37405936534,-0.05586188243447518,0.9743609505689239,0.0,152,1,103,30,1.1608353568691023,87,4.45196809005913,20,40
A_242,V2,165346.83,2024-01-01 00:00:00,0,89201.08671052632,40922.37405936534,1.8606907431194,1.8536206505636397,,152,1,103,30,1.1608353568691023,87,4.45196809005913,20,40
A_270,V5,48092.59,2024-01-01 00:00:00,0,144407.3437244898,59983.82205994232,-1.605652070256094,0.33303193402559683,,196,1,103,30,1.1608353568691023,87,4.45196809005913,3,40
C_651,V5,165732.44,2024-01-01 00:00:00,1,144407.3437244898,59983.82205994232,0.35550820262832855,1.147665264523728,0.0,196,1,103,30,1.1608353568691023,87,4.45196809005913,3,40
C_478,V5,170342.89,2024-01-01 00:00:00,1,144407.3437244898,59983.82205994232,0.43236847897278163,1.1795917438468069,0.0,196,1,103,30,1.1608353568691023,87,4.45196809005913,3,40
D_509,V17,117715.9,2024-01-01 00:00:00,0,105661.17514285714,95526.67662806554,0.1261909143260921,1.1140779549620856,,105,1,103,30,1.1608353568691023,87,4.45196809005913,24,40
C_355,V6,178414.36,2024-01-01 00:00:00,1,144506.03180487806,76560.92735485801,0.44288759918437937,1.2346413719223408,,205,1,103,30,1.1608353568691023,87,4.45196809005913,9,40
C_1076,V6,197301.66,2024-01-01 00:00:00,1,144506.03180487806,76560.92735485801,0.6895807096184857,1.3653429700667326,0.0,205,1,103,30,1.1608353568691023,87,4.45196809005913,9,40
C_1081,V7,167199.81,2024-01-01 00:00:00,1,144842.31624309393,63932.34127505827,0.34970006746117294,1.1543495021847239,,181,1,103,30,1.1608353568691023,87,4.45196809005913,3,40
C_449,V7,184204.44,2024-01-01 00:00:00,1,144842.31624309393,63932.34127505827,0.615674434839245,1.2717496725278326,0.0,181,1,103,30,1.1608353568691023,87,4.45196809005913,3,40
C_908,V8,254605.85,2024-01-01 00:00:00,1,179937.1240782123,101867.69807590247,0.7329898912240143,1.414963345340493,,179,1,103,30,1.1608353568691023,87,4.45196809005913,4,40
C_1022,V8,238950.7,2024-01-01 00:00:00,1,179937.1240782123,101867.69807590247,0.5793102006449187,1.3279603820707677,0.0,179,1,103,30,1.1608353568691023,87,4.45196809005913,4,40
C_256,V11,256866.37,2024-01-01 00:00:00,1,182570.8592121212,102941.535881061,0.721718288285799,1.4069329802987858,0.0,165,1,103,30,1.1608353568691023,87,4.45196809005913,4,40
C_159,V11,268701.48,2024-01-01 00:00:00,1,182570.8592121212,102941.535881061,0.8366864100510738,1.4717573735600131,0.0,165,1,103,30,1.1608353568691023,87,4.45196809005913,4,40
C_704,V11,258617.34,2024-01-01 00:00:00,1,182570.8592121212,102941.535881061,0.7387274865245432,1.4165235601809,,165,1,103,30,1.1608353568691023,87,4.45196809005913,4,40
D_198,V20,15376.48,2024-01-01 00:00:00,0,84574.58505376344,95035.94061676953,-0.7281179781744074,0.18180755108256597,,93,1,103,30,1.1608353568691023,87,4.45196809005913,26,40
D_441,V33,27770.73,2024-01-01 00:00:00,0,88242.64793103449,64151.09930319075,-0.942633500506924,0.3147051448020803,,58,1,103,30,1.1608353568691023,87,4.45196809005913,32,40
A_1272,V5,99465.59,2024-01-01 00:00:00,0,144407.3437244898,59983.82205994232,-0.7492187553641467,0.6887800762382951,0.0,196,1,103,30,1.1608353568691023,87,4.45196809005913,3,40
C_999,V10,266528.57,2024-01-01 00:00:00,1,184110.51882978724,99924.56226640988,0.8247944700123816,1.4476474459287259,,188,1,103,30,1.1608353568691023,87,4.45196809005913,4,40
C_177,V3,95036.81,2024-01-01 00:00:00,1,83925.30547297298,30830.50022220062,0.3603945460631863,1.1323840536577052,0.0,148,1,103,30,1.1608353568691023,87,4.45196809005913,16,40
C_1057,V1,86558.21,2024-01-01 00:00:00,1,86403.7311111111,33948.99747755859,0.0045501885233132705,1.001776278762925,0.0,162,1,103,30,1.1608353568691023,87,4.45196809005913,18,40
A_1485,V27,45944.68,2024-01-01 00:00:00,0,83207.86098360656,89047.01535564796,-0.41846166739125534,0.5521609051835455,,61,1,103,30,1.1608353568691023,87,4.45196809005913,28,40
C_1017,V3,107950.3,2024-01-01 00:00:00,1,83925.30547297298,30830.50022220062,0.7792353389838461,1.286251067429193,,148,1,103,30,1.1608353568691023,87,4.45196809005913,16,40
C_52,V4,107639.52,2024-01-02 00:00:00,1,81228.63022988506,33321.06049362434,0.7925947369061482,1.3251263079171143,0.0,174,1,97,26,1.1645720069199168,85,4.3824021819656425,16,40
D_772,V29,40262.04,2024-01-02 00:00:00,0,74548.44014492753,60050.95281301047,-0.5709456318879151,0.5400716614602168,0.0,69,1,97,26,1.1645720069199168,85,4.3824021819656425,30,40
C_591,V10,244028.66,2024-01-02 00:00:00,1,184110.51882978724,99924.56226640988,0.5996277610174062,1.3254393942923621,1.0,188,1,97,26,1.1645720069199168,85,4.3824021819656425,4,40
A_100,V29,155549.7,2024-01-02 00:00:00,0,74548.44014492753,60050.95281301047,1.3488530524110327,2.086530759957476,,69,1,97,26,1.1645720069199168,85,4.3824021819656425,30,40
A_1121,V5,66444.72,2024-01-02 00:00:00,0,144407.3437244898,59983.82205994232,-1.2997058430311321,0.46011690381801557,1.0,196,1,97,26,1.1645720069199168,85,4.3824021819656425,3,40
C_168,V5,199687.37,2024-01-02 00:00:00,1,144407.3437244898,59983.82205994232,0.9215668960436249,1.3827966227559163,0.0,196,1,97,26,1.1645720069199168,85,4.3824021819656425,3,40
C_264,V6,160517.6,2024-01-02 00:00:00,1,144506.03180487806,76560.92735485801,0.20913225082369846,1.1107943883086628,0.0,205,1,97,26,1.1645720069199168,85,4.3824021819656425,9,40
C_644,V7,180221.83,2024-01-02 00:00:00,1,144842.31624309393,63932.34127505827,0.5533812726085121,1.244253685116747,1.0,181,1,97,26,1.1645720069199168,85,4.3824021819656425,3,40
C_380,V7,185978.23,2024-01-02 00:00:00,1,144842.31624309393,63932.34127505827,0.6434188005273871,1.2839959400533774,0.0,181,1,97,26,1.1645720069199168,85,4.3824021819656425,3,40
A_1030,V14,24675.39,2024-01-02 00:00:00,0,101404.49841584158,100941.99680096707,-0.7601231471969384,0.2433338466402647,,101,1,97,26,1.1645720069199168,85,4.3824021819656425,21,40
C_524,V9,243684.77,2024-01-02 00:00:00,1,188269.0858278146,100038.44686257221,0.5539383304299146,1.2943361072393933,,151,1,97,26,1.1645720069199168,85,4.3824021819656425,4,40
C_790,V11,239533.46,2024-01-02 00:00:00,1,182570.8592121212,102941.535881061,0.5533436717907643,1.311995512526922,0.0,165,1,97,26,1.1645720069199168,85,4.3824021819656425,4,40
C_86,V11,239221.14,2024-01-02 00:00:00,1,182570.8592121212,102941.535881061,0.550309746141596,1.310284843635518,1.0,165,1,97,26,1.1645720069199168,85,4.3824021819656425,4,40
C_65,V1,97800.09,2024-01-02 00:00:00,1,86403.7311111111,33948.99747755859,0.3356806991347213,1.1318835061732346,0.0,162,1,97,26,1.1645720069199168,85,4.3824021819656425,18,40
C_320,V1,95198.11,2024-01-02 00:00:00,1,86403.7311111111,33948.99747755859,0.25903916177614156,1.1017696458956763,1.0,162,1,97,26,1.1645720069199168,85,4.3824021819656425,18,40
C_528,V10,271914.52,2024-01-02 00:00:00,1,184110.51882978724,99924.56226640988,0.8786940916691567,1.4769011831974916,0.0,188,1,97,26,1.1645720069199168,85,4.3824021819656425,4,40
C_791,V10,270823.71,2024-01-02 00:00:00,1,184110.51882978724,99924.56226640988,0.8677778658780843,1.4709764588405736,0.0,188,1,97,26,1.1645720069199168,85,4.3824021819656425,4,40
C_137,V6,167916.32,2024-01-02 00:00:00,1,144506.03180487806,76560.92735485801,0.30576931647262817,1.161994111308926,0.0,205,1,97,26,1.1645720069199168,85,4.3824021819656425,9,40
C_725,V4,93399.45,2024-01-02 00:00:00,1,81228.63022988506,33321.06049362434,0.3652481146069473,1.1498199577626238,0.0,174,1,97,26,1.1645720069199168,85,4.3824021819656425,16,40
A_23,V6,78632.8,2024-01-02 00:00:00,0,144506.03180487806,76560.92735485801,-0.8603915037243152,0.5441451465571215,1.0,205,1,97,26,1.1645720069199168,85,4.3824021819656425,9,40
C_995,V4,78728.48,2024-01-02 00:00:00,1,81228.63022988506,33321.06049362434,-0.07502988089117218,0.9692088930750189,,174,1,97,26,1.1645720069199168,85,4.3824021819656425,16,40
A_764,V21,71537.31,2024-01-02 00:00:00,0,99317.54854545454,98935.44463436803,-0.28078872904842983,0.7202814685442159,,110,1,97,26,1.1645720069199168,85,4.3824021819656425,23,40
C_554,V3,102014.32,2024-01-02 00:00:00,1,83925.30547297298,30830.50022220062,0.5867056223881639,1.2155225876450855,0.0,148,1,97,26,1.1645720069199168,85,4.3824021819656425,16,40
D_162,V37,43856.64,2024-01-02 00:00:00,0,72052.50544117647,51928.02541711314,-0.5429692780616785,0.6086676801006438,,68,1,97,26,1.1645720069199168,85,4.3824021819656425,25,40
C_1198,V3,94789.91,2024-01-02 00:00:00,1,83925.30547297298,30830.50022220062,0.3523865023993814,1.129442186997323,1.0,148,1,97,26,1.1645720069199168,85,4.3824021819656425,16,40
C_192,V4,90367.01,2024-01-02 00:00:00,1,81228.63022988506,33321.06049362434,0.2742441384098507,1.1124882600629298,0.0,174,1,97,26,1.1645720069199168,85,4.3824021819656425,16,40
D_125,V38,47064.35,2024-01-02 00:00:00,0,71190.65382978723,52355.46745943829,-0.460808473155268,0.6610936460687734,,47,1,97,26,1.1645720069199168,85,4.3824021819656425,25,40
C_427,V1,93093.83,2024-01-03 00:00:00,1,86403.7311111111,33948.99747755859,0.19705741932119858,1.0774158868718327,0.0,162,1,90,28,1.1491452704430611,76,4.295589673478974,18,40
A_942,V36,90912.31,2024-01-03 00:00:00,0,77526.48523809524,111324.58196102447,0.12024033044436447,1.1726461876171854,,63,1,90,28,1.1491452704430611,76,4.295589673478974,20,40
C_1145,V1,97553.28,2024-01-03 00:00:00,1,86403.7311111111,33948.99747755859,0.3284108900526104,1.1290270653646564,0.0,162,1,90,28,1.1491452704430611,76,4.295589673478974,18,40
C_113,V1,80632.51,2024-01-03 00:00:00,1,86403.7311111111,33948.99747755859,-0.16999179793535968,0.9331955433818966,1.0,162,1,90,28,1.1491452704430611,76,4.295589673478974,18,40
C_788,V8,275392.13,2024-01-03 00:00:00,1,179937.1240782123,101867.69807590247,0.9370396179075939,1.5304823889366406,2.0,179,1,90,28,1.1491452704430611,76,4.295589673478974,4,40
C_487,V8,259282.23,2024-01-03 00:00:00,1,179937.1240782123,101867.69807590247,0.778895847502317,1.440952168020268,0.0,179,1,90,28,1.1491452704430611,76,4.295589673478974,4,40
A_655,V34,136021.4,2024-01-03 00:00:00,0,87031.30054545455,69584.65178653522,0.7040258759784298,1.5628841148345816,,55,1,90,28,1.1491452704430611,76,4.295589673478974,32,40
C_110,V10,268044.36,2024-01-03 00:00:00,1,184110.51882978724,99924.56226640988,0.8399636616148142,1.455880445198051,1.0,188,1,90,28,1.1491452704430611,76,4.295589673478974,4,40
C_443,V6,187677.11,2024-01-03 00:00:00,1,144506.03180487806,76560.92735485801,0.5638713612188426,1.2987403287987584,1.0,205,1,90,28,1.1491452704430611,76,4.295589673478974,9,40
A_749,V37,28729.94,2024-01-03 00:00:00,0,72052.50544117647,51928.02541711314,-0.8342649432218995,0.39873063529788627,1.0,68,1,90,28,1.1491452704430611,76,4.295589673478974,25,40
C_366,V3,104640.77,2024-01-03 00:00:00,1,83925.30547297298,30830.50022220062,0.6718928491228782,1.246817304899687,0.0,148,1,90,28,1.1491452704430611,76,4.295589673478974,16,40
C_702,V3,90367.42,2024-01-03 00:00:00,1,83925.30547297298,30830.50022220062,0.20894586642229926,1.0767472664348519,1.0,148,1,90,28,1.1491452704430611,76,4.295589673478974,16,40
C_953,V2,100334.28,2024-01-03 00:00:00,1,89201.08671052632,40922.37405936534,0.2720497404080943,1.1247974537366963,2.0,152,1,90,28,1.1491452704430611,76,4.295589673478974,20,40
A_818,V4,150212.56,2024-01-03 00:00:00,0,81228.63022988506,33321.06049362434,2.07021801017719,1.8492335810822826,1.0,174,1,90,28,1.1491452704430611,76,4.295589673478974,16,40
C_373,V10,240389.45,2024-01-04 00:00:00,1,184110.51882978724,99924.56226640988,0.5632085513831632,1.305673059067218,1.0,188,0,99,31,1.166781303273818,85,4.372420394348704,4,40
A_179,V21,101636.16,2024-01-04 00:00:00,0,99317.54854545454,98935.44463436803,0.02343536260186203,1.0233351321428623,2.0,110,0,99,31,1.166781303273818,85,4.372420394348704,23,40
C_11,V4,101093.82,2024-01-04 00:00:00,1,81228.63022988506,33321.06049362434,0.5961573046755568,1.2445436439129172,1.0,174,0,99,31,1.166781303273818,85,4.372420394348704,16,40
C_1130,V9,275503.46,2024-01-04 00:00:00,1,188269.0858278146,100038.44686257221,0.8719997651728566,1.4633416604057115,0.0,151,0,99,31,1.166781303273818,85,4.372420394348704,4,40
C_824,V9,267822.54,2024-01-04 00:00:00,1,188269.0858278146,100038.44686257221,0.7952208520452021,1.4225443135185127,2.0,151,0,99,31,1.166781303273818,85,4.372420394348704,4,40
C_261,V2,103835.96,2024-01-04 00:00:00,1,89201.08671052632,40922.37405936534,0.35761648754190367,1.164053037648802,1.0,152,0,99,31,1.166781303273818,85,4.372420394348704,20,40
C_12,V8,245094.78,2024-01-04 00:00:00,1,179937.1240782123,101867.69807590247,0.639623919344082,1.36210589754435,0.0,179,0,99,31,1.166781303273818,85,4.372420394348704,4,40
A_602,V8,55320.88,2024-01-04 00:00:00,0,179937.1240782123,101867.69807590247,-1.2233026084750844,0.3074439076399068,1.0,179,0,99,31,1.166781303273818,85,4.372420394348704,4,40
D_746,V39,20219.12,2024-01-04 00:00:00,0,59686.60327868852,62062.45272865382,-0.635921489112818,0.3387490683047621,,61,0,99,31,1.166781303273818,85,4.372420394348704,26,40
C_1108,V2,100156.76,2024-01-04 00:00:00,1,89201.08671052632,40922.37405936534,0.26771187716782274,1.1228073657629016,0.0,152,0,99,31,1.166781303273818,85,4.372420394348704,20,40
C_368,V7,161673.99,2024-01-04 00:00:00,1,144842.31624309393,63932.34127505827,0.26326910843736007,1.1161991743454613,0.0,181,0,99,31,1.166781303273818,85,4.372420394348704,3,40
C_161,V6,192396.9,2024-01-04 00:00:00,1,144506.03180487806,76560.92735485801,0.6255180590367304,1.3314016459751639,1.0,205,0,99,31,1.166781303273818,85,4.372420394348704,9,40
A_336,V7,43448.13,2024-01-04 00:00:00,0,144842.31624309393,63932.34127505827,-1.5859359798961408,0.2999664128587058,0.0,181,0,99,31,1.166781303273818,85,4.372420394348704,3,40
D_423,V7,17225.41,2024-01-04 00:00:00,0,144842.31624309393,63932.34127505827,-1.9960931760793166,0.11892443812243425,2.0,181,0,99,31,1.166781303273818,85,4.372420394348704,3,40
A_343,V15,113041.51,2024-01-04 00:00:00,0,101414.6991919192,81219.53730128995,0.14315111909381747,1.1146352182227734,,99,0,99,31,1.166781303273818,85,4.372420394348704,31,40
A_520,V26,164542.0,2024-01-04 00:00:00,0,82902.77408450704,83596.62150892465,0.9765735488871221,1.984734733937154,,71,0,99,31,1.166781303273818,85,4.372420394348704,30,40
C_1037,V1,87124.36,2024-01-04 00:00:00,1,86403.7311111111,33948.99747755859,0.021226183871301943,1.0083285820074308,1.0,162,0,99,31,1.166781303273818,85,4.372420394348704,18,40
C_252,V1,99569.98,2024-01-04 00:00:00,1,86403.7311111111,33948.99747755859,0.3878129563217777,1.1523672224841393,0.0,162,0,99,31,1.166781303273818,85,4.372420394348704,18,40
A_720,V3,38690.98,2024-01-05 00:00:00,0,83925.30547297298,30830.50022220062,-1.46714642968951,0.46101135730870185,2.0,148,1,102,29,1.189397284127447,90,4.425718836426676,16,40
C_473,V3,99032.81,2024-01-05 00:00:00,1,83925.30547297298,30830.50022220062,0.4900022515332766,1.1799972540420216,0.0,148,1,102,29,1.189397284127447,90,4.425718836426676,16,40
A_258,V16,66133.79,2024-01-05 00:00:00,0,96281.34727272727,92447.62699932391,-0.3261006490983122,0.6868734703015794,,121,1,102,29,1.189397284127447,90,4.425718836426676,26,40
C_545,V10,261466.97,2024-01-05 00:00:00,1,184110.51882978724,99924.56226640988,0.7741407645420499,1.4201554126644764,1.0,188,1,102,29,1.189397284127447,90,4.425718836426676,4,40
C_846,V3,99307.48,2024-01-05 00:00:00,1,83925.30547297298,30830.50022220062,0.4989109973945052,1.183270006231601,0.0,148,1,102,29,1.189397284127447,90,4.425718836426676,16,40
A_388,V30,94948.85,2024-01-05 00:00:00,0,73122.4169117647,57615.25065897187,0.3788242525086375,1.2984739227185083,,68,1,102,29,1.189397284127447,90,4.425718836426676,29,40
C_614,V7,172296.32,2024-01-05 00:00:00,1,144842.31624309393,63932.34127505827,0.42941606381546116,1.1895358686128883,0.0,181,1,102,29,1.189397284127447,90,4.425718836426676,3,40
C_574,V5,169569.67,2024-01-05 00:00:00,1,144407.3437244898,59983.82205994232,0.4194782181793541,1.174237344093596,0.0,196,1,102,29,1.189397284127447,90,4.425718836426676,3,40
C_357,V8,258543.03,2024-01-05 00:00:00,1,179937.1240782123,101867.69807590247,0.7716394477056961,1.4368440891804624,1.0,179,1,102,29,1.189397284127447,90,4.425718836426676,4,40
C_582,V5,174961.16,2024-01-05 00:00:00,1,144407.3437244898,59983.82205994232,0.5093591216287687,1.2115723751655276,3.0,196,1,102,29,1.189397284127447,90,4.425718836426676,3,40
A_1244,V37,75264.15,2024-01-05 00:00:00,0,72052.50544117647,51928.02541711314,0.061846809814480534,1.044559172231317,2.0,68,1,102,29,1.189397284127447,90,4.425718836426676,25,40
C_407,V2,90226.97,2024-01-05 00:00:00,1,89201.08671052632,40922.37405936534,0.02506839460464551,1.0114894541962856,1.0,152,1,102,29,1.189397284127447,90,4.425718836426676,20,40
D_696,V28,24681.86,2024-01-05 00:00:00,0,87976.94703125,91319.31227399668,-0.6931107160621612,0.2805459871805481,,64,1,102,29,1.189397284127447,90,4.425718836426676,26,40
C_448,V7,191047.18,2024-01-05 00:00:00,1,144842.31624309393,63932.34127505827,0.7227037228997688,1.3189920319095776,1.0,181,1,102,29,1.189397284127447,90,4.425718836426676,3,40
A_804,V35,35195.44,2024-01-05 00:00:00,0,75008.17954545454,56348.584614378604,-0.7065311983736541,0.4692151042483013,,66,1,102,29,1.189397284127447,90,4.425718836426676,29,40
C_645,V7,192085.89,2024-01-05 00:00:00,1,144842.31624309393,63932.34127505827,0.7389504883477253,1.3261632982609828,0.0,181,1,102,29,1.189397284127447,90,4.425718836426676,3,40
A_47,V11,38117.02,2024-01-05 00:00:00,0,182570.8592121212,102941.535881061,-1.4032473357662574,0.20877817734064766,3.0,165,1,102,29,1.189397284127447,90,4.425718836426676,4,40
D_551,V25,549185.04,2024-01-05 00:00:00,0,84963.20919354838,94781.91364408535,4.897737503086561,6.463722139153407,,62,1,102,29,1.189397284127447,90,4.425718836426676,26,40
C_944,V1,108265.36,2024-01-05 00:00:00,1,86403.7311111111,33948.99747755859,0.6439360975899846,1.2530026840865633,0.0,162,1,102,29,1.189397284127447,90,4.425718836426676,18,40
C_655,V1,96857.72,2024-01-05 00:00:00,1,86403.7311111111,33948.99747755859,0.3079231123890105,1.120977043206662,1.0,162,1,102,29,1.189397284127447,90,4.425718836426676,18,40
C_302,V7,211652.34,2024-01-06 00:00:00,1,144842.31624309393,63932.34127505827,1.0449950280163138,1.461250304741566,1.0,181,1,105,26,1.1621350595943425,97,4.4666095095778005,3,40
C_815,V4,90519.01,2024-01-06 00:00:00,1,81228.63022988506,33321.06049362434,0.27880568105602294,1.1143594984222553,2.0,174,1,105,26,1.1621350595943425,97,4.4666095095778005,16,40
C_370,V6,174149.38,2024-01-06 00:00:00,1,144506.03180487806,76560.92735485801,0.3871813213077507,1.2051273756362721,0.0,205,1,105,26,1.1621350595943425,97,4.4666095095778005,9,40
C_537,V7,174623.59,2024-01-06 00:00:00,1,144842.31624309393,63932.34127505827,0.4658175712853657,1.2056033687251757,0.0,181,1,105,26,1.1621350595943425,97,4.4666095095778005,3,40
C_795,V6,186930.96,2024-01-06 00:00:00,1,144506.03180487806,76560.92735485801,0.5541256556732957,1.2935769122460783,2.0,205,1,105,26,1.1621350595943425,97,4.4666095095778005,9,40
C_1028,V10,263863.62,2024-01-06 00:00:00,1,184110.51882978724,99924.56226640988,0.7981251179511439,1.4331727948208624,1.0,188,1,105,26,1.1621350595943425,97,4.4666095095778005,4,40
C_141,V10,266032.89,2024-01-06 00:00:00,1,184110.51882978724,99924.56226640988,0.819833977534206,1.4449551646247067,0.0,188,1,105,26,1.1621350595943425,97,4.4666095095778005,4,40
D_273,V29,23923.05,2024-01-06 00:00:00,0,74548.44014492753,60050.95281301047,-0.8430265424101139,0.3209018062844267,4.0,69,1,105,26,1.1621350595943425,97,4.4666095095778005,30,40
D_877,V10,7340.38,2024-01-06 00:00:00,0,184110.51882978724,99924.56226640988,-1.7690182053567365,0.03986920561329054,0.0,188,1,105,26,1.1621350595943425,97,4.4666095095778005,4,40
A_124,V21,17183.83,2024-01-06 00:00:00,0,99317.54854545454,98935.44463436803,-0.8301664654414249,0.17301732910580725,2.0,110,1,105,26,1.1621350595943425,97,4.4666095095778005,23,40
C_867,V3,101600.15,2024-01-06 00:00:00,1,83925.30547297298,30830.50022220062,0.573272283205344,1.2105876629195667,1.0,148,1,105,26,1.1621350595943425,97,4.4666095095778005,16,40
C_753,V1,89548.96,2024-01-06 00:00:00,1,86403.7311111111,33948.99747755859,0.09264297857364912,1.0363895454387286,1.0,162,1,105,26,1.1621350595943425,97,4.4666095095778005,18,40
C_75,V11,288349.92,2024-01-06 00:00:00,1,182570.8592121212,102941.535881061,1.027554449504674,1.579377683090692,1.0,165,1,105,26,1.1621350595943425,97,4.4666095095778005,4,40
C_592,V5,177976.3,2024-01-06 00:00:00,1,144407.3437244898,59983.82205994232,0.5596241702936957,1.232451639633462,1.0,196,1,105,26,1.1621350595943425,97,4.4666095095778005,3,40
C_935,V5,192748.28,2024-01-06 00:00:00,1,144407.3437244898,59983.82205994232,0.8058861327821147,1.3347447594007158,0.0,196,1,105,26,1.1621350595943425,97,4.4666095095778005,3,40
C_1046,V5,183899.48,2024-01-06 00:00:00,1,144407.3437244898,59983.82205994232,0.6583688159655797,1.2734685216724984,0.0,196,1,105,26,1.1621350595943425,97,4.4666095095778005,3,40
C_180,V9,255195.53,2024-01-06 00:00:00,1,188269.0858278146,100038.44686257221,0.6690005419974451,1.355475719246196,0.0,151,1,105,26,1.1621350595943425,97,4.4666095095778005,4,40
C_0,V9,268131.35,2024-01-06 00:00:00,1,188269.0858278146,100038.44686257221,0.7983077343669748,1.4241845634745383,2.0,151,1,105,26,1.1621350595943425,97,4.4666095095778005,4,40
B_385,V21,74829.17,2024-01-06 18:00:00,1,99317.54854545454,98935.44463436803,-0.24751625789621207,0.7534259319723482,0.0,110,1,88,26,1.1508805768955437,80,4.283447973183547,23,40
B_386,V21,85469.08,2024-01-06 19:00:00,1,99317.54854545454,98935.44463436803,-0.13997337984635774,0.8605550650076593,0.0,110,1,88,27,1.149490891802169,79,4.282544624607667,23,40
C_1029,V6,178451.59,2024-01-07 00:00:00,1,144506.03180487806,76560.92735485801,0.44337387220918784,1.2348990064438932,0.0,205,1,101,28,1.1782309952185817,91,4.423802836826222,9,40
C_285,V2,93777.51,2024-01-07 00:00:00,1,89201.08671052632,40922.37405936534,0.11182908043786678,1.051292783142188,2.0,152,1,101,28,1.1782309952185817,91,4.423802836826222,20,40
C_223,V2,91830.83,2024-01-07 00:00:00,1,89201.08671052632,40922.37405936534,0.0642601777081933,1.029469526850917,0.0,152,1,101,28,1.1782309952185817,91,4.423802836826222,20,40
A_453,V32,28559.02,2024-01-07 00:00:00,0,67081.75597222222,63875.16720999454,-0.6030846504233376,0.42572818582208793,,72,1,101,28,1.1782309952185817,91,4.423802836826222,30,40
C_116,V6,192019.58,2024-01-07 00:00:00,1,144506.03180487806,76560.92735485801,0.6205897609512974,1.3287905619657054,1.0,205,1,101,28,1.1782309952185817,91,4.423802836826222,9,40
C_670,V7,187413.0,2024-01-07 00:00:00,1,144842.31624309393,63932.34127505827,0.6658604557167699,1.2939016094153795,1.0,181,1,101,28,1.1782309952185817,91,4.423802836826222,3,40
C_832,V7,188802.57,2024-01-07 00:00:00,1,144842.31624309393,63932.34127505827,0.6875951245497612,1.3034952174329413,0.0,181,1,101,28,1.1782309952185817,91,4.423802836826222,3,40
C_771,V5,173780.97,2024-01-07 00:00:00,1,144407.3437244898,59983.82205994232,0.4896843112438909,1.203399786452429,1.0,196,1,101,28,1.1782309952185817,91,4.423802836826222,3,40
C_24,V10,259665.82,2024-01-07 00:00:00,1,184110.51882978724,99924.56226640988,0.7561158472021007,1.4103724832125437,0.0,188,1,101,28,1.1782309952185817,91,4.423802836826222,4,40
A_652,V9,124827.35,2024-01-07 00:00:00,0,188269.0858278146,100038.44686257221,-0.6341671992145936,0.6630227497434874,1.0,151,1,101,28,1.1782309952185817,91,4.423802836826222,4,40
C_767,V10,244588.95,2024-01-07 00:00:00,1,184110.51882978724,99924.56226640988,0.6052348347960479,1.3284826042097058,1.0,188,1,101,28,1.1782309952185817,91,4.423802836826222,4,40
A_598,V38,40487.75,2024-01-07 00:00:00,0,71190.65382978723,52355.46745943829,-0.5864204618765284,0.5687148397592017,5.0,47,1,101,28,1.1782309952185817,91,4.423802836826222,25,40
D_903,V33,90225.61,2024-01-07 00:00:00,0,88242.64793103449,64151.09930319075,0.030910322351164057,1.0224601103358113,6.0,58,1,101,28,1.1782309952185817,91,4.423802836826222,32,40
C_215,V1,98389.47,2024-01-07 00:00:00,1,86403.7311111111,33948.99747755859,0.3530409360652128,1.1387046604366753,0.0,162,1,101,28,1.1782309952185817,91,4.423802836826222,18,40
A_872,V34,22998.51,2024-01-07 00:00:00,0,87031.30054545455,69584.65178653522,-0.9202010601536804,0.2642525804311988,4.0,55,1,101,28,1.1782309952185817,91,4.423802836826222,32,40
A_1012,V24,10971.23,2024-01-07 00:00:00,0,69961.0374137931,66357.40093125252,-0.8889576389115632,0.15681690250257074,,58,1,101,28,1.1782309952185817,91,4.423802836826222,31,40
C_73,V3,104455.13,2024-01-07 00:00:00,1,83925.30547297298,30830.50022220062,0.6658717343972858,1.2446053643292803,1.0,148,1,101,28,1.1782309952185817,91,4.423802836826222,16,40
C_356,V1,90810.15,2024-01-07 00:00:00,1,86403.7311111111,33948.99747755859,0.12979143494197878,1.0509858526522557,1.0,162,1,101,28,1.1782309952185817,91,4.423802836826222,18,40
B_384,V21,272042.3,2024-01-07 04:00:00,1,99317.54854545454,98935.44463436803,1.745815226056195,2.739088558825404,0.0,110,1,85,26,1.1860251250791434,77,4.245644474170229,23,40
B_388,V19,198464.43,2024-01-07 20:00:00,1,75791.63586956522,77277.72834882235,1.587406997391465,2.618518642649477,,92,1,84,26,1.1713071273891327,75,4.232906903163693,32,40
B_387,V20,101898.88,2024-01-07 22:00:00,1,84574.58505376344,95035.94061676953,0.18229011617804167,1.2048261910955083,6.0,93,1,84,25,1.1545076715384277,76,4.228011519363083,26,40
D_745,V24,47665.3,2024-01-08 00:00:00,0,69961.0374137931,66357.40093125252,-0.3359896727603721,0.6813023428417585,1.0,58,1,112,30,1.133671987639815,103,4.515872804862352,31,40
A_1409,V6,60682.06,2024-01-08 00:00:00,0,144506.03180487806,76560.92735485801,-1.0948519022563408,0.41992461710746715,1.0,205,1,112,30,1.133671987639815,103,4.515872804862352,9,40
D_858,V34,19343.55,2024-01-08 00:00:00,0,87031.30054545455,69584.65178653522,-0.9727256813386935,0.22225713762325977,1.0,55,1,112,30,1.133671987639815,103,4.515872804862352,32,40
A_1396,V33,128160.24,2024-01-08 00:00:00,0,88242.64793103449,64151.09930319075,0.6222336057984641,1.452345216962945,1.0,58,1,112,30,1.133671987639815,103,4.515872804862352,32,40
D_473,V21,89209.64,2024-01-08 00:00:00,0,99317.54854545454,98935.44463436803,-0.10216567396180021,0.8982173149577588,0.0,110,1,112,30,1.133671987639815,103,4.515872804862352,23,40
A_1237,V18,84769.36,2024-01-08 00:00:00,0,93668.06014705882,102265.70386062763,-0.08701463732698622,0.9049878355447739,,136,1,112,30,1.133671987639815,103,4.515872804862352,23,40
C_851,V4,92876.92,2024-01-08 00:00:00,1,81228.63022988506,33321.06049362434,0.34956691145626045,1.1433872065790815,2.0,174,1,112,30,1.133671987639815,103,4.515872804862352,16,40
A_294,V18,308470.85,2024-01-08 00:00:00,0,93668.06014705882,102265.70386062763,2.1004176505549776,3.2931989444081755,0.0,136,1,112,30,1.133671987639815,103,4.515872804862352,23,40
C_859,V11,261580.09,2024-01-08 00:00:00,1,182570.8592121212,102941.535881061,0.7675081064562607,1.4327514170520828,2.0,165,1,112,30,1.133671987639815,103,4.515872804862352,4,40
C_818,V9,270248.35,2024-01-08 00:00:00,1,188269.0858278146,100038.44686257221,0.8194693867590377,1.4354290476457312,1.0,151,1,112,30,1.133671987639815,103,4.515872804862352,4,40
C_856,V1,80451.57,2024-01-08 00:00:00,1,86403.7311111111,33948.99747755859,-0.17532140068774843,0.9311014450880507,0.0,162,1,112,30,1.133671987639815,103,4.515872804862352,18,40
D_573,V31,14115.0,2024-01-08 00:00:00,0,67268.36175438597,41034.01405489689,-1.295317254754125,0.20982806484082184,,57,1,112,30,1.133671987639815,103,4.515872804862352,18,40
A_1054,V1,41394.36,2024-01-08 00:00:00,0,86403.7311111111,33948.99747755859,-1.3257547704050028,0.47907515558111546,0.0,162,1,112,30,1.133671987639815,103,4.515872804862352,18,40
C_1124,V3,107185.81,2024-01-08 00:00:00,1,83925.30547297298,30830.50022220062,0.7544395945507054,1.277142004475788,1.0,148,1,112,30,1.133671987639815,103,4.515872804862352,16,40
C_1072,V2,101434.05,2024-01-08 00:00:00,1,89201.08671052632,40922.37405936534,0.29892362422824625,1.1371264254071565,1.0,152,1,112,30,1.133671987639815,103,4.515872804862352,20,40
C_879,V1,103244.7,2024-01-08 00:00:00,1,86403.7311111111,33948.99747755859,0.49605213962154204,1.1948963751444783,1.0,162,1,112,30,1.133671987639815,103,4.515872804862352,18,40
C_1164,V8,233629.17,2024-01-08 00:00:00,1,179937.1240782123,101867.69807590247,0.5270710918655475,1.2983861602250018,0.0,179,1,112,30,1.133671987639815,103,4.515872804862352,4,40
A_719,V3,28913.56,2024-01-08 00:00:00,0,83925.30547297298,30830.50022220062,-1.7842707969611242,0.34451129281880655,0.0,148,1,112,30,1.133671987639815,103,4.515872804862352,16,40
A_246,V26,277301.89,2024-01-08 00:00:00,0,82902.77408450704,83596.62150892465,2.3254144365188605,3.3448644897316187,4.0,71,1,112,30,1.133671987639815,103,4.515872804862352,30,40
C_572,V8,272948.28,2024-01-08 00:00:00,1,179937.1240782123,101867.69807590247,0.9130494222325783,1.516900775743109,3.0,179,1,112,30,1.133671987639815,103,4.515872804862352,4,40
C_461,V1,93299.99,2024-01-09 00:00:00,1,86403.7311111111,33948.99747755859,0.20312987927163828,1.079801867330876,0.0,162,1,113,28,1.1353221177378525,103,4.539558015766008,18,40
C_632,V3,87914.7,2024-01-09 00:00:00,1,83925.30547297298,30830.50022220062,0.1293934611769039,1.0475225795362981,1.0,148,1,113,28,1.1353221177378525,103,4.539558015766008,16,40
C_778,V1,87807.9,2024-01-09 00:00:00,1,86403.7311111111,33948.99747755859,0.04135991143495855,1.016239491412623,0.0,162,1,113,28,1.1353221177378525,103,4.539558015766008,18,40
A_646,V9,159460.07,2024-01-09 00:00:00,0,188269.0858278146,100038.44686257221,-0.28797656056006155,0.8469750746586303,0.0,151,1,113,28,1.1353221177378525,103,4.539558015766008,4,40
C_426,V10,214311.07,2024-01-09 00:00:00,1,184110.51882978724,99924.56226640988,0.302230485225548,1.1640285809500737,0.0,188,1,113,28,1.1353221177378525,103,4.539558015766008,4,40
A_468,V10,295060.33,2024-01-09 00:00:00,0,184110.51882978724,99924.56226640988,1.1103246121789272,1.6026174346689626,2.0,188,1,113,28,1.1353221177378525,103,4.539558015766008,4,40
C_812,V9,264353.7,2024-01-09 00:00:00,1,188269.0858278146,100038.44686257221,0.7605461301351016,1.404119506493288,0.0,151,1,113,28,1.1353221177378525,103,4.539558015766008,4,40
C_799,V5,169769.49,2024-01-09 00:00:00,1,144407.3437244898,59983.82205994232,0.42280939418584956,1.1756210591535874,0.0,196,1,113,28,1.1353221177378525,103,4.539558015766008,3,40
C_1196,V1,95390.95,2024-01-09 00:00:00,1,86403.7311111111,33948.99747755859,0.26471928001849093,1.1040014681294845,1.0,162,1,113,28,1.1353221177378525,103,4.539558015766008,18,40
C_550,V5,187421.24,2024-01-09 00:00:00,1,144407.3437244898,59983.82205994232,0.7170796677954095,1.2978560321803327,2.0,196,1,113,28,1.1353221177378525,103,4.539558015766008,3,40
D_247,V7,76367.0,2024-01-09 00:00:00,0,144842.31624309393,63932.34127505827,-1.0710423525104822,0.5272386878510257,0.0,181,1,113,28,1.1353221177378525,103,4.539558015766008,3,40
C_371,V7,189592.72,2024-01-09 00:00:00,1,144842.31624309393,63932.34127505827,0.6999540906892057,1.308950422550407,0.0,181,1,113,28,1.1353221177378525,103,4.539558015766008,3,40
C_605,V7,197783.53,2024-01-09 00:00:00,1,144842.31624309393,63932.34127505827,0.8280689340032904,1.3654998734498407,2.0,181,1,113,28,1.1353221177378525,103,4.539558015766008,3,40
A_777,V31,79948.63,2024-01-09 00:00:00,0,67268.36175438597,41034.01405489689,0.3090109395027937,1.1884850385812875,1.0,57,1,113,28,1.1353221177378525,103,4.539558015766008,18,40
C_1121,V4,100503.46,2024-01-09 00:00:00,1,81228.63022988506,33321.06049362434,0.5784405131190157,1.2372758526115257,0.0,174,1,113,28,1.1353221177378525,103,4.539558015766008,16,40
C_664,V4,95642.01,2024-01-09 00:00:00,1,81228.63022988506,33321.06049362434,0.4325476743214216,1.177427617598738,1.0,174,1,113,28,1.1353221177378525,103,4.539558015766008,16,40
C_235,V6,195734.01,2024-01-09 00:00:00,1,144506.03180487806,76560.92735485801,0.669105127901034,1.3544947090484265,1.0,205,1,113,28,1.1353221177378525,103,4.539558015766008,9,40
C_28,V11,251559.62,2024-01-09 00:00:00,1,182570.8592121212,102941.535881061,0.6701676833334266,1.3778663430694724,1.0,165,1,113,28,1.1353221177378525,103,4.539558015766008,4,40
A_103,V6,85060.45,2024-01-09 00:00:00,0,144506.03180487806,76560.92735485801,-0.7764378962059413,0.588624988954542,0.0,205,1,113,28,1.1353221177378525,103,4.539558015766008,9,40
C_95,V9,244080.6,2024-01-09 00:00:00,1,188269.0858278146,100038.44686257221,0.5578950696204439,1.2964385655150112,1.0,151,1,113,28,1.1353221177378525,103,4.539558015766008,4,40
C_536,V5,163941.52,2024-01-09 00:00:00,1,144407.3437244898,59983.82205994232,0.32565198336322243,1.1352634880487007,0.0,196,1,113,28,1.1353221177378525,103,4.539558015766008,3,40
C_1168,V3,101871.16,2024-01-10 00:00:00,1,83925.30547297298,30830.50022220062,0.5820623193063075,1.2138168054211067,0.0,148,1,109,31,1.1213084683757586,95,4.4861989241018465,16,40
C_291,V5,179141.55,2024-01-10 00:00:00,1,144407.3437244898,59983.82205994232,0.5790499176741842,1.2405207717206155,1.0,196,1,109,31,1.1213084683757586,95,4.4861989241018465,3,40
A_177,V3,42239.68,2024-01-10 00:00:00,0,83925.30547297298,30830.50022220062,-1.3520466137731666,0.5032948818842331,1.0,148,1,109,31,1.1213084683757586,95,4.4861989241018465,16,40
C_410,V8,263349.06,2024-01-10 00:00:00,1,179937.1240782123,101867.69807590247,0.8188181207502757,1.4635534373223327,2.0,179,1,109,31,1.1213084683757586,95,4.4861989241018465,4,40
C_1039,V6,193010.38,2024-01-10 00:00:00,1,144506.03180487806,76560.92735485801,0.6335309189684897,1.3356469757168221,0.0,205,1,109,31,1.1213084683757586,95,4.4861989241018465,9,40
A_890,V17,19547.53,2024-01-10 00:00:00,0,105661.17514285714,95526.67662806554,-0.9014523139523043,0.1850002611963211,9.0,105,1,109,31,1.1213084683757586,95,4.4861989241018465,24,40
C_76,V1,100457.09,2024-01-10 00:00:00,1,86403.7311111111,33948.99747755859,0.4139428551704121,1.1626341371379125,1.0,162,1,109,31,1.1213084683757586,95,4.4861989241018465,18,40
C_1186,V7,181424.15,2024-01-10 00:00:00,1,144842.31624309393,63932.34127505827,0.5721871096885313,1.2525545168788568,0.0,181,1,109,31,1.1213084683757586,95,4.4861989241018465,3,40
C_985,V7,182158.97,2024-01-10 00:00:00,1,144842.31624309393,63932.34127505827,0.5836806431930389,1.257627723009865,0.0,181,1,109,31,1.1213084683757586,95,4.4861989241018465,3,40
C_170,V7,184274.6,2024-01-10 00:00:00,1,144842.31624309393,63932.34127505827,0.6167718278207592,1.2722340580129194,1.0,181,1,109,31,1.1213084683757586,95,4.4861989241018465,3,40
A_694,V16,35001.03,2024-01-10 00:00:00,0,96281.34727272727,92447.62699932391,-0.6628580570826155,0.3635248931027496,5.0,121,1,109,31,1.1213084683757586,95,4.4861989241018465,26,40
C_895,V11,270591.93,2024-01-10 00:00:00,1,182570.8592121212,102941.535881061,0.8550505389684362,1.482111926600981,0.0,165,1,109,31,1.1213084683757586,95,4.4861989241018465,4,40
C_873,V11,268576.51,2024-01-10 00:00:00,1,182570.8592121212,102941.535881061,0.8354724317967945,1.471072875957046,1.0,165,1,109,31,1.1213084683757586,95,4.4861989241018465,4,40
C_1071,V1,100141.25,2024-01-10 00:00:00,1,86403.7311111111,33948.99747755859,0.4046397616956992,1.15897878174315,0.0,162,1,109,31,1.1213084683757586,95,4.4861989241018465,18,40
A_355,V20,61894.03,2024-01-10 00:00:00,0,84574.58505376344,95035.94061676953,-0.23864988610293497,0.73181911730974,2.0,93,1,109,31,1.1213084683757586,95,4.4861989241018465,26,40
C_155,V6,166960.5,2024-01-10 00:00:00,1,144506.03180487806,76560.92735485801,0.29328504350533646,1.1553797619027975,1.0,205,1,109,31,1.1213084683757586,95,4.4861989241018465,9,40
C_1013,V10,269147.44,2024-01-10 00:00:00,1,184110.51882978724,99924.56226640988,0.8510026788090244,1.4618718139457056,1.0,188,1,109,31,1.1213084683757586,95,4.4861989241018465,4,40
A_945,V39,52145.82,2024-01-10 00:00:00,0,59686.60327868852,62062.45272865382,-0.12150118865699275,0.873645734383486,6.0,61,1,109,31,1.1213084683757586,95,4.4861989241018465,26,40
C_301,V4,81335.04,2024-01-10 00:00:00,1,81228.63022988506,33321.06049362434,0.003193373054925258,1.0012976763505708,1.0,174,1,109,31,1.1213084683757586,95,4.4861989241018465,16,40
C_1063,V2,79014.08,2024-01-10 00:00:00,1,89201.08671052632,40922.37405936534,-0.24892880767232367,0.8857873499799632,2.0,152,1,109,31,1.1213084683757586,95,4.4861989241018465,20,40
C_198,V4,97174.37,2024-01-10 00:00:00,1,81228.63022988506,33321.06049362434,0.4785340262246358,1.1962921624164766,0.0,174,1,109,31,1.1213084683757586,95,4.4861989241018465,16,40
A_1476,V10,17608.43,2024-01-10 00:00:00,0,184110.51882978724,99924.56226640988,-1.6662612153822942,0.09564002356788524,0.0,188,1,109,31,1.1213084683757586,95,4.4861989241018465,4,40
C_120,V10,284338.87,2024-01-10 00:00:00,1,184110.51882978724,99924.56226640988,1.0030301446090002,1.5443839245217126,0.0,188,1,109,31,1.1213084683757586,95,4.4861989241018465,4,40
B_209,V12,11237.8,2024-01-10 02:00:00,1,101944.13491379311,108863.03469822774,-0.8332075433841124,0.11023380379557016,,116,1,86,29,1.1235748832427037,72,4.249514739441641,18,40
B_213,V14,62549.73,2024-01-10 19:00:00,1,101404.49841584158,100941.99680096707,-0.38491792048192225,0.616827795111241,8.0,101,1,85,29,1.1331283871904603,71,4.246079804762224,21,40
C_732,V6,176556.36,2024-01-11 00:00:00,1,144506.03180487806,76560.92735485801,0.4186196625715989,1.221783866119379,1.0,205,1,104,30,1.162703992262976,91,4.4415825607966966,9,40
C_896,V8,277861.19,2024-01-11 00:00:00,1,179937.1240782123,101867.69807590247,0.9612772890139851,1.5442041058470979,0.0,179,1,104,30,1.162703992262976,91,4.4415825607966966,4,40
C_391,V7,155239.16,2024-01-11 00:00:00,1,144842.31624309393,63932.34127505827,0.1626200594174499,1.0717730305170485,1.0,181,1,104,30,1.162703992262976,91,4.4415825607966966,3,40
C_735,V11,295070.17,2024-01-11 00:00:00,1,182570.8592121212,102941.535881061,1.0928360159872068,1.6161864773320436,0.0,165,1,104,30,1.162703992262976,91,4.4415825607966966,4,40
D_172,V24,101221.42,2024-01-11 00:00:00,0,69961.0374137931,66357.40093125252,0.47108402474304245,1.4468049208075817,3.0,58,1,104,30,1.162703992262976,91,4.4415825607966966,31,40
A_792,V20,36671.52,2024-01-11 00:00:00,0,84574.58505376344,95035.94061676953,-0.5040467921513755,0.4335946358123146,1.0,93,1,104,30,1.162703992262976,91,4.4415825607966966,26,40
C_567,V11,268876.53,2024-01-11 00:00:00,1,182570.8592121212,102941.535881061,0.8383868733095493,1.4727161741153423,1.0,165,1,104,30,1.162703992262976,91,4.4415825607966966,4,40
C_1085,V10,254000.27,2024-01-11 00:00:00,1,184110.51882978724,99924.56226640988,0.6994181427158833,1.3796001011475307,1.0,188,1,104,30,1.162703992262976,91,4.4415825607966966,4,40
D_262,V2,28766.97,2024-01-11 00:00:00,0,89201.08671052632,40922.37405936534,-1.4767628060887108,0.3224921194204008,0.0,152,1,104,30,1.162703992262976,91,4.4415825607966966,20,40
D_987,V15,156628.96,2024-01-11 00:00:00,0,101414.6991919192,81219.53730128995,0.6798066430324375,1.5444251851342576,7.0,99,1,104,30,1.162703992262976,91,4.4415825607966966,31,40
C_1189,V2,99806.3,2024-01-11 00:00:00,1,89201.08671052632,40922.37405936534,0.2591480671679044,1.1188785339056686,1.0,152,1,104,30,1.162703992262976,91,4.4415825607966966,20,40
C_166,V8,265693.25,2024-01-11 00:00:00,1,179937.1240782123,101867.69807590247,0.8418299982384256,1.4765811934579978,1.0,179,1,104,30,1.162703992262976,91,4.4415825607966966,4,40
C_495,V9,267077.94,2024-01-11 00:00:00,1,188269.0858278146,100038.44686257221,0.7877777881004078,1.4185893570169208,2.0,151,1,104,30,1.162703992262976,91,4.4415825607966966,4,40
C_719,V9,256100.36,2024-01-11 00:00:00,1,188269.0858278146,100038.44686257221,0.6780452741343889,1.3602817403197056,0.0,151,1,104,30,1.162703992262976,91,4.4415825607966966,4,40
B_211,V15,47317.44,2024-01-11 01:00:00,1,101414.6991919192,81219.53730128995,-0.6660539438595909,0.4665691838347081,0.0,99,1,90,28,1.1355828450713283,78,4.290152987981622,31,40
B_210,V12,24593.0,2024-01-11 02:00:00,1,101944.13491379311,108863.03469822774,-0.710529745918487,0.2412376031558185,1.0,116,1,89,27,1.1417058383701117,78,4.281549256965767,18,40
B_212,V12,52594.17,2024-01-11 22:00:00,1,101944.13491379311,108863.03469822774,-0.4533174344547466,0.5159066202077687,0.0,116,1,88,27,1.1500671503797608,77,4.275782935447122,18,40
C_831,V5,199179.86,2024-01-12 00:00:00,1,144407.3437244898,59983.82205994232,0.9131062557921149,1.379282213637228,0.0,196,1,102,30,1.1633317159621284,90,4.429307152946608,3,40
C_205,V7,171031.46,2024-01-12 00:00:00,1,144842.31624309393,63932.34127505827,0.40963202039188584,1.1808032599374754,1.0,181,1,102,30,1.1633317159621284,90,4.429307152946608,3,40
A_1246,V5,92512.62,2024-01-12 00:00:00,0,144407.3437244898,59983.82205994232,-0.8651309104931885,0.6406320965532343,0.0,196,1,102,30,1.1633317159621284,90,4.429307152946608,3,40
C_53,V6,173851.14,2024-01-12 00:00:00,1,144506.03180487806,76560.92735485801,0.3832859125804119,1.2030635314324643,0.0,205,1,102,30,1.1633317159621284,90,4.429307152946608,9,40
C_600,V10,257996.03,2024-01-12 00:00:00,1,184110.51882978724,99924.56226640988,0.7394055084046245,1.4013030343773312,1.0,188,1,102,30,1.1633317159621284,90,4.429307152946608,4,40
C_129,V6,169390.1,2024-01-12 00:00:00,1,144506.03180487806,76560.92735485801,0.32501883187692504,1.1721927845609654,1.0,205,1,102,30,1.1633317159621284,90,4.429307152946608,9,40
A_713,V22,14783.39,2024-01-12 00:00:00,0,85951.16571428571,86159.38158415664,-0.8259918817185485,0.1719955498171109,,91,1,102,30,1.1633317159621284,90,4.429307152946608,29,40
C_236,V5,177308.17,2024-01-12 00:00:00,1,144407.3437244898,59983.82205994232,0.5484858526817451,1.2278249679137538,0.0,196,1,102,30,1.1633317159621284,90,4.429307152946608,3,40
A_503,V14,92454.37,2024-01-12 00:00:00,0,101404.49841584158,100941.99680096707,-0.08866517440024957,0.91172935831216,1.0,101,1,102,30,1.1633317159621284,90,4.429307152946608,21,40
C_329,V4,97212.65,2024-01-12 00:00:00,1,81228.63022988506,33321.06049362434,0.4796828147278955,1.1967634190243384,2.0,174,1,102,30,1.1633317159621284,90,4.429307152946608,16,40
A_188,V33,37485.81,2024-01-12 00:00:00,0,88242.64793103449,64151.09930319075,-0.7911952762629232,0.4247989614991492,4.0,58,1,102,30,1.1633317159621284,90,4.429307152946608,32,40
A_584,V28,179353.77,2024-01-12 00:00:00,0,87976.94703125,91319.31227399668,1.0006188184572098,2.038621905286026,7.0,64,1,102,30,1.1633317159621284,90,4.429307152946608,26,40
C_156,V10,246558.27,2024-01-12 00:00:00,1,184110.51882978724,99924.56226640988,0.6249427048878828,1.3391789474505684,0.0,188,1,102,30,1.1633317159621284,90,4.429307152946608,4,40
C_865,V10,254971.34,2024-01-12 00:00:00,1,184110.51882978724,99924.56226640988,0.7091360765255631,1.384874458809518,0.0,188,1,102,30,1.1633317159621284,90,4.429307152946608,4,40
D_505,V6,101535.17,2024-01-12 00:00:00,0,144506.03180487806,76560.92735485801,-0.5612562704398987,0.7026313441763774,0.0,205,1,102,30,1.1633317159621284,90,4.429307152946608,9,40
C_1146,V5,177589.17,2024-01-12 00:00:00,1,144407.3437244898,59983.82205994232,0.5531703710373918,1.2297708388568906,0.0,196,1,102,30,1.1633317159621284,90,4.429307152946608,3,40
A_656,V22,194843.86,2024-01-12 00:00:00,0,85951.16571428571,86159.38158415664,1.2638371869251064,2.266887150321285,0.0,91,1,102,30,1.1633317159621284,90,4.429307152946608,29,40
D_717,V1,25642.58,2024-01-12 00:00:00,0,86403.7311111111,33948.99747755859,-1.7897247606947557,0.29677286961318405,2.0,162,1,102,30,1.1633317159621284,90,4.429307152946608,18,40
D_849,V11,119594.53,2024-01-12 00:00:00,0,182570.8592121212,102941.535881061,-0.6117619764572689,0.6550545659999498,0.0,165,1,102,30,1.1633317159621284,90,4.429307152946608,4,40
C_160,V8,268151.85,2024-01-12 00:00:00,1,179937.1240782123,101867.69807590247,0.8659649881463959,1.4902447792744826,1.0,179,1,102,30,1.1633317159621284,90,4.429307152946608,4,40
C_906,V11,231522.15,2024-01-12 00:00:00,1,182570.8592121212,102941.535881061,0.4755205452140477,1.2681152013192016,1.0,165,1,102,30,1.1633317159621284,90,4.429307152946608,4,40
C_1188,V2,84280.07,2024-01-12 00:00:00,1,89201.08671052632,40922.37405936534,-0.12024953522619262,0.9448217312841687,1.0,152,1,102,30,1.1633317159621284,90,4.429307152946608,20,40
C_387,V5,188176.35,2024-01-12 00:00:00,1,144407.3437244898,59983.82205994232,0.7296680188827136,1.303085023667422,2.0,196,1,102,30,1.1633317159621284,90,4.429307152946608,3,40
C_532,V9,215957.57,2024-01-12 00:00:00,1,188269.0858278146,100038.44686257221,0.2767756624066713,1.147062577947234,1.0,151,1,102,30,1.1633317159621284,90,4.429307152946608,4,40
D_236,V12,70470.33,2024-01-12 00:00:00,0,101944.13491379311,108863.03469822774,-0.2891111375858779,0.6912574107591417,0.0,116,1,102,30,1.1633317159621284,90,4.429307152946608,18,40
A_244,V30,110263.08,2024-01-12 00:00:00,0,73122.4169117647,57615.25065897187,0.6446213119293254,1.5079038242024487,7.0,68,1,102,30,1.1633317159621284,90,4.429307152946608,29,40
D_142,V32,23098.37,2024-01-12 00:00:00,0,67081.75597222222,63875.16720999454,-0.6885727164503423,0.34432649143938904,5.0,72,1,102,30,1.1633317159621284,90,4.429307152946608,30,40
A_817,V16,16725.11,2024-01-12 00:00:00,0,96281.34727272727,92447.62699932391,-0.8605453629214967,0.17370899727470104,2.0,121,1,102,30,1.1633317159621284,90,4.429307152946608,26,40
A_836,V13,14827.64,2024-01-12 00:00:00,0,91248.5117,99126.94924086498,-0.7709316321505811,0.1624955544830603,,100,1,102,30,1.1633317159621284,90,4.429307152946608,24,40
C_1097,V3,79857.9,2024-01-13 00:00:00,1,83925.30547297298,30830.50022220062,-0.13192369633846734,0.9515240728154876,0.0,148,1,102,25,1.1671470688301635,97,4.415305438927672,16,40
A_56,V1,22180.8,2024-01-13 00:00:00,0,86403.7311111111,33948.99747755859,-1.8916917785800527,0.2567081653373456,1.0,162,1,102,25,1.1671470688301635,97,4.415305438927672,18,40
C_220,V11,269464.39,2024-01-13 00:00:00,1,182570.8592121212,102941.535881061,0.8440974378975366,1.4759360569742717,1.0,165,1,102,25,1.1671470688301635,97,4.415305438927672,4,40
C_551,V1,85584.3,2024-01-13 00:00:00,1,86403.7311111111,33948.99747755859,-0.024136411546208717,0.9905047894882506,0.0,162,1,102,25,1.1671470688301635,97,4.415305438927672,18,40
A_356,V18,242293.65,2024-01-13 00:00:00,0,93668.06014705882,102265.70386062763,1.4533135834268494,2.5866988482600672,5.0,136,1,102,25,1.1671470688301635,97,4.415305438927672,23,40
C_919,V3,82342.21,2024-01-13 00:00:00,1,83925.30547297298,30830.50022220062,-0.05134668963766618,0.9811251613657281,0.0,148,1,102,25,1.1671470688301635,97,4.415305438927672,16,40
C_603,V3,88602.96,2024-01-13 00:00:00,1,83925.30547297298,30830.50022220062,0.1517167342917301,1.055723345626516,3.0,148,1,102,25,1.1671470688301635,97,4.415305438927672,16,40
C_562,V8,244739.98,2024-01-13 00:00:00,1,179937.1240782123,101867.69807590247,0.6361410045066349,1.3601341086206988,0.0,179,1,102,25,1.1671470688301635,97,4.415305438927672,4,40
A_1345,V31,91329.69,2024-01-13 00:00:00,0,67268.36175438597,41034.01405489689,0.5863609115236231,1.3576714215524022,4.0,57,1,102,25,1.1671470688301635,97,4.415305438927672,18,40
C_816,V4,93000.78,2024-01-13 00:00:00,1,81228.63022988506,33321.06049362434,0.3532839685099111,1.1449120196263582,0.0,174,1,102,25,1.1671470688301635,97,4.415305438927672,16,40
C_982,V4,92944.44,2024-01-13 00:00:00,1,81228.63022988506,33321.06049362434,0.3515931967159287,1.1442184303555398,1.0,174,1,102,25,1.1671470688301635,97,4.415305438927672,16,40
C_914,V8,270003.09,2024-01-13 00:00:00,1,179937.1240782123,101867.69807590247,0.8841377932864075,1.5005329825637166,1.0,179,1,102,25,1.1671470688301635,97,4.415305438927672,4,40
A_1285,V14,19293.36,2024-01-13 00:00:00,0,101404.49841584158,100941.99680096707,-0.8134406647124124,0.19025950566193353,1.0,101,1,102,25,1.1671470688301635,97,4.415305438927672,21,40
C_957,V2,87656.19,2024-01-13 00:00:00,1,89201.08671052632,40922.37405936534,-0.0377509613035625,0.9826697248065175,1.0,152,1,102,25,1.1671470688301635,97,4.415305438927672,20,40
C_377,V2,96787.39,2024-01-13 00:00:00,1,89201.08671052632,40922.37405936534,0.18537824565659322,1.0850350431160773,0.0,152,1,102,25,1.1671470688301635,97,4.415305438927672,20,40
A_879,V36,104381.94,2024-01-13 00:00:00,0,77526.48523809524,111324.58196102447,0.2412334549601274,1.3463862484308868,10.0,63,1,102,25,1.1671470688301635,97,4.415305438927672,20,40
C_210,V2,96395.0,2024-01-13 00:00:00,1,89201.08671052632,40922.37405936534,0.17578983783296703,1.0806361549905859,0.0,152,1,102,25,1.1671470688301635,97,4.415305438927672,20,40
C_87,V4,97664.1,2024-01-13 00:00:00,1,81228.63022988506,33321.06049362434,0.4932308964885174,1.2023211200593225,0.0,174,1,102,25,1.1671470688301635,97,4.415305438927672,16,40
C_388,V5,166155.69,2024-01-13 00:00:00,1,144407.3437244898,59983.82205994232,0.36256415420849747,1.15059618935178,1.0,196,1,102,25,1.1671470688301635,97,4.415305438927672,3,40
C_451,V9,275020.5,2024-01-13 00:00:00,1,188269.0858278146,100038.44686257221,0.8671720695473152,1.4607764095434916,1.0,151,1,102,25,1.1671470688301635,97,4.415305438927672,4,40
C_1067,V9,250572.71,2024-01-13 00:00:00,1,188269.0858278146,100038.44686257221,0.622790570381443,1.3309215263712433,0.0,151,1,102,25,1.1671470688301635,97,4.415305438927672,4,40
C_734,V9,267190.41,2024-01-14 00:00:00,1,188269.0858278146,100038.44686257221,0.7889020446164846,1.4191867434764078,0.0,151,1,105,26,1.1755554649321538,99,4.456855555402067,4,40
A_686,V9,52054.27,2024-01-14 00:00:00,0,188269.0858278146,100038.44686257221,-1.3616110454402832,0.27648720597921783,1.0,151,1,105,26,1.1755554649321538,99,4.456855555402067,4,40
C_37,V2,86549.38,2024-01-14 00:00:00,1,89201.08671052632,40922.37405936534,-0.0647968739498269,0.9702618312155104,1.0,152,1,105,26,1.1755554649321538,99,4.456855555402067,20,40
C_1165,V6,177274.73,2024-01-14 00:00:00,1,144506.03180487806,76560.92735485801,0.4280025245869507,1.2267550428920777,2.0,205,1,105,26,1.1755554649321538,99,4.456855555402067,9,40
C_710,V11,247129.84,2024-01-14 00:00:00,1,182570.8592121212,102941.535881061,0.6271361030242129,1.3536031295648476,1.0,165,1,105,26,1.1755554649321538,99,4.456855555402067,4,40
C_752,V1,127420.4,2024-01-14 00:00:00,1,86403.7311111111,33948.99747755859,1.2081493942967585,1.4746923966020482,1.0,162,1,105,26,1.1755554649321538,99,4.456855555402067,18,40
C_531,V10,250824.51,2024-01-14 00:00:00,1,184110.51882978724,99924.56226640988,0.667636885468282,1.3623509902815452,2.0,188,1,105,26,1.1755554649321538,99,4.456855555402067,4,40
A_312,V38,104797.36,2024-01-14 00:00:00,0,71190.65382978723,52355.46745943829,0.6418826135710669,1.4720455890877455,7.0,47,1,105,26,1.1755554649321538,99,4.456855555402067,25,40
D_759,V25,19142.14,2024-01-14 00:00:00,0,84963.20919354838,94781.91364408535,-0.6944402388885178,0.22529651228076783,9.0,62,1,105,26,1.1755554649321538,99,4.456855555402067,26,40
C_1192,V8,252274.16,2024-01-14 00:00:00,1,179937.1240782123,101867.69807590247,0.7101007207129446,1.4020050575293648,0.0,179,1,105,26,1.1755554649321538,99,4.456855555402067,4,40
D_928,V5,62126.09,2024-01-14 00:00:00,0,144407.3437244898,59983.82205994232,-1.3717012220569202,0.4302112218565956,0.0,196,1,105,26,1.1755554649321538,99,4.456855555402067,3,40
C_1068,V8,255610.54,2024-01-14 00:00:00,1,179937.1240782123,101867.69807590247,0.742852489048239,1.4205468758187996,1.0,179,1,105,26,1.1755554649321538,99,4.456855555402067,4,40
A_963,V5,50055.27,2024-01-14 00:00:00,0,144407.3437244898,59983.82205994232,-1.5729324599847039,0.34662311545860675,0.0,196,1,105,26,1.1755554649321538,99,4.456855555402067,3,40
C_327,V5,182930.53,2024-01-14 00:00:00,1,144407.3437244898,59983.82205994232,0.6422155630805125,1.2667587293224896,1.0,196,1,105,26,1.1755554649321538,99,4.456855555402067,3,40
A_840,V40,89135.12,2024-01-14 00:00:00,0,57973.75227272727,46945.974214180664,0.6637566797193122,1.5374816882474427,,66,1,105,26,1.1755554649321538,99,4.456855555402067,19,40
C_1110,V4,94574.06,2024-01-14 00:00:00,1,81228.63022988506,33321.06049362434,0.4004983357097132,1.1642803215076734,1.0,174,1,105,26,1.1755554649321538,99,4.456855555402067,16,40
C_705,V10,244006.75,2024-01-14 00:00:00,1,184110.51882978724,99924.56226640988,0.5994084978028387,1.3253203903313973,0.0,188,1,105,26,1.1755554649321538,99,4.456855555402067,4,40
A_1391,V6,36187.75,2024-01-15 00:00:00,0,144506.03180487806,76560.92735485801,-1.4147799767739917,0.2504220697637942,1.0,205,1,111,30,1.1863401064192198,102,4.500863396261742,9,40
C_1140,V6,189914.99,2024-01-15 00:00:00,1,144506.03180487806,76560.92735485801,0.59310103290184,1.3142266340120696,0.0,205,1,111,30,1.1863401064192198,102,4.500863396261742,9,40
C_749,V7,157859.9,2024-01-15 00:00:00,1,144842.31624309393,63932.34127505827,0.20361181657784713,1.0898666510442223,3.0,181,1,111,30,1.1863401064192198,102,4.500863396261742,3,40
C_219,V9,271611.87,2024-01-15 00:00:00,1,188269.0858278146,100038.44686257221,0.833099210221308,1.4426714090331214,0.0,151,1,111,30,1.1863401064192198,102,4.500863396261742,4,40
C_147,V9,280621.98,2024-01-15 00:00:00,1,188269.0858278146,100038.44686257221,0.9231647821789127,1.490528772885605,1.0,151,1,111,30,1.1863401064192198,102,4.500863396261742,4,40
D_14,V14,466338.16,2024-01-15 00:00:00,0,101404.49841584158,100941.99680096707,3.615244971414027,4.598746293693564,2.0,101,1,111,30,1.1863401064192198,102,4.500863396261742,21,40
C_225,V10,235819.72,2024-01-15 00:00:00,1,184110.51882978724,99924.56226640988,0.5174772100091038,1.280852613127468,1.0,188,1,111,30,1.1863401064192198,102,4.500863396261742,4,40
C_462,V1,104431.59,2024-01-15 00:00:00,1,86403.7311111111,33948.99747755859,0.531012083308859,1.2086327757412667,1.0,162,1,111,30,1.1863401064192198,102,4.500863396261742,18,40
C_88,V11,224825.44,2024-01-15 00:00:00,1,182570.8592121212,102941.535881061,0.4104676499974647,1.2314353426109688,1.0,165,1,111,30,1.1863401064192198,102,4.500863396261742,4,40
C_270,V6,199660.32,2024-01-15 00:00:00,1,144506.03180487806,76560.92735485801,0.7203879277945358,1.381665082358021,0.0,205,1,111,30,1.1863401064192198,102,4.500863396261742,9,40
D_359,V16,44221.88,2024-01-15 00:00:00,0,96281.34727272727,92447.62699932391,-0.5631177980945893,0.4592937464926781,3.0,121,1,111,30,1.1863401064192198,102,4.500863396261742,26,40
C_665,V3,98495.69,2024-01-15 00:00:00,1,83925.30547297298,30830.50022220062,0.47258110769891865,1.1735973535939677,2.0,148,1,111,30,1.1863401064192198,102,4.500863396261742,16,40
C_424,V4,87130.19,2024-01-15 00:00:00,1,81228.63022988506,33321.06049362434,0.17710668796259194,1.0726404854166636,1.0,174,1,111,30,1.1863401064192198,102,4.500863396261742,16,40
C_621,V1,98182.82,2024-01-15 00:00:00,1,86403.7311111111,33948.99747755859,0.3469540431240103,1.136313008991869,0.0,162,1,111,30,1.1863401064192198,102,4.500863396261742,18,40
D_708,V32,45385.72,2024-01-15 00:00:00,0,67081.75597222222,63875.16720999454,-0.33965776157006955,0.6765631396955937,0.0,72,1,111,30,1.1863401064192198,102,4.500863396261742,30,40
C_990,V6,183215.24,2024-01-15 00:00:00,1,144506.03180487806,76560.92735485801,0.5055934396179455,1.2678638382621272,0.0,205,1,111,30,1.1863401064192198,102,4.500863396261742,9,40
C_993,V11,257518.99,2024-01-15 00:00:00,1,182570.8592121212,102941.535881061,0.7280579417090839,1.4105075728061762,0.0,165,1,111,30,1.1863401064192198,102,4.500863396261742,4,40
A_611,V37,40268.77,2024-01-15 00:00:00,0,72052.50544117647,51928.02541711314,-0.6120610811752726,0.5588731561835654,10.0,68,1,111,30,1.1863401064192198,102,4.500863396261742,25,40
A_383,V32,32318.51,2024-01-15 00:00:00,0,67081.75597222222,63875.16720999454,-0.5442287396164075,0.4817707551160021,3.0,72,1,111,30,1.1863401064192198,102,4.500863396261742,30,40
C_1041,V2,93625.83,2024-01-15 00:00:00,1,89201.08671052632,40922.37405936534,0.10812264118434974,1.0495923744904014,1.0,152,1,111,30,1.1863401064192198,102,4.500863396261742,20,40
D_887,V40,36689.63,2024-01-16 00:00:00,0,57973.75227272727,46945.974214180664,-0.4533651556674393,0.6328553130749588,2.0,66,0,120,31,1.20767441939523,111,4.540195562749259,19,40
C_1143,V1,98303.84,2024-01-16 00:00:00,1,86403.7311111111,33948.99747755859,0.3505186972916574,1.1377136267409638,1.0,162,0,120,31,1.20767441939523,111,4.540195562749259,18,40
C_693,V4,100877.06,2024-01-16 00:00:00,1,81228.63022988506,33321.06049362434,0.589652304780923,1.2418751595262891,0.0,174,0,120,31,1.20767441939523,111,4.540195562749259,16,40
C_450,V2,88245.41,2024-01-16 00:00:00,1,89201.08671052632,40922.37405936534,-0.023352832763495125,0.989275175662304,1.0,152,0,120,31,1.20767441939523,111,4.540195562749259,20,40
D_541,V35,185410.16,2024-01-16 00:00:00,0,75008.17954545454,56348.584614378604,1.959233261612623,2.4718329292969266,11.0,66,0,120,31,1.20767441939523,111,4.540195562749259,29,40
C_1178,V8,271851.89,2024-01-16 00:00:00,1,179937.1240782123,101867.69807590247,0.9022866460244924,1.5108076256360006,2.0,179,0,120,31,1.20767441939523,111,4.540195562749259,4,40
C_140,V4,94419.66,2024-01-16 00:00:00,1,81228.63022988506,33321.06049362434,0.39586476870597,1.1623795372795163,1.0,174,0,120,31,1.20767441939523,111,4.540195562749259,16,40
C_672,V6,178816.59,2024-01-16 00:00:00,1,144506.03180487806,76560.92735485801,0.4481412548053476,1.2374248350865633,1.0,205,0,120,31,1.20767441939523,111,4.540195562749259,9,40
C_951,V5,182623.91,2024-01-16 00:00:00,1,144407.3437244898,59983.82205994232,0.6371039366811945,1.2646354448079535,2.0,196,0,120,31,1.20767441939523,111,4.540195562749259,3,40
D_516,V25,36010.44,2024-01-16 00:00:00,0,84963.20919354838,94781.91364408535,-0.5164725087199631,0.42383069696992365,2.0,62,0,120,31,1.20767441939523,111,4.540195562749259,26,40
C_530,V5,176359.8,2024-01-16 00:00:00,1,144407.3437244898,59983.82205994232,0.5326756865858563,1.221257688104705,0.0,196,0,120,31,1.20767441939523,111,4.540195562749259,3,40
A_523,V21,107499.64,2024-01-16 00:00:00,0,99317.54854545454,98935.44463436803,0.08270047993723038,1.0823722413824972,8.0,110,0,120,31,1.20767441939523,111,4.540195562749259,23,40
A_1069,V31,70888.73,2024-01-16 00:00:00,0,67268.36175438597,41034.01405489689,0.08822631913250163,1.0538041115780028,3.0,57,0,120,31,1.20767441939523,111,4.540195562749259,18,40
B_331,V17,51891.02,2024-01-16 00:00:00,1,105661.17514285714,95526.67662806554,-0.5628751482380316,0.49110308329203345,6.0,105,0,120,31,1.20767441939523,111,4.540195562749259,24,40
C_661,V10,290879.03,2024-01-16 00:00:00,1,184110.51882978724,99924.56226640988,1.0684804643436385,1.5799067426569888,1.0,188,0,120,31,1.20767441939523,111,4.540195562749259,4,40
B_334,V18,2329.29,2024-01-16 02:00:00,1,93668.06014705882,102265.70386062763,-0.8931427991610862,0.02486722933210875,3.0,136,0,105,29,1.2070995790936538,95,4.397920809448474,23,40
B_332,V16,115711.2,2024-01-16 05:00:00,1,96281.34727272727,92447.62699932391,0.21016918647601782,1.2017903933338785,1.0,121,0,104,29,1.2155983563068053,93,4.397122740321691,26,40
B_333,V18,12999.53,2024-01-16 07:00:00,1,93668.06014705882,102265.70386062763,-0.7888054185944674,0.13878147148685982,0.0,136,0,103,28,1.2157010543658626,93,4.385948875791802,23,40
C_360,V5,180920.81,2024-01-17 00:00:00,1,144407.3437244898,59983.82205994232,0.6087117544338567,1.252841804938714,1.0,196,0,127,31,1.180137882101805,117,4.594873668134587,3,40
A_476,V40,19135.2,2024-01-17 00:00:00,0,57973.75227272727,46945.974214180664,-0.8272855263374103,0.33006091875965915,1.0,66,0,127,31,1.180137882101805,117,4.594873668134587,19,40
D_148,V31,50613.33,2024-01-17 00:00:00,0,67268.36175438597,41034.01405489689,-0.40587367003468716,0.75239795175699,1.0,57,0,127,31,1.180137882101805,117,4.594873668134587,18,40
A_899,V31,141411.11,2024-01-17 00:00:00,0,67268.36175438597,41034.01405489689,1.806816689435646,2.1021622074596236,0.0,57,0,127,31,1.180137882101805,117,4.594873668134587,18,40
C_964,V6,173878.07,2024-01-17 00:00:00,1,144506.03180487806,76560.92735485801,0.38363765398675315,1.203249889145744,0.0,205,0,127,31,1.180137882101805,117,4.594873668134587,9,40
D_293,V36,45804.07,2024-01-17 00:00:00,0,77526.48523809524,111324.58196102447,-0.28495171261895025,0.5908107280834762,4.0,63,0,127,31,1.180137882101805,117,4.594873668134587,20,40
C_93,V1,83569.14,2024-01-17 00:00:00,1,86403.7311111111,33948.99747755859,-0.08349311698726367,0.9671824554668805,0.0,162,0,127,31,1.180137882101805,117,4.594873668134587,18,40
C_158,V2,96053.36,2024-01-17 00:00:00,1,89201.08671052632,40922.37405936534,0.16744155258394527,1.0768061997440381,0.0,152,0,127,31,1.180137882101805,117,4.594873668134587,20,40
A_1156,V28,39873.03,2024-01-17 00:00:00,0,87976.94703125,91319.31227399668,-0.5267603212625842,0.45321619048279216,5.0,64,0,127,31,1.180137882101805,117,4.594873668134587,26,40
C_157,V3,105514.36,2024-01-17 00:00:00,1,83925.30547297298,30830.50022220062,0.7002271823114707,1.2572263178435643,2.0,148,0,127,31,1.180137882101805,117,4.594873668134587,16,40
C_941,V4,100030.15,2024-01-17 00:00:00,1,81228.63022988506,33321.06049362434,0.5642364095015165,1.2314490379546017,0.0,174,0,127,31,1.180137882101805,117,4.594873668134587,16,40
D_425,V6,193977.19,2024-01-17 00:00:00,0,144506.03180487806,76560.92735485801,0.6461587358665534,1.3423373767853697,1.0,205,0,127,31,1.180137882101805,117,4.594873668134587,9,40
C_1090,V5,181940.38,2024-01-17 00:00:00,1,144407.3437244898,59983.82205994232,0.6257088874582935,1.2599021310507923,0.0,196,0,127,31,1.180137882101805,117,4.594873668134587,3,40
C_863,V1,102519.85,2024-01-17 00:00:00,1,86403.7311111111,33948.99747755859,0.47470162257130877,1.1865073669191315,1.0,162,0,127,31,1.180137882101805,117,4.594873668134587,18,40
D_653,V4,12064.0,2024-01-17 00:00:00,0,81228.63022988506,33321.06049362434,-2.075640857897087,0.14851723399279432,1.0,174,0,127,31,1.180137882101805,117,4.594873668134587,16,40
C_709,V10,250970.5,2024-01-17 00:00:00,1,184110.51882978724,99924.56226640988,0.6690978729942842,1.3631439336070248,1.0,188,0,127,31,1.180137882101805,117,4.594873668134587,4,40
A_501,V37,39492.85,2024-01-17 00:00:00,0,72052.50544117647,51928.02541711314,-0.627003013818289,0.5481044920464201,2.0,68,0,127,31,1.180137882101805,117,4.594873668134587,25,40
C_321,V2,109853.18,2024-01-17 00:00:00,1,89201.08671052632,40922.37405936534,0.5046527507608437,1.2315090829263833,0.0,152,0,127,31,1.180137882101805,117,4.594873668134587,20,40
C_596,V8,299572.63,2024-01-17 00:00:00,1,179937.1240782123,101867.69807590247,1.1744089026508138,1.6648646946535193,1.0,179,0,127,31,1.180137882101805,117,4.594873668134587,4,40
C_838,V2,91813.26,2024-01-17 00:00:00,1,89201.08671052632,40922.37405936534,0.0638308387202956,1.0292725583645517,1.0,152,0,127,31,1.180137882101805,117,4.594873668134587,20,40
C_111,V2,100586.57,2024-01-17 00:00:00,1,89201.08671052632,40922.37405936534,0.2782146768484285,1.1276257508013012,0.0,152,0,127,31,1.180137882101805,117,4.594873668134587,20,40
C_809,V7,196541.64,2024-01-17 00:00:00,1,144842.31624309393,63932.34127505827,0.8086441710356075,1.3569258499311048,0.0,181,0,127,31,1.180137882101805,117,4.594873668134587,3,40
D_16,V14,44214.95,2024-01-17 00:00:00,0,101404.49841584158,100941.99680096707,-0.566552908356825,0.4360212285401354,2.0,101,0,127,31,1.180137882101805,117,4.594873668134587,21,40
C_685,V7,178784.1,2024-01-17 00:00:00,1,144842.31624309393,63932.34127505827,0.5308933191975604,1.2343275798790914,2.0,181,0,127,31,1.180137882101805,117,4.594873668134587,3,40
C_890,V7,170037.4,2024-01-17 00:00:00,1,144842.31624309393,63932.34127505827,0.39408363859023265,1.173940257723886,0.0,181,0,127,31,1.180137882101805,117,4.594873668134587,3,40
C_399,V8,243505.29,2024-01-17 00:00:00,1,179937.1240782123,101867.69807590247,0.6240205983041326,1.353272360970916,0.0,179,0,127,31,1.180137882101805,117,4.594873668134587,4,40
B_330,V17,2188.17,2024-01-17 22:00:00,1,105661.17514285714,95526.67662806554,-1.0831730530380899,0.020709113711141713,1.0,105,0,101,30,1.1900814099497063,89,4.356396498145352,24,40
C_207,V11,245747.96,2024-01-18 00:00:00,1,182570.8592121212,102941.535881061,0.6137123031520529,1.3460341646325549,3.0,165,0,116,34,1.223813880734813,99,4.522959647779152,4,40
C_535,V6,187646.03,2024-01-18 00:00:00,1,144506.03180487806,76560.92735485801,0.5634654153254491,1.2985252527598157,0.0,205,0,116,34,1.223813880734813,99,4.522959647779152,9,40
C_757,V8,245667.7,2024-01-18 00:00:00,1,179937.1240782123,101867.69807590247,0.6452480218487899,1.3652898809438379,0.0,179,0,116,34,1.223813880734813,99,4.522959647779152,4,40
C_903,V4,94680.84,2024-01-18 00:00:00,1,81228.63022988506,33321.06049362434,0.4037028194186492,1.1655948664550995,0.0,174,0,116,34,1.223813880734813,99,4.522959647779152,16,40
C_587,V4,89773.63,2024-01-18 00:00:00,1,81228.63022988506,33321.06049362434,0.25643671620336606,1.1051832902099255,1.0,174,0,116,34,1.223813880734813,99,4.522959647779152,16,40
C_1182,V6,199418.31,2024-01-18 00:00:00,1,144506.03180487806,76560.92735485801,0.717226957213449,1.3799903541667535,0.0,205,0,116,34,1.223813880734813,99,4.522959647779152,9,40
C_994,V6,191273.27,2024-01-18 00:00:00,1,144506.03180487806,76560.92735485801,0.6108419655942015,1.3236260382004694,0.0,205,0,116,34,1.223813880734813,99,4.522959647779152,9,40
C_17,V11,258402.68,2024-01-18 00:00:00,1,182570.8592121212,102941.535881061,0.7366422454901858,1.4153478039557823,0.0,165,0,116,34,1.223813880734813,99,4.522959647779152,4,40
C_594,V8,280835.37,2024-01-18 00:00:00,1,179937.1240782123,101867.69807590247,0.9904734999814006,1.5607330099647558,1.0,179,0,116,34,1.223813880734813,99,4.522959647779152,4,40
C_308,V9,267698.49,2024-01-18 00:00:00,1,188269.0858278146,100038.44686257221,0.7939808411905799,1.4218854196774942,3.0,151,0,116,34,1.223813880734813,99,4.522959647779152,4,40
C_631,V1,97491.97,2024-01-18 00:00:00,1,86403.7311111111,33948.99747755859,0.32660499890223477,1.1283174977378425,1.0,162,0,116,34,1.223813880734813,99,4.522959647779152,18,40
D_390,V3,58878.75,2024-01-18 00:00:00,0,83925.30547297298,30830.50022220062,-0.8123690152105503,0.7015529835155306,1.0,148,0,116,34,1.223813880734813,99,4.522959647779152,16,40
C_408,V5,205175.27,2024-01-18 00:00:00,1,144407.3437244898,59983.82205994232,1.0130550394028897,1.4207992745311495,0.0,196,0,116,34,1.223813880734813,99,4.522959647779152,3,40
D_358,V27,23079.91,2024-01-18 00:00:00,0,83207.86098360656,89047.01535564796,-0.6752306690212257,0.2773732235626576,17.0,61,0,116,34,1.223813880734813,99,4.522959647779152,28,40
C_58,V7,168673.62,2024-01-18 00:00:00,1,144842.31624309393,63932.34127505827,0.37275235865395256,1.1645247041769682,0.0,181,0,116,34,1.223813880734813,99,4.522959647779152,3,40
C_936,V1,104703.99,2024-01-18 00:00:00,1,86403.7311111111,33948.99747755859,0.539035647969801,1.2117853808879655,0.0,162,0,116,34,1.223813880734813,99,4.522959647779152,18,40
C_23,V5,183328.3,2024-01-18 00:00:00,1,144407.3437244898,59983.82205994232,0.6488467405407456,1.2695132100522102,0.0,196,0,116,34,1.223813880734813,99,4.522959647779152,3,40
C_1026,V5,176247.98,2024-01-18 00:00:00,1,144407.3437244898,59983.82205994232,0.5308115483562181,1.2204833561158739,1.0,196,0,116,34,1.223813880734813,99,4.522959647779152,3,40
C_99,V7,198543.09,2024-01-18 00:00:00,1,144842.31624309393,63932.34127505827,0.8399494330488849,1.3707438848388454,0.0,181,0,116,34,1.223813880734813,99,4.522959647779152,3,40
C_669,V7,188514.43,2024-01-18 00:00:00,1,144842.31624309393,63932.34127505827,0.6830882429406746,1.3015058954022554,0.0,181,0,116,34,1.223813880734813,99,4.522959647779152,3,40
C_683,V7,183349.01,2024-01-18 00:00:00,1,144842.31624309393,63932.34127505827,0.6022944052187109,1.2658437735040606,1.0,181,0,116,34,1.223813880734813,99,4.522959647779152,3,40
C_891,V9,259707.43,2024-01-18 00:00:00,1,188269.0858278146,100038.44686257221,0.7141017509855171,1.379440758514975,0.0,151,0,116,34,1.223813880734813,99,4.522959647779152,4,40
C_195,V6,175362.54,2024-01-18 00:00:00,1,144506.03180487806,76560.92735485801,0.40302679492516774,1.2135225380366603,1.0,205,0,116,34,1.223813880734813,99,4.522959647779152,9,40
C_782,V8,273231.71,2024-01-19 00:00:00,1,179937.1240782123,101867.69807590247,0.915831729313688,1.518475928320985,1.0,179,0,118,37,1.198464933304559,101,4.518147847712034,4,40
C_930,V8,276611.85,2024-01-19 00:00:00,1,179937.1240782123,101867.69807590247,0.9490130702343446,1.537260941320958,0.0,179,0,118,37,1.198464933304559,101,4.518147847712034,4,40
A_1162,V38,46226.19,2024-01-19 00:00:00,0,71190.65382978723,52355.46745943829,-0.47681719262529987,0.6493203558737745,5.0,47,0,118,37,1.198464933304559,101,4.518147847712034,25,40
C_425,V7,185552.91,2024-01-19 00:00:00,1,144842.31624309393,63932.34127505827,0.6367662466092341,1.2810595256503394,1.0,181,0,118,37,1.198464933304559,101,4.518147847712034,3,40
A_783,V12,28543.66,2024-01-19 00:00:00,0,101944.13491379311,108863.03469822774,-0.67423989123001,0.2799904088030989,7.0,116,0,118,37,1.198464933304559,101,4.518147847712034,18,40
C_105,V7,177116.06,2024-01-19 00:00:00,1,144842.31624309393,63932.34127505827,0.5048030200401357,1.2228114116273199,0.0,181,0,118,37,1.198464933304559,101,4.518147847712034,3,40
C_281,V7,194934.36,2024-01-19 00:00:00,1,144842.31624309393,63932.34127505827,0.7835042367236328,1.3458291694511957,0.0,181,0,118,37,1.198464933304559,101,4.518147847712034,3,40
C_679,V2,76437.48,2024-01-19 00:00:00,1,89201.08671052632,40922.37405936534,-0.31189038059302837,0.8569023754797428,2.0,152,0,118,37,1.198464933304559,101,4.518147847712034,20,40
C_796,V2,105423.88,2024-01-19 00:00:00,1,89201.08671052632,40922.37405936534,0.396418762195418,1.181854414932195,0.0,152,0,118,37,1.198464933304559,101,4.518147847712034,20,40
A_737,V39,31144.55,2024-01-19 00:00:00,0,59686.60327868852,62062.45272865382,-0.4598850373903071,0.5217926049833562,9.0,61,0,118,37,1.198464933304559,101,4.518147847712034,26,40
A_229,V15,179696.14,2024-01-19 00:00:00,0,101414.6991919192,81219.53730128995,0.9638133827863454,1.771876952304424,7.0,99,0,118,37,1.198464933304559,101,4.518147847712034,31,40
A_936,V26,15844.48,2024-01-19 00:00:00,0,82902.77408450704,83596.62150892465,-0.8021555263668366,0.19111892281103035,11.0,71,0,118,37,1.198464933304559,101,4.518147847712034,30,40
C_686,V11,228612.0,2024-01-19 00:00:00,1,182570.8592121212,102941.535881061,0.44725088996325457,1.2521754501847244,0.0,165,0,118,37,1.198464933304559,101,4.518147847712034,4,40
C_202,V11,232609.32,2024-01-19 00:00:00,1,182570.8592121212,102941.535881061,0.48608148574941706,1.2740699525316372,1.0,165,0,118,37,1.198464933304559,101,4.518147847712034,4,40
C_722,V9,275164.39,2024-01-19 00:00:00,1,188269.0858278146,100038.44686257221,0.8686104021702222,1.4615406839069272,1.0,151,0,118,37,1.198464933304559,101,4.518147847712034,4,40
D_823,V27,48969.97,2024-01-19 00:00:00,0,83207.86098360656,89047.01535564796,-0.3844879736720037,0.5885186916528979,1.0,61,0,118,37,1.198464933304559,101,4.518147847712034,28,40
C_611,V10,279928.69,2024-01-19 00:00:00,1,184110.51882978724,99924.56226640988,0.9588954917737018,1.5204300729211657,2.0,188,0,118,37,1.198464933304559,101,4.518147847712034,4,40
C_51,V10,254921.3,2024-01-19 00:00:00,1,184110.51882978724,99924.56226640988,0.7086353037616672,1.3846026670155116,0.0,188,0,118,37,1.198464933304559,101,4.518147847712034,4,40
C_573,V10,269211.94,2024-01-19 00:00:00,1,184110.51882978724,99924.56226640988,0.8516481592900652,1.4622221450950545,0.0,188,0,118,37,1.198464933304559,101,4.518147847712034,4,40
D_543,V28,20468.75,2024-01-19 00:00:00,0,87976.94703125,91319.31227399668,-0.7392462350402285,0.23265773629304448,2.0,64,0,118,37,1.198464933304559,101,4.518147847712034,26,40
C_309,V6,183894.81,2024-01-19 00:00:00,1,144506.03180487806,76560.92735485801,0.5144695223326642,1.2725665159900705,1.0,205,0,118,37,1.198464933304559,101,4.518147847712034,9,40
D_884,V6,31511.17,2024-01-19 00:00:00,0,144506.03180487806,76560.92735485801,-1.4758622948604272,0.21805976917821027,0.0,205,0,118,37,1.198464933304559,101,4.518147847712034,9,40
C_1117,V11,238149.78,2024-01-19 00:00:00,1,182570.8592121212,102941.535881061,0.5399023864352268,1.304416688462955,0.0,165,0,118,37,1.198464933304559,101,4.518147847712034,4,40
A_348,V28,31672.84,2024-01-20 00:00:00,0,87976.94703125,91319.31227399668,-0.6165562253260332,0.3600088552731257,1.0,64,0,122,38,1.1950941243874205,104,4.559650569077245,26,40
C_176,V9,271266.49,2024-01-20 00:00:00,1,188269.0858278146,100038.44686257221,0.8296467720998291,1.4408369168540724,1.0,151,0,122,38,1.1950941243874205,104,4.559650569077245,4,40
C_1160,V9,247597.03,2024-01-20 00:00:00,1,188269.0858278146,100038.44686257221,0.5930455038769491,1.3151161476945616,0.0,151,0,122,38,1.1950941243874205,104,4.559650569077245,4,40
C_716,V3,91609.32,2024-01-20 00:00:00,1,83925.30547297298,30830.50022220062,0.24922609901071424,1.0915447723300677,2.0,148,0,122,38,1.1950941243874205,104,4.559650569077245,16,40
C_2,V1,91255.49,2024-01-20 00:00:00,1,86403.7311111111,33948.99747755859,0.1429089616897904,1.056139968570137,2.0,162,0,122,38,1.1950941243874205,104,4.559650569077245,18,40
C_418,V7,190190.43,2024-01-20 00:00:00,1,144842.31624309393,63932.34127505827,0.7093030467750214,1.313077019589906,1.0,181,0,122,38,1.1950941243874205,104,4.559650569077245,3,40
A_950,V35,34564.11,2024-01-20 00:00:00,0,75008.17954545454,56348.584614378604,-0.7177350076709262,0.4607984010684269,4.0,66,0,122,38,1.1950941243874205,104,4.559650569077245,29,40
C_123,V7,207105.93,2024-01-20 00:00:00,1,144842.31624309393,63932.34127505827,0.9738833058799697,1.4298618353394317,0.0,181,0,122,38,1.1950941243874205,104,4.559650569077245,3,40
C_1035,V10,276944.82,2024-01-20 00:00:00,1,184110.51882978724,99924.56226640988,0.9290345639758202,1.5042232108032196,0.0,188,0,122,38,1.1950941243874205,104,4.559650569077245,4,40
A_855,V2,38079.42,2024-01-20 00:00:00,0,89201.08671052632,40922.37405936534,-1.2492045899335393,0.42688934086904523,1.0,152,0,122,38,1.1950941243874205,104,4.559650569077245,20,40
C_876,V10,259737.4,2024-01-20 00:00:00,1,184110.51882978724,99924.56226640988,0.7568321804243161,1.4107612693159604,1.0,188,0,122,38,1.1950941243874205,104,4.559650569077245,4,40
A_1039,V22,58362.37,2024-01-20 00:00:00,0,85951.16571428571,86159.38158415664,-0.3202028032726215,0.6790098831715634,8.0,91,0,122,38,1.1950941243874205,104,4.559650569077245,29,40
D_628,V26,64275.4,2024-01-20 00:00:00,0,82902.77408450704,83596.62150892465,-0.2228218189499378,0.7753012538908252,1.0,71,0,122,38,1.1950941243874205,104,4.559650569077245,30,40
D_999,V14,165382.92,2024-01-20 00:00:00,0,101404.49841584158,100941.99680096707,0.6338074320332195,1.6309068303357788,3.0,101,0,122,38,1.1950941243874205,104,4.559650569077245,21,40
A_961,V14,144901.41,2024-01-20 00:00:00,0,101404.49841584158,100941.99680096707,0.43090568897932413,1.42893050439722,0.0,101,0,122,38,1.1950941243874205,104,4.559650569077245,21,40
A_141,V36,888164.31,2024-01-20 00:00:00,0,77526.48523809524,111324.58196102447,7.281685040242703,11.456121751819397,3.0,63,0,122,38,1.1950941243874205,104,4.559650569077245,20,40
D_896,V11,17433.57,2024-01-20 00:00:00,0,182570.8592121212,102941.535881061,-1.6041696253035724,0.0954888123242739,1.0,165,0,122,38,1.1950941243874205,104,4.559650569077245,4,40
C_1004,V9,277541.12,2024-01-20 00:00:00,1,188269.0858278146,100038.44686257221,0.8923683304129182,1.4741647287176023,0.0,151,0,122,38,1.1950941243874205,104,4.559650569077245,4,40
C_773,V4,95003.34,2024-01-20 00:00:00,1,81228.63022988506,33321.06049362434,0.41338109246727134,1.1695650925793266,0.0,174,0,122,38,1.1950941243874205,104,4.559650569077245,16,40
C_880,V6,192036.47,2024-01-20 00:00:00,1,144506.03180487806,76560.92735485801,0.620810366682939,1.3289074420911156,0.0,205,0,122,38,1.1950941243874205,104,4.559650569077245,9,40
D_982,V31,89264.04,2024-01-20 00:00:00,0,67268.36175438597,41034.01405489689,0.5360221935391095,1.3269642772280348,3.0,57,0,122,38,1.1950941243874205,104,4.559650569077245,18,40
C_305,V6,180130.55,2024-01-20 00:00:00,1,144506.03180487806,76560.92735485801,0.4653033096986355,1.2465175413970366,1.0,205,0,122,38,1.1950941243874205,104,4.559650569077245,9,40
C_29,V8,269970.54,2024-01-20 00:00:00,1,179937.1240782123,101867.69807590247,0.88381826431809,1.5003520870466227,1.0,179,0,122,38,1.1950941243874205,104,4.559650569077245,4,40
A_672,V4,25386.28,2024-01-20 00:00:00,0,81228.63022988506,33321.06049362434,-1.6758372502375607,0.3125248745827748,2.0,174,0,122,38,1.1950941243874205,104,4.559650569077245,16,40
D_826,V24,18642.94,2024-01-20 00:00:00,0,69961.0374137931,66357.40093125252,-0.7733474088225664,0.2664722282133613,9.0,58,0,122,38,1.1950941243874205,104,4.559650569077245,31,40
C_858,V6,177759.85,2024-01-20 00:00:00,1,144506.03180487806,76560.92735485801,0.43433883320352334,1.2301121113609328,0.0,205,0,122,38,1.1950941243874205,104,4.559650569077245,9,40
C_103,V5,184574.93,2024-01-20 00:00:00,1,144407.3437244898,59983.82205994232,0.6696291644471508,1.2781458829840346,2.0,196,0,122,38,1.1950941243874205,104,4.559650569077245,3,40
A_550,V15,64060.4,2024-01-20 00:00:00,0,101414.6991919192,81219.53730128995,-0.45991199311268194,0.6316615722263278,0.0,99,0,122,38,1.1950941243874205,104,4.559650569077245,31,40
A_240,V15,64111.13,2024-01-20 00:00:00,0,101414.6991919192,81219.53730128995,-0.4592873973923679,0.6321617906383115,1.0,99,0,122,38,1.1950941243874205,104,4.559650569077245,31,40
C_740,V1,95480.8,2024-01-21 00:00:00,1,86403.7311111111,33948.99747755859,0.26736581924310787,1.105041341743401,0.0,162,1,116,32,1.1330143732063933,106,4.56519937563991,18,40
A_1011,V6,42519.28,2024-01-21 00:00:00,0,144506.03180487806,76560.92735485801,-1.3320818235436807,0.29423675421838325,0.0,205,1,116,32,1.1330143732063933,106,4.56519937563991,9,40
D_503,V34,32894.57,2024-01-21 00:00:00,0,87031.30054545455,69584.65178653522,-0.7779869722500748,0.377958180972363,13.0,55,1,116,32,1.1330143732063933,106,4.56519937563991,32,40
A_1134,V32,46897.08,2024-01-21 00:00:00,0,67081.75597222222,63875.16720999454,-0.3159969806244726,0.6990929236631133,6.0,72,1,116,32,1.1330143732063933,106,4.56519937563991,30,40
A_1228,V16,61166.01,2024-01-21 00:00:00,0,96281.34727272727,92447.62699932391,-0.37983622269462236,0.6352775117409892,4.0,121,1,116,32,1.1330143732063933,106,4.56519937563991,26,40
C_77,V8,264464.07,2024-01-21 00:00:00,1,179937.1240782123,101867.69807590247,0.8297636812714204,1.4697500674456707,0.0,179,1,116,32,1.1330143732063933,106,4.56519937563991,4,40
D_243,V17,11231.16,2024-01-21 00:00:00,0,105661.17514285714,95526.67662806554,-0.9885094924952261,0.10629309859290016,3.0,105,1,116,32,1.1330143732063933,106,4.56519937563991,24,40
C_634,V7,183904.07,2024-01-21 00:00:00,1,144842.31624309393,63932.34127505827,0.6109762602403651,1.2696759144298346,0.0,181,1,116,32,1.1330143732063933,106,4.56519937563991,3,40
A_1070,V1,59494.51,2024-01-21 00:00:00,0,86403.7311111111,33948.99747755859,-0.7926133464044722,0.688556161623763,1.0,162,1,116,32,1.1330143732063933,106,4.56519937563991,18,40
C_695,V7,177152.1,2024-01-21 00:00:00,1,144842.31624309393,63932.34127505827,0.5053667321703207,1.2230602322214268,1.0,181,1,116,32,1.1330143732063933,106,4.56519937563991,3,40
A_1293,V6,25147.63,2024-01-21 00:00:00,0,144506.03180487806,76560.92735485801,-1.5589785410137604,0.17402357301169827,1.0,205,1,116,32,1.1330143732063933,106,4.56519937563991,9,40
C_1002,V6,170651.77,2024-01-21 00:00:00,1,144506.03180487806,76560.92735485801,0.34149791023335474,1.180923639968082,0.0,205,1,116,32,1.1330143732063933,106,4.56519937563991,9,40
C_303,V11,260940.14,2024-01-21 00:00:00,1,182570.8592121212,102941.535881061,0.7612915314076395,1.429246221877089,1.0,165,1,116,32,1.1330143732063933,106,4.56519937563991,4,40
A_887,V23,74962.0,2024-01-21 00:00:00,0,74902.77192307693,98110.10534391222,0.0006036837187335404,1.000777371758833,,52,1,116,32,1.1330143732063933,106,4.56519937563991,26,40
A_1324,V40,28601.92,2024-01-21 00:00:00,0,57973.75227272727,46945.974214180664,-0.6256384519847353,0.49335131033332646,4.0,66,1,116,32,1.1330143732063933,106,4.56519937563991,19,40
C_520,V4,87827.48,2024-01-21 00:00:00,1,81228.63022988506,33321.06049362434,0.1980324647504172,1.081224668282283,1.0,174,1,116,32,1.1330143732063933,106,4.56519937563991,16,40
C_814,V1,90507.81,2024-01-21 00:00:00,1,86403.7311111111,33948.99747755859,0.12088598509033013,1.0474867387019884,0.0,162,1,116,32,1.1330143732063933,106,4.56519937563991,18,40
D_185,V4,61243.73,2024-01-21 00:00:00,0,81228.63022988506,33321.06049362434,-0.5997498334086772,0.7539580055538394,0.0,174,1,116,32,1.1330143732063933,106,4.56519937563991,16,40
C_152,V4,80324.87,2024-01-21 00:00:00,1,81228.63022988506,33321.06049362434,-0.027121979148257935,0.9888616970516234,0.0,174,1,116,32,1.1330143732063933,106,4.56519937563991,16,40
C_745,V3,96527.33,2024-01-21 00:00:00,1,83925.30547297298,30830.50022220062,0.4087386094158589,1.150143920383639,1.0,148,1,116,32,1.1330143732063933,106,4.56519937563991,16,40
C_945,V3,98927.13,2024-01-21 00:00:00,1,83925.30547297298,30830.50022220062,0.48657458829151523,1.178738054087914,0.0,148,1,116,32,1.1330143732063933,106,4.56519937563991,16,40
C_307,V9,255321.47,2024-01-21 00:00:00,1,188269.0858278146,100038.44686257221,0.6702594453995501,1.356144651856739,1.0,151,1,116,32,1.1330143732063933,106,4.56519937563991,4,40
C_43,V4,94261.27,2024-01-21 00:00:00,1,81228.63022988506,33321.06049362434,0.3911114612077646,1.1604296330444268,0.0,174,1,116,32,1.1330143732063933,106,4.56519937563991,16,40
C_279,V8,251834.55,2024-01-21 00:00:00,1,179937.1240782123,101867.69807590247,0.7057852635774027,1.3995619399173964,1.0,179,1,116,32,1.1330143732063933,106,4.56519937563991,4,40
A_756,V12,90792.14,2024-01-21 00:00:00,0,101944.13491379311,108863.03469822774,-0.10243966195728975,0.890598066075205,2.0,116,1,116,32,1.1330143732063933,106,4.56519937563991,18,40
D_366,V29,251436.45,2024-01-22 00:00:00,0,74548.44014492753,60050.95281301047,2.9455829755589407,3.3727476626410073,16.0,69,1,113,30,1.1907605945869504,105,4.55510722119796,30,40
C_1003,V11,248524.07,2024-01-22 00:00:00,1,182570.8592121212,102941.535881061,0.6406798727406582,1.3612397390950168,1.0,165,1,113,30,1.1907605945869504,105,4.55510722119796,4,40
C_1159,V8,265813.97,2024-01-22 00:00:00,1,179937.1240782123,101867.69807590247,0.8430150531402761,1.4772520907490436,0.0,179,1,113,30,1.1907605945869504,105,4.55510722119796,4,40
A_654,V33,270795.56,2024-01-22 00:00:00,0,88242.64793103449,64151.09930319075,2.8456264728952654,3.0687258102887616,10.0,58,1,113,30,1.1907605945869504,105,4.55510722119796,32,40
A_1031,V27,57492.58,2024-01-22 00:00:00,0,83207.86098360656,89047.01535564796,-0.28877994507685045,0.6909429995842262,3.0,61,1,113,30,1.1907605945869504,105,4.55510722119796,28,40
C_1095,V8,250564.15,2024-01-22 00:00:00,1,179937.1240782123,101867.69807590247,0.6933143080827775,1.392501735158077,1.0,179,1,113,30,1.1907605945869504,105,4.55510722119796,4,40
A_117,V6,129761.02,2024-01-22 00:00:00,0,144506.03180487806,76560.92735485801,-0.19258934974998976,0.8979564411454455,0.0,205,1,113,30,1.1907605945869504,105,4.55510722119796,9,40
C_656,V1,89595.32,2024-01-22 00:00:00,1,86403.7311111111,33948.99747755859,0.0940085162303351,1.0369260901325648,1.0,162,1,113,30,1.1907605945869504,105,4.55510722119796,18,40
C_1025,V7,177495.98,2024-01-22 00:00:00,1,144842.31624309393,63932.34127505827,0.510745459343683,1.2254343838835087,1.0,181,1,113,30,1.1907605945869504,105,4.55510722119796,3,40
C_1079,V5,185354.42,2024-01-22 00:00:00,1,144407.3437244898,59983.82205994232,0.6826239516821798,1.283543701281066,2.0,196,1,113,30,1.1907605945869504,105,4.55510722119796,3,40
C_352,V10,251053.74,2024-01-22 00:00:00,1,184110.51882978724,99924.56226640988,0.6699308930755531,1.363596050891859,2.0,188,1,113,30,1.1907605945869504,105,4.55510722119796,4,40
C_787,V6,179131.23,2024-01-22 00:00:00,1,144506.03180487806,76560.92735485801,0.45225086921645935,1.2396021685773297,1.0,205,1,113,30,1.1907605945869504,105,4.55510722119796,9,40
D_965,V25,120972.88,2024-01-22 00:00:00,0,84963.20919354838,94781.91364408535,0.3799173228802585,1.4238098741603529,6.0,62,1,113,30,1.1907605945869504,105,4.55510722119796,26,40
C_39,V2,98714.96,2024-01-22 00:00:00,1,89201.08671052632,40922.37405936534,0.23248017809265736,1.1066440667508637,2.0,152,1,113,30,1.1907605945869504,105,4.55510722119796,20,40
C_483,V4,103539.34,2024-01-22 00:00:00,1,81228.63022988506,33321.06049362434,0.6695477242286305,1.274649899389878,1.0,174,1,113,30,1.1907605945869504,105,4.55510722119796,16,40
A_595,V30,29185.85,2024-01-22 00:00:00,0,73122.4169117647,57615.25065897187,-0.7625724758076218,0.39913137586578423,10.0,68,1,113,30,1.1907605945869504,105,4.55510722119796,29,40
B_481,V18,67872.33,2024-01-22 01:00:00,1,93668.06014705882,102265.70386062763,-0.2522397728024369,0.7245971070216954,5.0,136,1,97,27,1.1601520951464697,90,4.394257815399408,23,40
B_480,V16,73376.42,2024-01-22 15:00:00,1,96281.34727272727,92447.62699932391,-0.24775843640051878,0.762096293645143,1.0,121,1,98,27,1.200582072029027,91,4.400645054125485,26,40
C_190,V6,171909.71,2024-01-23 00:00:00,1,144506.03180487806,76560.92735485801,0.3579282698580486,1.189628683482494,0.0,205,1,117,27,1.1953979282497058,113,4.578017330299492,9,40
C_601,V10,270551.6,2024-01-23 00:00:00,1,184110.51882978724,99924.56226640988,0.8650547388440368,1.4694984959095763,1.0,188,1,117,27,1.1953979282497058,113,4.578017330299492,4,40
A_937,V20,63253.17,2024-01-23 00:00:00,0,84574.58505376344,95035.94061676953,-0.2243487102530026,0.7478892396640342,12.0,93,1,117,27,1.1953979282497058,113,4.578017330299492,26,40
C_886,V4,96007.99,2024-01-23 00:00:00,1,81228.63022988506,33321.06049362434,0.44353078864804124,1.1819331163799618,1.0,174,1,117,27,1.1953979282497058,113,4.578017330299492,16,40
C_331,V8,279299.39,2024-01-23 00:00:00,1,179937.1240782123,101867.69807590247,0.9753954629689365,1.5521968533949988,1.0,179,1,117,27,1.1953979282497058,113,4.578017330299492,4,40
C_750,V3,101284.73,2024-01-23 00:00:00,1,83925.30547297298,30830.50022220062,0.5630418371444391,1.2068293657060478,2.0,148,1,117,27,1.1953979282497058,113,4.578017330299492,16,40
C_217,V4,91683.07,2024-01-23 00:00:00,1,81228.63022988506,33321.06049362434,0.31373929508696613,1.1286899834522333,0.0,174,1,117,27,1.1953979282497058,113,4.578017330299492,16,40
A_268,V37,74882.56,2024-01-23 00:00:00,0,72052.50544117647,51928.02541711314,0.05449851092123298,1.0392632466873264,6.0,68,1,117,27,1.1953979282497058,113,4.578017330299492,25,40
A_1276,V28,38813.93,2024-01-23 00:00:00,0,87976.94703125,91319.31227399668,-0.5383579600970013,0.4411779464030138,0.0,64,1,117,27,1.1953979282497058,113,4.578017330299492,26,40
C_136,V9,258463.67,2024-01-23 00:00:00,1,188269.0858278146,100038.44686257221,0.7016690552939008,1.3728345045552381,2.0,151,1,117,27,1.1953979282497058,113,4.578017330299492,4,40
C_681,V1,68799.91,2024-01-23 00:00:00,1,86403.7311111111,33948.99747755859,-0.5185220152887337,0.7962516532981001,1.0,162,1,117,27,1.1953979282497058,113,4.578017330299492,18,40
C_1151,V11,256738.75,2024-01-23 00:00:00,1,182570.8592121212,102941.535881061,0.7204785675143247,1.4062339678630755,1.0,165,1,117,27,1.1953979282497058,113,4.578017330299492,4,40
A_1321,V28,114502.37,2024-01-23 00:00:00,0,87976.94703125,91319.31227399668,0.2904657497136381,1.3014894512067716,3.0,64,1,117,27,1.1953979282497058,113,4.578017330299492,26,40
C_21,V2,104107.32,2024-01-23 00:00:00,1,89201.08671052632,40922.37405936534,0.3642474168393353,1.1670951189498888,1.0,152,1,117,27,1.1953979282497058,113,4.578017330299492,20,40
C_59,V2,90022.98,2024-01-23 00:00:00,1,89201.08671052632,40922.37405936534,0.020083712752555608,1.009202624285434,0.0,152,1,117,27,1.1953979282497058,113,4.578017330299492,20,40
C_674,V2,93973.61,2024-01-23 00:00:00,1,89201.08671052632,40922.37405936534,0.11662096293796402,1.0534911622074266,0.0,152,1,117,27,1.1953979282497058,113,4.578017330299492,20,40
C_1066,V6,190403.35,2024-01-23 00:00:00,1,144506.03180487806,76560.92735485801,0.5994796602022803,1.3176061235351777,1.0,205,1,117,27,1.1953979282497058,113,4.578017330299492,9,40
D_860,V24,28898.39,2024-01-23 00:00:00,0,69961.0374137931,66357.40093125252,-0.6188010385653223,0.41305815365380777,3.0,58,1,117,27,1.1953979282497058,113,4.578017330299492,31,40
C_844,V1,102909.24,2024-01-23 00:00:00,1,86403.7311111111,33948.99747755859,0.48617113741464246,1.1910139488503833,0.0,162,1,117,27,1.1953979282497058,113,4.578017330299492,18,40
C_1195,V7,189249.23,2024-01-23 00:00:00,1,144842.31624309393,63932.34127505827,0.6945814636193611,1.3065789634530225,1.0,181,1,117,27,1.1953979282497058,113,4.578017330299492,3,40
C_742,V7,205197.1,2024-01-23 00:00:00,1,144842.31624309393,63932.34127505827,0.9440267402456524,1.4166832500273117,0.0,181,1,117,27,1.1953979282497058,113,4.578017330299492,3,40
C_204,V5,192090.09,2024-01-23 00:00:00,1,144407.3437244898,59983.82205994232,0.7949135237554134,1.3301869202688181,1.0,196,1,117,27,1.1953979282497058,113,4.578017330299492,3,40
A_400,V38,26253.38,2024-01-23 00:00:00,0,71190.65382978723,52355.46745943829,-0.8582946102045774,0.36877047501620686,4.0,47,1,117,27,1.1953979282497058,113,4.578017330299492,25,40
B_482,V17,55991.04,2024-01-23 05:00:00,1,105661.17514285714,95526.67662806554,-0.5199554400997994,0.5299061837814631,2.0,105,1,94,25,1.1971472624453636,90,4.357293150545539,24,40
B_479,V18,210107.97,2024-01-23 10:00:00,1,93668.06014705882,102265.70386062763,1.138590620967204,2.2430882691695007,1.0,136,1,93,25,1.2031080626177009,89,4.348705178568572,23,40
B_54,V22,144733.9,2024-01-23 23:00:00,1,85951.16571428571,86159.38158415664,0.6822478406539855,1.683888925860357,3.0,91,1,92,25,1.1948059364604031,87,4.3358264715164445,29,40
C_983,V8,293185.86,2024-01-24 00:00:00,1,179937.1240782123,101867.69807590247,1.1117128034502406,1.6293704377653908,0.0,179,1,114,27,1.1903185438182264,108,4.556287166378237,4,40
C_117,V1,99480.12,2024-01-24 00:00:00,1,86403.7311111111,33948.99747755859,0.385166122546329,1.1513272331358193,0.0,162,1,114,27,1.1903185438182264,108,4.556287166378237,18,40
C_762,V9,241710.73,2024-01-24 00:00:00,1,188269.0858278146,100038.44686257221,0.5342057143278705,1.2838509577196475,1.0,151,1,114,27,1.1903185438182264,108,4.556287166378237,4,40
C_803,V1,89754.5,2024-01-24 00:00:00,1,86403.7311111111,33948.99747755859,0.09869717637251076,1.0387683503647653,0.0,162,1,114,27,1.1903185438182264,108,4.556287166378237,18,40
A_1323,V28,46535.82,2024-01-24 00:00:00,0,87976.94703125,91319.31227399668,-0.45379966405404315,0.5289486919201507,1.0,64,1,114,27,1.1903185438182264,108,4.556287166378237,26,40
C_711,V1,88234.62,2024-01-24 00:00:00,1,86403.7311111111,33948.99747755859,0.05392898453377303,1.0211781098715043,0.0,162,1,114,27,1.1903185438182264,108,4.556287166378237,18,40
C_755,V10,266676.56,2024-01-24 00:00:00,1,184110.51882978724,99924.56226640988,0.8262754724370208,1.4484512522355806,0.0,188,1,114,27,1.1903185438182264,108,4.556287166378237,4,40
C_206,V10,252029.54,2024-01-24 00:00:00,1,184110.51882978724,99924.56226640988,0.6796961621205092,1.3688960995047985,1.0,188,1,114,27,1.1903185438182264,108,4.556287166378237,4,40
A_1350,V21,324107.59,2024-01-24 00:00:00,0,99317.54854545454,98935.44463436803,2.27206508466405,3.263313799352068,8.0,110,1,114,27,1.1903185438182264,108,4.556287166378237,23,40
C_618,V4,88690.62,2024-01-24 00:00:00,1,81228.63022988506,33321.06049362434,0.22393542474789838,1.0918505937919434,1.0,174,1,114,27,1.1903185438182264,108,4.556287166378237,16,40
A_966,V12,50466.25,2024-01-24 00:00:00,0,101944.13491379311,108863.03469822774,-0.47286401846569764,0.49503343188152427,3.0,116,1,114,27,1.1903185438182264,108,4.556287166378237,18,40
A_1452,V22,42830.38,2024-01-24 00:00:00,0,85951.16571428571,86159.38158415664,-0.5004711553205895,0.49830483786031415,0.0,91,1,114,27,1.1903185438182264,108,4.556287166378237,29,40
C_1007,V7,184332.3,2024-01-24 00:00:00,1,144842.31624309393,63932.34127505827,0.6176743303155333,1.272632419507924,1.0,181,1,114,27,1.1903185438182264,108,4.556287166378237,3,40
C_912,V7,187324.48,2024-01-24 00:00:00,1,144842.31624309393,63932.34127505827,0.6644758886311994,1.293290466269144,0.0,181,1,114,27,1.1903185438182264,108,4.556287166378237,3,40
A_1453,V13,117056.19,2024-01-24 00:00:00,0,91248.5117,99126.94924086498,0.26034714223020483,1.2828144262825683,12.0,100,1,114,27,1.1903185438182264,108,4.556287166378237,24,40
B_55,V22,97781.62,2024-01-24 00:00:00,1,85951.16571428571,86159.38158415664,0.13730735714255113,1.1376283446427244,0.0,91,1,114,27,1.1903185438182264,108,4.556287166378237,29,40
D_380,V1,22389.45,2024-01-24 00:00:00,0,86403.7311111111,33948.99747755859,-1.8855459754724702,0.25912296366281795,1.0,162,1,114,27,1.1903185438182264,108,4.556287166378237,18,40
D_905,V11,11940.91,2024-01-24 00:00:00,0,182570.8592121212,102941.535881061,-1.6575261892641318,0.06540389111186323,1.0,165,1,114,27,1.1903185438182264,108,4.556287166378237,4,40
C_181,V2,108147.03,2024-01-24 00:00:00,1,89201.08671052632,40922.37405936534,0.46296141813697517,1.2123822882188033,1.0,152,1,114,27,1.1903185438182264,108,4.556287166378237,20,40
C_563,V2,95783.71,2024-01-24 00:00:00,1,89201.08671052632,40922.37405936534,0.16085240869740192,1.0737832883980842,0.0,152,1,114,27,1.1903185438182264,108,4.556287166378237,20,40
A_670,V11,79178.19,2024-01-24 00:00:00,0,182570.8592121212,102941.535881061,-1.0043726660433183,0.43368233385850985,0.0,165,1,114,27,1.1903185438182264,108,4.556287166378237,4,40
C_909,V8,244048.05,2024-01-24 00:00:00,1,179937.1240782123,101867.69807590247,0.6293486334145408,1.3562887311969614,1.0,179,1,114,27,1.1903185438182264,108,4.556287166378237,4,40
C_374,V11,236031.92,2024-01-24 00:00:00,1,182570.8592121212,102941.535881061,0.5193291609762489,1.292816543680843,0.0,165,1,114,27,1.1903185438182264,108,4.556287166378237,4,40
C_960,V6,169915.32,2024-01-24 00:00:00,1,144506.03180487806,76560.92735485801,0.3318788995129663,1.1758273481765906,1.0,205,1,114,27,1.1903185438182264,108,4.556287166378237,9,40
B_56,V20,253909.02,2024-01-24 07:00:00,1,84574.58505376344,95035.94061676953,1.781774895606825,3.0021550526501684,1.0,93,1,90,25,1.2081003143312812,82,4.327273674138019,26,40
D_747,V16,203665.16,2024-01-25 00:00:00,0,96281.34727272727,92447.62699932391,1.1615511902416684,2.1152907648076185,2.0,121,1,115,31,1.1810176484502735,103,4.55909598081628,26,40
C_233,V6,184781.33,2024-01-25 00:00:00,1,144506.03180487806,76560.92735485801,0.5260486456727944,1.2787013039580155,1.0,205,1,115,31,1.1810176484502735,103,4.55909598081628,9,40
C_1045,V6,165455.74,2024-01-25 00:00:00,1,144506.03180487806,76560.92735485801,0.273630888339864,1.1449667046196625,0.0,205,1,115,31,1.1810176484502735,103,4.55909598081628,9,40
D_395,V33,92973.82,2024-01-25 00:00:00,0,88242.64793103449,64151.09930319075,0.07374929457265951,1.0536035417831129,3.0,58,1,115,31,1.1810176484502735,103,4.55909598081628,32,40
A_850,V21,39079.04,2024-01-25 00:00:00,0,99317.54854545454,98935.44463436803,-0.608860655626685,0.39347171875065134,1.0,110,1,115,31,1.1810176484502735,103,4.55909598081628,23,40
C_781,V5,187833.89,2024-01-25 00:00:00,1,144407.3437244898,59983.82205994232,0.7239589080070029,1.300713554047541,0.0,196,1,115,31,1.1810176484502735,103,4.55909598081628,3,40
C_479,V5,180298.42,2024-01-25 00:00:00,1,144407.3437244898,59983.82205994232,0.5983359630481953,1.2485318739198565,0.0,196,1,115,31,1.1810176484502735,103,4.55909598081628,3,40
A_1075,V37,77225.28,2024-01-25 00:00:00,0,72052.50544117647,51928.02541711314,0.09961239436469081,1.0717768625850645,2.0,68,1,115,31,1.1810176484502735,103,4.55909598081628,25,40
A_561,V37,75668.69,2024-01-25 00:00:00,0,72052.50544117647,51928.02541711314,0.06963705807642255,1.050173611078158,0.0,68,1,115,31,1.1810176484502735,103,4.55909598081628,25,40
C_676,V5,193267.66,2024-01-25 00:00:00,1,144407.3437244898,59983.82205994232,0.8145446564246621,1.3383413659859345,0.0,196,1,115,31,1.1810176484502735,103,4.55909598081628,3,40
C_934,V5,154878.73,2024-01-25 00:00:00,1,144407.3437244898,59983.82205994232,0.17456726411635012,1.0725054107364198,2.0,196,1,115,31,1.1810176484502735,103,4.55909598081628,3,40
C_654,V7,185395.3,2024-01-25 00:00:00,1,144842.31624309393,63932.34127505827,0.6343010227235946,1.2799713843119052,0.0,181,1,115,31,1.1810176484502735,103,4.55909598081628,3,40
C_739,V7,204244.31,2024-01-25 00:00:00,1,144842.31624309393,63932.34127505827,0.9291238745264832,1.410105176390825,0.0,181,1,115,31,1.1810176484502735,103,4.55909598081628,3,40
C_699,V7,158499.25,2024-01-25 00:00:00,1,144842.31624309393,63932.34127505827,0.2136120760238434,1.0942807311452811,1.0,181,1,115,31,1.1810176484502735,103,4.55909598081628,3,40
C_819,V1,87980.36,2024-01-25 00:00:00,1,86403.7311111111,33948.99747755859,0.0464397350818971,1.0182354469324455,1.0,162,1,115,31,1.1810176484502735,103,4.55909598081628,18,40
C_1093,V8,286006.44,2024-01-25 00:00:00,1,179937.1240782123,101867.69807590247,1.0412356094190518,1.5894710554817377,1.0,179,1,115,31,1.1810176484502735,103,4.55909598081628,4,40
D_918,V6,60408.5,2024-01-25 00:00:00,0,144506.03180487806,76560.92735485801,-1.0984249575522462,0.4180315604403745,0.0,205,1,115,31,1.1810176484502735,103,4.55909598081628,9,40
A_323,V12,28082.91,2024-01-25 00:00:00,0,101944.13491379311,108863.03469822774,-0.6784722348251855,0.2754708208856409,1.0,116,1,115,31,1.1810176484502735,103,4.55909598081628,18,40
A_848,V10,60309.62,2024-01-25 00:00:00,0,184110.51882978724,99924.56226640988,-1.2389312206192418,0.3275711394014233,1.0,188,1,115,31,1.1810176484502735,103,4.55909598081628,4,40
A_414,V29,29481.76,2024-01-25 00:00:00,0,74548.44014492753,60050.95281301047,-0.7504615259599631,0.3954658806650473,3.0,69,1,115,31,1.1810176484502735,103,4.55909598081628,30,40
C_119,V3,92134.54,2024-01-25 00:00:00,1,83925.30547297298,30830.50022220062,0.2662612739524057,1.097802881715916,2.0,148,1,115,31,1.1810176484502735,103,4.55909598081628,16,40
A_1379,V9,47934.91,2024-01-25 00:00:00,0,188269.0858278146,100038.44686257221,-1.4027884022649255,0.25460715009095836,1.0,151,1,115,31,1.1810176484502735,103,4.55909598081628,4,40
B_394,V17,16146.16,2024-01-25 13:00:00,1,105661.17514285714,95526.67662806554,-0.9370584348176022,0.1528092714178002,2.0,105,1,93,30,1.2236064969239355,78,4.344049352970503,24,40
C_227,V10,241469.55,2024-01-26 00:00:00,1,184110.51882978724,99924.56226640988,0.5740175973920346,1.3115396121588718,1.0,188,1,107,30,1.2388152058529291,95,4.499371928662776,4,40
C_575,V5,183951.71,2024-01-26 00:00:00,1,144407.3437244898,59983.82205994232,0.659239536227912,1.273830204374847,0.0,196,1,107,30,1.2388152058529291,95,4.499371928662776,3,40
C_132,V7,182690.82,2024-01-26 00:00:00,1,144842.31624309393,63932.34127505827,0.5919994638489443,1.2612996218160715,1.0,181,1,107,30,1.2388152058529291,95,4.499371928662776,3,40
C_216,V7,189407.57,2024-01-26 00:00:00,1,144842.31624309393,63932.34127505827,0.6970581056474818,1.3076721447202497,0.0,181,1,107,30,1.2388152058529291,95,4.499371928662776,3,40
A_601,V11,57180.88,2024-01-26 00:00:00,0,182570.8592121212,102941.535881061,-1.2180579984642674,0.31319656954122577,0.0,165,1,107,30,1.2388152058529291,95,4.499371928662776,4,40
C_584,V10,258457.64,2024-01-26 00:00:00,1,184110.51882978724,99924.56226640988,0.7440250470845203,1.4038102647936246,0.0,188,1,107,30,1.2388152058529291,95,4.499371928662776,4,40
C_62,V11,247635.93,2024-01-26 00:00:00,1,182570.8592121212,102941.535881061,0.6320523409589838,1.3563751339809935,2.0,165,1,107,30,1.2388152058529291,95,4.499371928662776,4,40
C_125,V8,242880.64,2024-01-26 00:00:00,1,179937.1240782123,101867.69807590247,0.6178886852454758,1.3498008898571654,0.0,179,1,107,30,1.2388152058529291,95,4.499371928662776,4,40
C_650,V8,265449.28,2024-01-26 00:00:00,1,179937.1240782123,101867.69807590247,0.8394350525425635,1.4752253384870193,0.0,179,1,107,30,1.2388152058529291,95,4.499371928662776,4,40
C_107,V8,257853.26,2024-01-26 00:00:00,1,179937.1240782123,101867.69807590247,0.7648682803792418,1.433010715883205,1.0,179,1,107,30,1.2388152058529291,95,4.499371928662776,4,40
C_60,V5,173355.75,2024-01-26 00:00:00,1,144407.3437244898,59983.82205994232,0.48259551802258094,1.200455219753352,1.0,196,1,107,30,1.2388152058529291,95,4.499371928662776,3,40
A_776,V26,355839.06,2024-01-26 00:00:00,0,82902.77408450704,83596.62150892465,3.2648809976771296,4.29219373821606,6.0,71,1,107,30,1.2388152058529291,95,4.499371928662776,30,40
C_590,V6,186330.18,2024-01-26 00:00:00,1,144506.03180487806,76560.92735485801,0.5462786745332385,1.289419467501028,1.0,205,1,107,30,1.2388152058529291,95,4.499371928662776,9,40
C_947,V10,240747.57,2024-01-26 00:00:00,1,184110.51882978724,99924.56226640988,0.566792419133091,1.3076181845122536,0.0,188,1,107,30,1.2388152058529291,95,4.499371928662776,4,40
C_1051,V9,266526.18,2024-01-26 00:00:00,1,188269.0858278146,100038.44686257221,0.7822623637622667,1.4156586736979329,1.0,151,1,107,30,1.2388152058529291,95,4.499371928662776,4,40
C_1131,V4,105704.22,2024-01-26 00:00:00,1,81228.63022988506,33321.06049362434,0.7345160955697191,1.3013012579381473,0.0,174,1,107,30,1.2388152058529291,95,4.499371928662776,16,40
A_1133,V19,55439.28,2024-01-26 00:00:00,0,75791.63586956522,77277.72834882235,-0.26336297587220026,0.7314599810911422,18.0,92,1,107,30,1.2388152058529291,95,4.499371928662776,32,40
A_1378,V4,46044.45,2024-01-26 00:00:00,0,81228.63022988506,33321.06049362434,-1.0558824907186342,0.566843033381923,2.0,174,1,107,30,1.2388152058529291,95,4.499371928662776,16,40
A_725,V4,58761.61,2024-01-26 00:00:00,0,81228.63022988506,33321.06049362434,-0.674238624414711,0.7234011755771985,0.0,174,1,107,30,1.2388152058529291,95,4.499371928662776,16,40
C_503,V4,93287.46,2024-01-26 00:00:00,1,81228.63022988506,33321.06049362434,0.36188727802178416,1.148441273658276,0.0,174,1,107,30,1.2388152058529291,95,4.499371928662776,16,40
C_178,V4,101559.11,2024-01-26 00:00:00,1,81228.63022988506,33321.06049362434,0.6101207268981719,1.250271726124829,0.0,174,1,107,30,1.2388152058529291,95,4.499371928662776,16,40
B_396,V17,388085.79,2024-01-26 02:00:00,1,105661.17514285714,95526.67662806554,2.956469002766136,3.67289230488868,0.0,105,1,86,29,1.2208497960933493,74,4.273698093821936,24,40
B_395,V18,293662.69,2024-01-26 03:00:00,1,93668.06014705882,102265.70386062763,1.9556182247303124,3.135108749238592,2.0,136,1,85,29,1.1942118636797527,73,4.268964448782184,23,40
C_420,V8,262968.75,2024-01-27 00:00:00,1,179937.1240782123,101867.69807590247,0.815084785514003,1.4614398774419668,1.0,179,1,100,30,1.1753907804956085,88,4.435272879154371,4,40
A_119,V16,50629.2,2024-01-27 00:00:00,0,96281.34727272727,92447.62699932391,-0.49381098188793154,0.5258409400488423,2.0,121,1,100,30,1.1753907804956085,88,4.435272879154371,26,40
A_805,V20,61293.01,2024-01-27 00:00:00,0,84574.58505376344,95035.94061676953,-0.24497395331405838,0.7247128111621923,2.0,93,1,100,30,1.1753907804956085,88,4.435272879154371,26,40
C_146,V9,280953.96,2024-01-27 00:00:00,1,188269.0858278146,100038.44686257221,0.9264832731383449,1.4922920907198765,1.0,151,1,100,30,1.1753907804956085,88,4.435272879154371,4,40
D_911,V26,19964.58,2024-01-27 00:00:00,0,82902.77408450704,83596.62150892465,-0.7528706313467055,0.2408162984190482,1.0,71,1,100,30,1.1753907804956085,88,4.435272879154371,30,40
C_1170,V10,237215.45,2024-01-27 00:00:00,1,184110.51882978724,99924.56226640988,0.5314449072463621,1.2884335076248425,0.0,188,1,100,30,1.1753907804956085,88,4.435272879154371,4,40
C_378,V8,254448.29,2024-01-27 00:00:00,1,179937.1240782123,101867.69807590247,0.7314431943193125,1.4140877110033723,0.0,179,1,100,30,1.1753907804956085,88,4.435272879154371,4,40
C_454,V2,94382.26,2024-01-27 00:00:00,1,89201.08671052632,40922.37405936534,0.1266066987037195,1.0580723330641815,3.0,152,1,100,30,1.1753907804956085,88,4.435272879154371,20,40
C_61,V2,89565.56,2024-01-27 00:00:00,1,89201.08671052632,40922.37405936534,0.008906237519539785,1.0040747173398892,0.0,152,1,100,30,1.1753907804956085,88,4.435272879154371,20,40
C_855,V2,110667.79,2024-01-27 00:00:00,1,89201.08671052632,40922.37405936534,0.5245584896869228,1.2406412683946844,0.0,152,1,100,30,1.1753907804956085,88,4.435272879154371,20,40
A_761,V13,49194.02,2024-01-27 00:00:00,0,91248.5117,99126.94924086498,-0.4242445447732844,0.5391154328774341,3.0,100,1,100,30,1.1753907804956085,88,4.435272879154371,24,40
A_617,V33,82431.86,2024-01-27 00:00:00,0,88242.64793103449,64151.09930319075,-0.09057829742362733,0.9341393055783844,2.0,58,1,100,30,1.1753907804956085,88,4.435272879154371,32,40
A_615,V20,47094.76,2024-01-27 00:00:00,0,84574.58505376344,95035.94061676953,-0.3943711235918091,0.556836349048754,0.0,93,1,100,30,1.1753907804956085,88,4.435272879154371,26,40
C_477,V10,265746.23,2024-01-27 00:00:00,1,184110.51882978724,99924.56226640988,0.8169652421125752,1.4433981735042052,1.0,188,1,100,30,1.1753907804956085,88,4.435272879154371,4,40
C_333,V7,182128.55,2024-01-27 00:00:00,1,144842.31624309393,63932.34127505827,0.5832048351186707,1.2574177029634517,1.0,181,1,100,30,1.1753907804956085,88,4.435272879154371,3,40
C_576,V7,181683.52,2024-01-27 00:00:00,1,144842.31624309393,63932.34127505827,0.5762439913535159,1.2543452104830042,0.0,181,1,100,30,1.1753907804956085,88,4.435272879154371,3,40
C_754,V6,191613.91,2024-01-27 00:00:00,1,144506.03180487806,76560.92735485801,0.615291174382026,1.3259832937315357,1.0,205,1,100,30,1.1753907804956085,88,4.435272879154371,9,40
C_643,V11,234462.77,2024-01-27 00:00:00,1,182570.8592121212,102941.535881061,0.5040861908417944,1.2842218456437435,1.0,165,1,100,30,1.1753907804956085,88,4.435272879154371,4,40
C_475,V1,90359.87,2024-01-27 00:00:00,1,86403.7311111111,33948.99747755859,0.11652840008320921,1.04577456393913,2.0,162,1,100,30,1.1753907804956085,88,4.435272879154371,18,40
C_783,V4,92416.91,2024-01-27 00:00:00,1,81228.63022988506,33321.06049362434,0.335761942820302,1.1377241252785988,1.0,174,1,100,30,1.1753907804956085,88,4.435272879154371,16,40
C_83,V6,199275.18,2024-01-28 00:00:00,1,144506.03180487806,76560.92735485801,0.7153574901696452,1.3789998833349033,1.0,205,1,95,28,1.1862918229984178,83,4.378285292743087,9,40
C_730,V10,267964.63,2024-01-28 00:00:00,1,184110.51882978724,99924.56226640988,0.8391657676806533,1.4554473924455305,1.0,188,1,95,28,1.1862918229984178,83,4.378285292743087,4,40
A_321,V37,51086.49,2024-01-28 00:00:00,0,72052.50544117647,51928.02541711314,-0.4037436726911334,0.7090076976436119,3.0,68,1,95,28,1.1862918229984178,83,4.378285292743087,25,40
C_237,V1,108635.64,2024-01-28 00:00:00,1,86403.7311111111,33948.99747755859,0.6548427257935583,1.2572880975730523,0.0,162,1,95,28,1.1862918229984178,83,4.378285292743087,18,40
D_350,V9,60185.82,2024-01-28 00:00:00,0,188269.0858278146,100038.44686257221,-1.2803276092056683,0.31967808234306483,1.0,151,1,95,28,1.1862918229984178,83,4.378285292743087,4,40
C_839,V3,112383.6,2024-01-28 00:00:00,1,83925.30547297298,30830.50022220062,0.9230265904004006,1.3390747914691803,3.0,148,1,95,28,1.1862918229984178,83,4.378285292743087,16,40
C_1065,V3,86155.32,2024-01-28 00:00:00,1,83925.30547297298,30830.50022220062,0.0723290955988343,1.0265591880217442,0.0,148,1,95,28,1.1862918229984178,83,4.378285292743087,16,40
C_1135,V1,90060.1,2024-01-28 00:00:00,1,86403.7311111111,33948.99747755859,0.10769864979535893,1.0423051937305183,0.0,162,1,95,28,1.1862918229984178,83,4.378285292743087,18,40
C_785,V7,193158.57,2024-01-28 00:00:00,1,144842.31624309393,63932.34127505827,0.7557285884533499,1.333569093901561,1.0,181,1,95,28,1.1862918229984178,83,4.378285292743087,3,40
D_929,V1,32819.86,2024-01-28 00:00:00,0,86403.7311111111,33948.99747755859,-1.5783173812172084,0.37983869144613974,1.0,162,1,95,28,1.1862918229984178,83,4.378285292743087,18,40
A_39,V30,67610.69,2024-01-28 00:00:00,0,73122.4169117647,57615.25065897187,-0.09566271405594179,0.9246106494391981,6.0,68,1,95,28,1.1862918229984178,83,4.378285292743087,29,40
A_313,V39,62837.28,2024-01-28 00:00:00,0,59686.60327868852,62062.45272865382,0.05076541157138776,1.0527693616144254,9.0,61,1,95,28,1.1862918229984178,83,4.378285292743087,26,40
C_772,V4,105602.21,2024-01-28 00:00:00,1,81228.63022988506,33321.06049362434,0.7314547602714558,1.3000454354050237,0.0,174,1,95,28,1.1862918229984178,83,4.378285292743087,16,40
C_468,V11,264448.65,2024-01-28 00:00:00,1,182570.8592121212,102941.535881061,0.7953737498994563,1.4484633674719292,1.0,165,1,95,28,1.1862918229984178,83,4.378285292743087,4,40
C_1099,V4,97444.52,2024-01-28 00:00:00,1,81228.63022988506,33321.06049362434,0.4866412679737377,1.1996179192768177,1.0,174,1,95,28,1.1862918229984178,83,4.378285292743087,16,40
C_751,V1,91272.3,2024-01-28 00:00:00,1,86403.7311111111,33948.99747755859,0.14340410163821335,1.056334518102134,0.0,162,1,95,28,1.1862918229984178,83,4.378285292743087,18,40
C_585,V3,107043.86,2024-01-28 00:00:00,1,83925.30547297298,30830.50022220062,0.7498355370453303,1.275450639662336,0.0,148,1,95,28,1.1862918229984178,83,4.378285292743087,16,40
C_414,V6,177623.2,2024-01-28 00:00:00,1,144506.03180487806,76560.92735485801,0.43255400352745427,1.2291664826375879,0.0,205,1,95,28,1.1862918229984178,83,4.378285292743087,9,40
D_828,V20,113340.11,2024-01-28 00:00:00,0,84574.58505376344,95035.94061676953,0.30267730378897323,1.3401043566881787,1.0,93,1,95,28,1.1862918229984178,83,4.378285292743087,26,40
C_1105,V5,179278.55,2024-01-28 00:00:00,1,144407.3437244898,59983.82205994232,0.5813338287586098,1.24146947036549,2.0,196,1,95,28,1.1862918229984178,83,4.378285292743087,3,40
C_491,V8,266310.49,2024-01-28 00:00:00,1,179937.1240782123,101867.69807590247,0.8478891706010693,1.4800114837489629,1.0,179,1,95,28,1.1862918229984178,83,4.378285292743087,4,40
A_1340,V17,146124.51,2024-01-28 00:00:00,0,105661.17514285714,95526.67662806554,0.42357708556741913,1.3829405821187863,1.0,105,1,95,28,1.1862918229984178,83,4.378285292743087,24,40
C_636,V8,261110.44,2024-01-28 00:00:00,1,179937.1240782123,101867.69807590247,0.7968425773077552,1.4511123828683752,0.0,179,1,95,28,1.1862918229984178,83,4.378285292743087,4,40
C_616,V7,179757.88,2024-01-29 00:00:00,1,144842.31624309393,63932.34127505827,0.5461244956163016,1.2410505687284055,1.0,181,1,94,26,1.1627196812801468,84,4.367192417686588,3,40
D_365,V24,50464.67,2024-01-29 00:00:00,0,69961.0374137931,66357.40093125252,-0.2938040570626679,0.7213150426355482,6.0,58,1,94,26,1.1627196812801468,84,4.367192417686588,31,40
A_407,V15,148939.34,2024-01-29 00:00:00,0,101414.6991919192,81219.53730128995,0.5851308349732626,1.4686024075833368,9.0,99,1,94,26,1.1627196812801468,84,4.367192417686588,31,40
C_7,V11,272414.03,2024-01-29 00:00:00,1,182570.8592121212,102941.535881061,0.8727507052253203,1.492092106503093,1.0,165,1,94,26,1.1627196812801468,84,4.367192417686588,4,40
C_98,V8,284804.26,2024-01-29 00:00:00,1,179937.1240782123,101867.69807590247,1.02943433952254,1.5827899810504102,0.0,179,1,94,26,1.1627196812801468,84,4.367192417686588,4,40
C_578,V8,217437.4,2024-01-29 00:00:00,1,179937.1240782123,101867.69807590247,0.36812363984318514,1.2084009495702432,1.0,179,1,94,26,1.1627196812801468,84,4.367192417686588,4,40
C_731,V1,88501.1,2024-01-29 00:00:00,1,86403.7311111111,33948.99747755859,0.06177817510223058,1.0242622002514319,0.0,162,1,94,26,1.1627196812801468,84,4.367192417686588,18,40
D_284,V36,29102.56,2024-01-29 00:00:00,0,77526.48523809524,111324.58196102447,-0.4349757206303997,0.37538377403346584,9.0,63,1,94,26,1.1627196812801468,84,4.367192417686588,20,40
C_1114,V1,101223.78,2024-01-29 00:00:00,1,86403.7311111111,33948.99747755859,0.43652577290131317,1.1715073781067904,0.0,162,1,94,26,1.1627196812801468,84,4.367192417686588,18,40
D_619,V28,48035.52,2024-01-29 00:00:00,0,87976.94703125,91319.31227399668,-0.4373772497777942,0.5459950092144984,5.0,64,1,94,26,1.1627196812801468,84,4.367192417686588,26,40
C_673,V2,86930.06,2024-01-29 00:00:00,1,89201.08671052632,40922.37405936534,-0.0554946106650899,0.9745294443850918,2.0,152,1,94,26,1.1627196812801468,84,4.367192417686588,20,40
D_883,V37,21508.7,2024-01-29 00:00:00,0,72052.50544117647,51928.02541711314,-0.9733247453652353,0.2985101122881442,1.0,68,1,94,26,1.1627196812801468,84,4.367192417686588,25,40
C_1055,V1,102997.72,2024-01-29 00:00:00,1,86403.7311111111,33948.99747755859,0.4887773231752889,1.1920379668510437,1.0,162,1,94,26,1.1627196812801468,84,4.367192417686588,18,40
A_559,V22,32374.95,2024-01-29 00:00:00,0,85951.16571428571,86159.38158415664,-0.6218196197512829,0.376662411365152,5.0,91,1,94,26,1.1627196812801468,84,4.367192417686588,29,40
D_451,V34,50238.15,2024-01-29 00:00:00,0,87031.30054545455,69584.65178653522,-0.5287462228323052,0.5772356893376847,8.0,55,1,94,26,1.1627196812801468,84,4.367192417686588,32,40
C_122,V4,90062.92,2024-01-29 00:00:00,1,81228.63022988506,33321.06049362434,0.2651183522040973,1.1087446753741972,1.0,174,1,94,26,1.1627196812801468,84,4.367192417686588,16,40
A_599,V6,77967.57,2024-01-29 00:00:00,0,144506.03180487806,76560.92735485801,-0.8690802870789545,0.5395417027544821,1.0,205,1,94,26,1.1627196812801468,84,4.367192417686588,9,40
D_209,V12,47638.95,2024-01-29 00:00:00,0,101944.13491379311,108863.03469822774,-0.49883494640197434,0.4672998867506965,4.0,116,1,94,26,1.1627196812801468,84,4.367192417686588,18,40
A_473,V17,219207.88,2024-01-29 00:00:00,0,105661.17514285714,95526.67662806554,1.1886262585369256,2.074610708170895,1.0,105,1,94,26,1.1627196812801468,84,4.367192417686588,24,40
C_102,V3,83184.6,2024-01-29 00:00:00,1,83925.30547297298,30830.50022220062,-0.024024308503794996,0.9911624195918903,1.0,148,1,94,26,1.1627196812801468,84,4.367192417686588,16,40
C_627,V10,255897.59,2024-01-29 00:00:00,1,184110.51882978724,99924.56226640988,0.7184054764567893,1.389905377058888,0.0,188,1,94,26,1.1627196812801468,84,4.367192417686588,4,40
C_326,V10,277677.69,2024-01-29 00:00:00,1,184110.51882978724,99924.56226640988,0.936368723357842,1.5082037873834258,1.0,188,1,94,26,1.1627196812801468,84,4.367192417686588,4,40
D_722,V29,155769.35,2024-01-29 00:00:00,0,74548.44014492753,60050.95281301047,1.3525107186435354,2.0894771268191583,4.0,69,1,94,26,1.1627196812801468,84,4.367192417686588,30,40
D_292,V37,35468.02,2024-01-29 00:00:00,0,72052.50544117647,51928.02541711314,-0.7045093788553966,0.49224558587167727,0.0,68,1,94,26,1.1627196812801468,84,4.367192417686588,25,40
C_922,V5,173302.96,2024-01-29 00:00:00,1,144407.3437244898,59983.82205994232,0.4817154620653047,1.2000896591587322,1.0,196,1,94,26,1.1627196812801468,84,4.367192417686588,3,40
A_1351,V37,103696.43,2024-01-29 00:00:00,0,72052.50544117647,51928.02541711314,0.6093687355895439,1.4391587108090997,0.0,68,1,94,26,1.1627196812801468,84,4.367192417686588,25,40
C_547,V4,90947.18,2024-01-30 00:00:00,1,81228.63022988506,33321.06049362434,0.2916551265482044,1.1196306045295743,1.0,174,1,89,24,1.132556183243004,81,4.296537439516633,16,40
C_282,V3,95080.66,2024-01-30 00:00:00,1,83925.30547297298,30830.50022220062,0.36181679278112033,1.13290653584911,1.0,148,1,89,24,1.132556183243004,81,4.296537439516633,16,40
A_1467,V15,132393.84,2024-01-30 00:00:00,0,101414.6991919192,81219.53730128995,0.3814200427308524,1.3054570550212126,1.0,99,1,89,24,1.132556183243004,81,4.296537439516633,31,40
C_559,V10,279480.95,2024-01-30 00:00:00,1,184110.51882978724,99924.56226640988,0.9544147564158534,1.5179981772807092,1.0,188,1,89,24,1.132556183243004,81,4.296537439516633,4,40
C_717,V5,182574.41,2024-01-30 00:00:00,1,144407.3437244898,59983.82205994232,0.6362787279317123,1.264292666830426,1.0,196,1,89,24,1.132556183243004,81,4.296537439516633,3,40
C_571,V10,239922.05,2024-01-30 00:00:00,1,184110.51882978724,99924.56226640988,0.5585310695717134,1.3031343803198434,0.0,188,1,89,24,1.132556183243004,81,4.296537439516633,4,40
A_285,V16,236312.99,2024-01-30 00:00:00,0,96281.34727272727,92447.62699932391,1.5146968351222434,2.4543750406356937,3.0,121,1,89,24,1.132556183243004,81,4.296537439516633,26,40
C_549,V2,89797.6,2024-01-30 00:00:00,1,89201.08671052632,40922.37405936534,0.014576346725672207,1.0066760017779204,0.0,152,1,89,24,1.132556183243004,81,4.296537439516633,20,40
C_889,V2,84789.31,2024-01-30 00:00:00,1,89201.08671052632,40922.37405936534,-0.10780579099187647,0.9505305663437401,1.0,152,1,89,24,1.132556183243004,81,4.296537439516633,20,40
C_1141,V2,107123.56,2024-01-30 00:00:00,1,89201.08671052632,40922.37405936534,0.43795199446347,1.2009086777042723,0.0,152,1,89,24,1.132556183243004,81,4.296537439516633,20,40
C_1174,V2,85715.38,2024-01-30 00:00:00,1,89201.08671052632,40922.37405936534,-0.08517642522509959,0.9609122741507026,0.0,152,1,89,24,1.132556183243004,81,4.296537439516633,20,40
C_1020,V7,197463.13,2024-01-30 00:00:00,1,144842.31624309393,63932.34127505827,0.8230574643442662,1.3632878279905785,1.0,181,1,89,24,1.132556183243004,81,4.296537439516633,3,40
C_588,V4,95482.06,2024-01-30 00:00:00,1,81228.63022988506,33321.06049362434,0.42774755099079503,1.1754585085489082,0.0,174,1,89,24,1.132556183243004,81,4.296537439516633,16,40
C_271,V1,100547.2,2024-01-30 00:00:00,1,86403.7311111111,33948.99747755859,0.4165970527166583,1.1636770198463156,1.0,162,1,89,24,1.132556183243004,81,4.296537439516633,18,40
A_1107,V36,48410.32,2024-01-30 00:00:00,0,77526.48523809524,111324.58196102447,-0.26154065153047146,0.624427838092861,1.0,63,1,89,24,1.132556183243004,81,4.296537439516633,20,40
D_493,V2,132084.5,2024-01-31 00:00:00,0,89201.08671052632,40922.37405936534,1.0478953477116775,1.4807332975139171,1.0,152,1,94,27,1.1111369829736515,83,4.335064154078377,20,40
A_1000,V25,29766.24,2024-01-31 00:00:00,0,84963.20919354838,94781.91364408535,-0.5823514710764832,0.3503385752957759,9.0,62,1,94,27,1.1111369829736515,83,4.335064154078377,26,40
C_658,V10,246487.18,2024-01-31 00:00:00,1,184110.51882978724,99924.56226640988,0.6242312753158333,1.3387928227775885,1.0,188,1,94,27,1.1111369829736515,83,4.335064154078377,4,40
C_639,V7,156275.15,2024-01-31 00:00:00,1,144842.31624309393,63932.34127505827,0.17882428055369373,1.0789255179556905,1.0,181,1,94,27,1.1111369829736515,83,4.335064154078377,3,40
C_920,V1,95401.82,2024-01-31 00:00:00,1,86403.7311111111,33948.99747755859,0.26503945677276597,1.1041272714259038,1.0,162,1,94,27,1.1111369829736515,83,4.335064154078377,18,40
C_276,V9,279794.53,2024-01-31 00:00:00,1,188269.0858278146,100038.44686257221,0.9148935449225069,1.486133757095594,3.0,151,1,94,27,1.1111369829736515,83,4.335064154078377,4,40
C_883,V9,259744.91,2024-01-31 00:00:00,1,188269.0858278146,100038.44686257221,0.7144764031969741,1.3796398342196214,0.0,151,1,94,27,1.1111369829736515,83,4.335064154078377,4,40
A_1333,V22,23664.55,2024-01-31 00:00:00,0,85951.16571428571,86159.38158415664,-0.7229148080483793,0.27532232379883853,2.0,91,1,94,27,1.1111369829736515,83,4.335064154078377,29,40
D_92,V14,116219.57,2024-01-31 00:00:00,0,101404.49841584158,100941.99680096707,0.14676671045708936,1.1460874589207106,11.0,101,1,94,27,1.1111369829736515,83,4.335064154078377,21,40
C_707,V1,98671.13,2024-01-31 00:00:00,1,86403.7311111111,33948.99747755859,0.36133725479649353,1.1419644356408571,0.0,162,1,94,27,1.1111369829736515,83,4.335064154078377,18,40
C_434,V3,105568.49,2024-01-31 00:00:00,1,83925.30547297298,30830.50022220062,0.7019828542576911,1.25787128844837,1.0,148,1,94,27,1.1111369829736515,83,4.335064154078377,16,40
C_642,V3,82739.95,2024-01-31 00:00:00,1,83925.30547297298,30830.50022220062,-0.038446247001612005,0.9858643191036804,0.0,148,1,94,27,1.1111369829736515,83,4.335064154078377,16,40
C_988,V4,100705.02,2024-01-31 00:00:00,1,81228.63022988506,33321.06049362434,0.5844893587490319,1.239757213162221,1.0,174,1,94,27,1.1111369829736515,83,4.335064154078377,16,40
C_720,V6,169568.35,2024-01-31 00:00:00,1,144506.03180487806,76560.92735485801,0.3273470125557346,1.1734262885487898,2.0,205,1,94,27,1.1111369829736515,83,4.335064154078377,9,40
C_862,V4,89252.55,2024-01-31 00:00:00,1,81228.63022988506,33321.06049362434,0.2407990277687117,1.0987683896554687,0.0,174,1,94,27,1.1111369829736515,83,4.335064154078377,16,40
C_522,V8,241421.55,2024-01-31 00:00:00,1,179937.1240782123,101867.69807590247,0.6035654433904276,1.3416920468452986,2.0,179,1,94,27,1.1111369829736515,83,4.335064154078377,4,40
C_697,V8,241931.1,2024-02-01 00:00:00,1,179937.1240782123,101867.69807590247,0.6085674706041293,1.344523853626715,1.0,179,1,94,27,1.1034117422881873,82,4.330983224784897,4,40
A_1296,V2,91002.33,2024-02-01 00:00:00,0,89201.08671052632,40922.37405936534,0.0440150239533211,1.0201816275365365,1.0,152,1,94,27,1.1034117422881873,82,4.330983224784897,20,40
C_508,V3,98912.67,2024-02-01 00:00:00,1,83925.30547297298,30830.50022220062,0.48610558743538457,1.1785657600745112,0.0,148,1,94,27,1.1034117422881873,82,4.330983224784897,16,40
D_474,V40,19556.11,2024-02-01 00:00:00,0,57973.75227272727,46945.974214180664,-0.8183198793059373,0.33732114814399417,11.0,66,1,94,27,1.1034117422881873,82,4.330983224784897,19,40
A_922,V37,23426.26,2024-02-01 00:00:00,0,72052.50544117647,51928.02541711314,-0.9363981906186856,0.32512311311661146,3.0,68,1,94,27,1.1034117422881873,82,4.330983224784897,25,40
C_1016,V3,105486.08,2024-02-01 00:00:00,1,83925.30547297298,30830.50022220062,0.6993099385900758,1.2568893555545582,0.0,148,1,94,27,1.1034117422881873,82,4.330983224784897,16,40
C_623,V4,88600.06,2024-02-01 00:00:00,1,81228.63022988506,33321.06049362434,0.22121770565554738,1.090735729674703,1.0,174,1,94,27,1.1034117422881873,82,4.330983224784897,16,40
C_533,V10,276037.16,2024-02-01 00:00:00,1,184110.51882978724,99924.56226640988,0.9199512025274239,1.4992932639657317,1.0,188,1,94,27,1.1034117422881873,82,4.330983224784897,4,40
C_713,V3,94498.81,2024-02-01 00:00:00,1,83925.30547297298,30830.50022220062,0.3429448599913874,1.1259736678201773,1.0,148,1,94,27,1.1034117422881873,82,4.330983224784897,16,40
C_649,V11,247806.81,2024-02-01 00:00:00,1,182570.8592121212,102941.535881061,0.6337122961809675,1.3573110942146103,0.0,165,1,94,27,1.1034117422881873,82,4.330983224784897,4,40
C_14,V9,259239.36,2024-02-01 00:00:00,1,188269.0858278146,100038.44686257221,0.709422896646758,1.3769545961597505,0.0,151,1,94,27,1.1034117422881873,82,4.330983224784897,4,40
C_506,V9,248858.38,2024-02-01 00:00:00,1,188269.0858278146,100038.44686257221,0.6056540302088946,1.3218158312606145,0.0,151,1,94,27,1.1034117422881873,82,4.330983224784897,4,40
C_1102,V11,260094.1,2024-02-01 00:00:00,1,182570.8592121212,102941.535881061,0.7530729656538532,1.4246122108983377,3.0,165,1,94,27,1.1034117422881873,82,4.330983224784897,4,40
D_940,V4,34903.92,2024-02-01 00:00:00,0,81228.63022988506,33321.06049362434,-1.3902114558236451,0.4296944341765396,0.0,174,1,94,27,1.1034117422881873,82,4.330983224784897,16,40
C_340,V9,239848.6,2024-02-01 00:00:00,1,188269.0858278146,100038.44686257221,0.5155917569500564,1.2739602202091593,1.0,151,1,94,27,1.1034117422881873,82,4.330983224784897,4,40
C_298,V7,179242.52,2024-02-02 00:00:00,1,144842.31624309393,63932.34127505827,0.5380635998501505,1.2374925170808233,2.0,181,1,105,29,1.106731771470573,93,4.447581219363054,3,40
D_278,V26,78191.3,2024-02-02 00:00:00,0,82902.77408450704,83596.62150892465,-0.05635894896847095,0.9431573033128332,6.0,71,1,105,29,1.106731771470573,93,4.447581219363054,30,40
C_659,V11,270012.83,2024-02-02 00:00:00,1,182570.8592121212,102941.535881061,0.8494250703995536,1.4789400248495332,1.0,165,1,105,29,1.106731771470573,93,4.447581219363054,4,40
C_504,V5,184552.86,2024-02-02 00:00:00,1,144407.3437244898,59983.82205994232,0.6692612380410684,1.2779930524797107,0.0,196,1,105,29,1.106731771470573,93,4.447581219363054,3,40
C_1150,V3,95294.26,2024-02-02 00:00:00,1,83925.30547297298,30830.50022220062,0.3687447722326744,1.1354516258396228,1.0,148,1,105,29,1.106731771470573,93,4.447581219363054,16,40
C_112,V1,92976.39,2024-02-02 00:00:00,1,86403.7311111111,33948.99747755859,0.19359821435137106,1.0760567020391296,2.0,162,1,105,29,1.106731771470573,93,4.447581219363054,18,40
C_981,V5,167327.63,2024-02-02 00:00:00,1,144407.3437244898,59983.82205994232,0.3821014298017949,1.1587116484019573,3.0,196,1,105,29,1.106731771470573,93,4.447581219363054,3,40
D_264,V14,7056.06,2024-02-02 00:00:00,0,101404.49841584158,100941.99680096707,-0.9346704715124694,0.06958261741453757,2.0,101,1,105,29,1.106731771470573,93,4.447581219363054,21,40
C_586,V2,99921.4,2024-02-02 00:00:00,1,89201.08671052632,40922.37405936534,0.26196064073119424,1.1201688624646124,0.0,152,1,105,29,1.106731771470573,93,4.447581219363054,20,40
C_640,V2,103673.06,2024-02-02 00:00:00,1,89201.08671052632,40922.37405936534,0.35363587734676927,1.1622268471861437,1.0,152,1,105,29,1.106731771470573,93,4.447581219363054,20,40
C_797,V4,89161.8,2024-02-02 00:00:00,1,81228.63022988506,33321.06049362434,0.23807560674805292,1.0976511864902794,0.0,174,1,105,29,1.106731771470573,93,4.447581219363054,16,40
C_958,V1,108849.36,2024-02-02 00:00:00,1,86403.7311111111,33948.99747755859,0.6611378661729139,1.2597615732410128,0.0,162,1,105,29,1.106731771470573,93,4.447581219363054,18,40
C_1197,V5,167453.65,2024-02-02 00:00:00,1,144407.3437244898,59983.82205994232,0.3842022945817897,1.1595843126590892,0.0,196,1,105,29,1.106731771470573,93,4.447581219363054,3,40
A_40,V9,75499.73,2024-02-02 00:00:00,0,188269.0858278146,100038.44686257221,-1.1272488939561003,0.4010181950469257,1.0,151,1,105,29,1.106731771470573,93,4.447581219363054,4,40
C_589,V9,263883.69,2024-02-02 00:00:00,1,188269.0858278146,100038.44686257221,0.7558478834460163,1.4016230397926255,0.0,151,1,105,29,1.106731771470573,93,4.447581219363054,4,40
D_375,V4,20557.0,2024-02-02 00:00:00,0,81228.63022988506,33321.06049362434,-1.8207646625422111,0.25307267732011546,1.0,174,1,105,29,1.106731771470573,93,4.447581219363054,16,40
C_842,V10,253396.11,2024-02-02 00:00:00,1,184110.51882978724,99924.56226640988,0.6933720421356409,1.3763186117337232,1.0,188,1,105,29,1.106731771470573,93,4.447581219363054,4,40
C_199,V6,182232.16,2024-02-02 00:00:00,1,144506.03180487806,76560.92735485801,0.49275311500799285,1.2610608475168228,0.0,205,1,105,29,1.106731771470573,93,4.447581219363054,9,40
C_675,V6,183054.97,2024-02-02 00:00:00,1,144506.03180487806,76560.92735485801,0.5035001015119551,1.2667547572852484,0.0,205,1,105,29,1.106731771470573,93,4.447581219363054,9,40
D_902,V5,116808.71,2024-02-02 00:00:00,0,144407.3437244898,59983.82205994232,-0.4600936166303987,0.8088778458871747,0.0,196,1,105,29,1.106731771470573,93,4.447581219363054,3,40
C_810,V5,181389.9,2024-02-02 00:00:00,1,144407.3437244898,59983.82205994232,0.6165318993286977,1.2560901629483796,0.0,196,1,105,29,1.106731771470573,93,4.447581219363054,3,40
C_242,V6,169285.74,2024-02-02 00:00:00,1,144506.03180487806,76560.92735485801,0.3236557522940886,1.1714706051715158,2.0,205,1,105,29,1.106731771470573,93,4.447581219363054,9,40
B_372,V22,236900.82,2024-02-02 01:00:00,1,85951.16571428571,86159.38158415664,1.7519613018226379,2.7561937274214117,2.0,91,1,83,28,1.1102811696088164,72,4.195116336969177,29,40
B_370,V20,24857.35,2024-02-02 09:00:00,1,84574.58505376344,95035.94061676953,-0.628358138069379,0.2939069234247514,5.0,93,0,82,27,1.0966960709709885,72,4.1807885788253945,26,40
B_371,V20,23406.46,2024-02-02 14:00:00,1,84574.58505376344,95035.94061676953,-0.6436247279930869,0.27675197263040935,0.0,93,1,81,27,1.1032692704516307,70,4.174357858676642,26,40
B_373,V19,427.08,2024-02-02 17:00:00,1,75791.63586956522,77277.72834882235,-0.9752302797916537,0.005634848228988634,7.0,92,1,80,26,1.1100926269651505,70,4.168157368418992,32,40
C_756,V1,88608.63,2024-02-03 00:00:00,1,86403.7311111111,33948.99747755859,0.06494548019764562,1.0255066922904352,1.0,162,1,101,28,1.1290219555741756,89,4.430893117985469,18,40
C_393,V4,96473.06,2024-02-03 00:00:00,1,81228.63022988506,33321.06049362434,0.4574876086378788,1.1876584902205642,1.0,174,1,101,28,1.1290219555741756,89,4.430893117985469,16,40
C_344,V7,182385.54,2024-02-03 00:00:00,1,144842.31624309393,63932.34127505827,0.5872244905109077,1.2591919650189318,0.0,181,1,101,28,1.1290219555741756,89,4.430893117985469,3,40
A_273,V39,37432.08,2024-02-03 00:00:00,0,59686.60327868852,62062.45272865382,-0.3585769450498831,0.6271332394638995,6.0,61,1,101,28,1.1290219555741756,89,4.430893117985469,26,40
C_361,V10,271685.45,2024-02-03 00:00:00,1,184110.51882978724,99924.56226640988,0.8764016852537763,1.4756569916256879,0.0,188,1,101,28,1.1290219555741756,89,4.430893117985469,4,40
C_882,V7,174910.75,2024-02-03 00:00:00,1,144842.31624309393,63932.34127505827,0.47030912442920286,1.2075859248240575,1.0,181,1,101,28,1.1290219555741756,89,4.430893117985469,3,40
D_998,V10,18405.62,2024-02-03 00:00:00,0,184110.51882978724,99924.56226640988,-1.6582833768601088,0.09996995362911627,1.0,188,1,101,28,1.1290219555741756,89,4.430893117985469,4,40
C_808,V3,117751.58,2024-02-03 00:00:00,1,83925.30547297298,30830.50022220062,1.0971335901024362,1.403035428956418,1.0,148,1,101,28,1.1290219555741756,89,4.430893117985469,16,40
D_564,V17,77553.27,2024-02-03 00:00:00,0,105661.17514285714,95526.67662806554,-0.2942383415467595,0.7339738169798852,5.0,105,1,101,28,1.1290219555741756,89,4.430893117985469,24,40
C_687,V5,188771.51,2024-02-03 00:00:00,1,144407.3437244898,59983.82205994232,0.739589862101741,1.307206392174601,0.0,196,1,101,28,1.1290219555741756,89,4.430893117985469,3,40
D_898,V5,32406.9,2024-02-03 00:00:00,0,144407.3437244898,59983.82205994232,-1.8671463860069253,0.22441154828163998,1.0,196,1,101,28,1.1290219555741756,89,4.430893117985469,3,40
C_439,V10,264034.45,2024-02-03 00:00:00,1,184110.51882978724,99924.56226640988,0.7998346905182171,1.4341006563750216,0.0,188,1,101,28,1.1290219555741756,89,4.430893117985469,4,40
A_1084,V16,39385.09,2024-02-03 00:00:00,0,96281.34727272727,92447.62699932391,-0.6154364766622588,0.40905826577366927,4.0,121,1,101,28,1.1290219555741756,89,4.430893117985469,26,40
C_1061,V1,105911.74,2024-02-03 00:00:00,1,86403.7311111111,33948.99747755859,0.5746100246924601,1.2257632034500994,0.0,162,1,101,28,1.1290219555741756,89,4.430893117985469,18,40
C_364,V2,94957.06,2024-02-03 00:00:00,1,89201.08671052632,40922.37405936534,0.14065246138120965,1.0645161285088476,1.0,152,1,101,28,1.1290219555741756,89,4.430893117985469,20,40
A_289,V25,57590.71,2024-02-03 00:00:00,0,84963.20919354838,94781.91364408535,-0.2887914935421114,0.6778231745652857,3.0,62,1,101,28,1.1290219555741756,89,4.430893117985469,26,40
C_1115,V11,257336.06,2024-02-03 00:00:00,1,182570.8592121212,102941.535881061,0.7262809308900445,1.4095056111632953,1.0,165,1,101,28,1.1290219555741756,89,4.430893117985469,4,40
C_413,V8,255784.92,2024-02-04 00:00:00,1,179937.1240782123,101867.69807590247,0.7445643004613001,1.421515986733417,0.0,179,1,107,28,1.1556311677215123,100,4.490083131797949,4,40
A_254,V31,38085.55,2024-02-04 00:00:00,0,67268.36175438597,41034.01405489689,-0.7111685575480741,0.566164878136618,15.0,57,1,107,28,1.1556311677215123,100,4.490083131797949,18,40
D_393,V35,136264.49,2024-02-04 00:00:00,0,75008.17954545454,56348.584614378604,1.0870765219255016,1.816637521243991,15.0,66,1,107,28,1.1556311677215123,100,4.490083131797949,29,40
C_390,V6,198682.58,2024-02-04 00:00:00,1,144506.03180487806,76560.92735485801,0.7076173506450307,1.3748990448317626,0.0,205,1,107,28,1.1556311677215123,100,4.490083131797949,9,40
C_154,V6,190029.05,2024-02-04 00:00:00,1,144506.03180487806,76560.92735485801,0.5945908073098345,1.3150159381627078,2.0,205,1,107,28,1.1556311677215123,100,4.490083131797949,9,40
D_431,V38,59084.6,2024-02-04 00:00:00,0,71190.65382978723,52355.46745943829,-0.2312236561637024,0.8299371741140598,12.0,47,1,107,28,1.1556311677215123,100,4.490083131797949,25,40
C_250,V3,98152.57,2024-02-04 00:00:00,1,83925.30547297298,30830.50022220062,0.4614522298458414,1.1695090049163233,1.0,148,1,107,28,1.1556311677215123,100,4.490083131797949,16,40
C_510,V2,103462.51,2024-02-04 00:00:00,1,89201.08671052632,40922.37405936534,0.34849089590671084,1.1598664763947824,1.0,152,1,107,28,1.1556311677215123,100,4.490083131797949,20,40
C_194,V2,82353.99,2024-02-04 00:00:00,1,89201.08671052632,40922.37405936534,-0.16731505815218453,0.9232294112944983,0.0,152,1,107,28,1.1556311677215123,100,4.490083131797949,20,40
C_42,V5,183835.59,2024-02-04 00:00:00,1,144407.3437244898,59983.82205994232,0.6573037131978134,1.2730260957132205,1.0,196,1,107,28,1.1556311677215123,100,4.490083131797949,3,40
C_825,V4,97312.1,2024-02-04 00:00:00,1,81228.63022988506,33321.06049362434,0.48266732404475,1.197987725964042,1.0,174,1,107,28,1.1556311677215123,100,4.490083131797949,16,40
A_21,V5,53464.4,2024-02-04 00:00:00,0,144407.3437244898,59983.82205994232,-1.5160992498004127,0.3702306848834326,0.0,196,1,107,28,1.1556311677215123,100,4.490083131797949,3,40
A_44,V9,19892.37,2024-02-04 00:00:00,0,188269.0858278146,100038.44686257221,-1.6831032268612975,0.10565868662849011,2.0,151,1,107,28,1.1556311677215123,100,4.490083131797949,4,40
D_585,V12,252409.69,2024-02-04 00:00:00,0,101944.13491379311,108863.03469822774,1.382142004044761,2.475936592888349,6.0,116,1,107,28,1.1556311677215123,100,4.490083131797949,18,40
C_433,V8,279955.73,2024-02-04 00:00:00,1,179937.1240782123,101867.69807590247,0.981838462755887,1.5558444406051148,0.0,179,1,107,28,1.1556311677215123,100,4.490083131797949,4,40
A_191,V13,55381.83,2024-02-04 00:00:00,0,91248.5117,99126.94924086498,-0.36182208927625176,0.6069274121934836,8.0,100,1,107,28,1.1556311677215123,100,4.490083131797949,24,40
C_1112,V10,242313.38,2024-02-04 00:00:00,1,184110.51882978724,99924.56226640988,0.5824621833504333,1.3161228669457716,1.0,188,1,107,28,1.1556311677215123,100,4.490083131797949,4,40
A_666,V13,27187.73,2024-02-04 00:00:00,0,91248.5117,99126.94924086498,-0.6462433873653797,0.2979493204235963,0.0,100,1,107,28,1.1556311677215123,100,4.490083131797949,24,40
C_759,V8,260803.11,2024-02-04 00:00:00,1,179937.1240782123,101867.69807590247,0.7938256544864679,1.4494044068539846,3.0,179,1,107,28,1.1556311677215123,100,4.490083131797949,4,40
C_258,V1,86681.55,2024-02-04 00:00:00,1,86403.7311111111,33948.99747755859,0.008183178483961308,1.0032037468935924,1.0,162,1,107,28,1.1556311677215123,100,4.490083131797949,18,40
B_357,V14,33173.09,2024-02-04 06:00:00,1,101404.49841584158,100941.99680096707,-0.6759399916605993,0.32713305016227495,2.0,101,1,88,26,1.157651034570386,82,4.298418571565342,21,40
C_1052,V3,92556.24,2024-02-05 00:00:00,1,83925.30547297298,30830.50022220062,0.27993884387150947,1.1028275280127295,1.0,148,1,109,27,1.153848593484469,101,4.5173328797368235,16,40
C_1166,V11,257873.64,2024-02-05 00:00:00,1,182570.8592121212,102941.535881061,0.7315030676423501,1.4124500956107886,0.0,165,1,109,27,1.153848593484469,101,4.5173328797368235,4,40
C_171,V5,172906.6,2024-02-05 00:00:00,1,144407.3437244898,59983.82205994232,0.4751077905512689,1.1973449424077653,1.0,196,1,109,27,1.153848593484469,101,4.5173328797368235,3,40
A_200,V11,184900.7,2024-02-05 00:00:00,0,182570.8592121212,102941.535881061,0.022632440204996433,1.0127557488756964,0.0,165,1,109,27,1.153848593484469,101,4.5173328797368235,4,40
C_247,V11,244912.2,2024-02-05 00:00:00,1,182570.8592121212,102941.535881061,0.605593598936668,1.341456460250255,2.0,165,1,109,27,1.153848593484469,101,4.5173328797368235,4,40
C_283,V2,85783.51,2024-02-05 00:00:00,1,89201.08671052632,40922.37405936534,-0.0835116064860299,0.9616760455209966,1.0,152,1,109,27,1.153848593484469,101,4.5173328797368235,20,40
C_507,V11,259261.93,2024-02-05 00:00:00,1,182570.8592121212,102941.535881061,0.744989135263649,1.4200541700064324,0.0,165,1,109,27,1.153848593484469,101,4.5173328797368235,4,40
C_464,V9,272071.56,2024-02-05 00:00:00,1,188269.0858278146,100038.44686257221,0.8376942976035032,1.4451130608652687,1.0,151,1,109,27,1.153848593484469,101,4.5173328797368235,4,40
C_272,V9,258662.5,2024-02-05 00:00:00,1,188269.0858278146,100038.44686257221,0.7036565712812005,1.3738905937322614,0.0,151,1,109,27,1.153848593484469,101,4.5173328797368235,4,40
C_323,V5,203860.01,2024-02-05 00:00:00,1,144407.3437244898,59983.82205994232,0.9911284927393745,1.4116913520518966,0.0,196,1,109,27,1.153848593484469,101,4.5173328797368235,3,40
A_340,V11,10384.49,2024-02-05 00:00:00,0,182570.8592121212,102941.535881061,-1.6726454981744765,0.056878919044882896,0.0,165,1,109,27,1.153848593484469,101,4.5173328797368235,4,40
C_516,V10,246532.55,2024-02-05 00:00:00,1,184110.51882978724,99924.56226640988,0.624685313291412,1.339039249510084,1.0,188,1,109,27,1.153848593484469,101,4.5173328797368235,4,40
C_1185,V7,179657.38,2024-02-05 00:00:00,1,144842.31624309393,63932.34127505827,0.544552545863705,1.2403567155178692,0.0,181,1,109,27,1.153848593484469,101,4.5173328797368235,3,40
A_771,V16,37666.31,2024-02-05 00:00:00,0,96281.34727272727,92447.62699932391,-0.634028207613683,0.3912068106660012,2.0,121,1,109,27,1.153848593484469,101,4.5173328797368235,26,40
C_666,V7,181321.98,2024-02-05 00:00:00,1,144842.31624309393,63932.34127505827,0.570589038979847,1.2518491339682052,2.0,181,1,109,27,1.153848593484469,101,4.5173328797368235,3,40
B_353,V13,79063.26,2024-02-05 04:00:00,1,91248.5117,99126.94924086498,-0.12292448086857728,0.8664513215143045,1.0,100,1,94,27,1.153018030071718,85,4.365603929906052,24,40
B_356,V12,15894.4,2024-02-05 13:00:00,1,101944.13491379311,108863.03469822774,-0.7904330861181463,0.1559113145854447,1.0,116,1,95,28,1.147004369354344,86,4.371844984226199,18,40
B_354,V13,357046.21,2024-02-05 20:00:00,1,91248.5117,99126.94924086498,2.6813598015041586,3.9128561166864855,0.0,100,1,95,28,1.1576718447198366,86,4.380251636011582,24,40
B_355,V14,120262.35,2024-02-05 22:00:00,1,101404.49841584158,100941.99680096707,0.18681683902590224,1.1859549223537234,1.0,101,1,94,28,1.1363374025022304,84,4.373387758110655,21,40
A_1215,V15,48686.83,2024-02-06 00:00:00,0,101414.6991919192,81219.53730128995,-0.6491937993013224,0.48007192562824996,0.0,99,1,116,32,1.145602520625608,103,4.591270724807286,31,40
C_1031,V2,102790.77,2024-02-06 00:00:00,1,89201.08671052632,40922.37405936534,0.3320763158423805,1.1523359350725833,1.0,152,1,116,32,1.145602520625608,103,4.591270724807286,20,40
C_1106,V5,163965.49,2024-02-06 00:00:00,1,144407.3437244898,59983.82205994232,0.3260515844485778,1.1354294756875156,1.0,196,1,116,32,1.145602520625608,103,4.591270724807286,3,40
C_1075,V8,258327.64,2024-02-06 00:00:00,1,179937.1240782123,101867.69807590247,0.7695250592422301,1.4356470665867047,2.0,179,1,116,32,1.145602520625608,103,4.591270724807286,4,40
C_405,V11,275526.93,2024-02-06 00:00:00,1,182570.8592121212,102941.535881061,0.9029899058954551,1.5091423792747758,1.0,165,1,116,32,1.145602520625608,103,4.591270724807286,4,40
D_151,V8,64069.0,2024-02-06 00:00:00,0,179937.1240782123,101867.69807590247,-1.1374261796482257,0.35606128677962445,0.0,179,1,116,32,1.145602520625608,103,4.591270724807286,4,40
C_1011,V7,175082.39,2024-02-06 00:00:00,1,144842.31624309393,63932.34127505827,0.4729937956285631,1.208770929451485,0.0,181,1,116,32,1.145602520625608,103,4.591270724807286,3,40
C_484,V2,99429.6,2024-02-06 00:00:00,1,89201.08671052632,40922.37405936534,0.24994305881611165,1.1146555385263963,0.0,152,1,116,32,1.145602520625608,103,4.591270724807286,20,40
D_630,V37,58806.24,2024-02-06 00:00:00,0,72052.50544117647,51928.02541711314,-0.2550840370058473,0.8161468292199695,5.0,68,1,116,32,1.145602520625608,103,4.591270724807286,25,40
C_723,V1,91252.03,2024-02-06 00:00:00,1,86403.7311111111,33948.99747755859,0.142807047101953,1.0560999244665847,2.0,162,1,116,32,1.145602520625608,103,4.591270724807286,18,40
C_544,V10,248753.35,2024-02-06 00:00:00,1,184110.51882978724,99924.56226640988,0.6469098567378545,1.3511015040290593,1.0,188,1,116,32,1.145602520625608,103,4.591270724807286,4,40
D_260,V9,100274.65,2024-02-06 00:00:00,0,188269.0858278146,100038.44686257221,-0.879597384706612,0.5326106351898505,0.0,151,1,116,32,1.145602520625608,103,4.591270724807286,4,40
C_924,V9,268046.21,2024-02-06 00:00:00,1,188269.0858278146,100038.44686257221,0.7974566700851329,1.423732340809288,1.0,151,1,116,32,1.145602520625608,103,4.591270724807286,4,40
A_665,V16,81261.41,2024-02-06 00:00:00,0,96281.34727272727,92447.62699932391,-0.16246793230187306,0.8439907449474691,1.0,121,1,116,32,1.145602520625608,103,4.591270724807286,26,40
C_850,V7,204687.26,2024-02-06 00:00:00,1,144842.31624309393,63932.34127505827,0.9360521844062113,1.4131633085262187,1.0,181,1,116,32,1.145602520625608,103,4.591270724807286,3,40
A_1273,V15,85933.14,2024-02-06 00:00:00,0,101414.6991919192,81219.53730128995,-0.19061138606470798,0.8473356756864637,7.0,99,1,116,32,1.145602520625608,103,4.591270724807286,31,40
A_202,V40,87813.29,2024-02-06 00:00:00,0,57973.75227272727,46945.974214180664,0.6356008715522177,1.514681590822588,5.0,66,1,116,32,1.145602520625608,103,4.591270724807286,19,40
C_972,V4,91846.75,2024-02-06 00:00:00,1,81228.63022988506,33321.06049362434,0.31865135627331775,1.1307050117065387,2.0,174,1,116,32,1.145602520625608,103,4.591270724807286,16,40
C_150,V10,271041.18,2024-02-06 00:00:00,1,184110.51882978724,99924.56226640988,0.8699541858813701,1.4721576451204013,0.0,188,1,116,32,1.145602520625608,103,4.591270724807286,4,40
C_932,V10,261260.59,2024-02-06 00:00:00,1,184110.51882978724,99924.56226640988,0.7720754271517056,1.4190344616163737,0.0,188,1,116,32,1.145602520625608,103,4.591270724807286,4,40
A_565,V27,30776.95,2024-02-06 00:00:00,0,83207.86098360656,89047.01535564796,-0.5887937061168997,0.3698758718264818,15.0,61,1,116,32,1.145602520625608,103,4.591270724807286,28,40
D_743,V13,181790.33,2024-02-06 00:00:00,0,91248.5117,99126.94924086498,0.9133833494325392,1.9922334554257124,0.0,100,1,116,32,1.145602520625608,103,4.591270724807286,24,40
C_860,V1,97418.87,2024-02-07 00:00:00,1,86403.7311111111,33948.99747755859,0.32445183232104946,1.127471479249503,1.0,162,1,115,31,1.1598308346082096,103,4.587455199859716,18,40
C_701,V10,263365.33,2024-02-07 00:00:00,1,184110.51882978724,99924.56226640988,0.7931385060302473,1.4304663373261488,1.0,188,1,115,31,1.1598308346082096,103,4.587455199859716,4,40
C_402,V6,188590.47,2024-02-07 00:00:00,1,144506.03180487806,76560.92735485801,0.5758010504463181,1.3050608516729207,0.0,205,1,115,31,1.1598308346082096,103,4.587455199859716,9,40
C_887,V6,163296.5,2024-02-07 00:00:00,1,144506.03180487806,76560.92735485801,0.24542835903320093,1.1300245943774736,0.0,205,1,115,31,1.1598308346082096,103,4.587455199859716,9,40
C_345,V5,170914.48,2024-02-07 00:00:00,1,144407.3437244898,59983.82205994232,0.44189738945998475,1.1835498946382217,1.0,196,1,115,31,1.1598308346082096,103,4.587455199859716,3,40
C_978,V3,98326.69,2024-02-07 00:00:00,1,83925.30547297298,30830.50022220062,0.4670997007358443,1.1715836822063426,0.0,148,1,115,31,1.1598308346082096,103,4.587455199859716,16,40
D_756,V6,126499.5,2024-02-07 00:00:00,0,144506.03180487806,76560.92735485801,-0.2351891132706119,0.8753864668039623,0.0,205,1,115,31,1.1598308346082096,103,4.587455199859716,9,40
C_806,V10,257395.67,2024-02-07 00:00:00,1,184110.51882978724,99924.56226640988,0.7333974361317923,1.3980421846281363,0.0,188,1,115,31,1.1598308346082096,103,4.587455199859716,4,40
C_648,V11,291685.25,2024-02-07 00:00:00,1,182570.8592121212,102941.535881061,1.0599543702124135,1.597646270672554,1.0,165,1,115,31,1.1598308346082096,103,4.587455199859716,4,40
D_344,V24,61136.46,2024-02-07 00:00:00,0,69961.0374137931,66357.40093125252,-0.13298357540193584,0.8738519096921964,9.0,58,1,115,31,1.1598308346082096,103,4.587455199859716,31,40
C_728,V9,246771.55,2024-02-07 00:00:00,1,188269.0858278146,100038.44686257221,0.5847939588525748,1.3107315955955363,1.0,151,1,115,31,1.1598308346082096,103,4.587455199859716,4,40
A_826,V26,65741.04,2024-02-07 00:00:00,0,82902.77408450704,83596.62150892465,-0.205289741200052,0.7929800630425775,5.0,71,1,115,31,1.1598308346082096,103,4.587455199859716,30,40
C_997,V8,237094.38,2024-02-07 00:00:00,1,179937.1240782123,101867.69807590247,0.5610875273894221,1.3176439468544423,1.0,179,1,115,31,1.1598308346082096,103,4.587455199859716,4,40
D_279,V22,72559.27,2024-02-07 00:00:00,0,85951.16571428571,86159.38158415664,-0.15542985613643384,0.844181986538825,4.0,91,1,115,31,1.1598308346082096,103,4.587455199859716,29,40
C_67,V8,260479.5,2024-02-07 00:00:00,1,179937.1240782123,101867.69807590247,0.7906489180982316,1.4476059552937175,0.0,179,1,115,31,1.1598308346082096,103,4.587455199859716,4,40
C_991,V6,190781.02,2024-02-07 00:00:00,1,144506.03180487806,76560.92735485801,0.6044125297504764,1.3202196295721014,3.0,205,1,115,31,1.1598308346082096,103,4.587455199859716,9,40
C_8,V3,90508.29,2024-02-07 00:00:00,1,83925.30547297298,30830.50022220062,0.2135148948180878,1.0784257628157674,2.0,148,1,115,31,1.1598308346082096,103,4.587455199859716,16,40
A_360,V2,86756.7,2024-02-07 00:00:00,0,89201.08671052632,40922.37405936534,-0.05973082050811302,0.9725859920916206,1.0,152,1,115,31,1.1598308346082096,103,4.587455199859716,20,40
C_626,V2,87652.89,2024-02-07 00:00:00,1,89201.08671052632,40922.37405936534,-0.03783159981580286,0.982632730156261,0.0,152,1,115,31,1.1598308346082096,103,4.587455199859716,20,40
C_353,V2,90400.4,2024-02-07 00:00:00,1,89201.08671052632,40922.37405936534,0.029306314961564457,1.0134336912247621,0.0,152,1,115,31,1.1598308346082096,103,4.587455199859716,20,40
A_563,V2,64428.72,2024-02-07 00:00:00,0,89201.08671052632,40922.37405936534,-0.6053353927902028,0.7222781705665757,0.0,152,1,115,31,1.1598308346082096,103,4.587455199859716,20,40
D_439,V9,125424.71,2024-02-07 00:00:00,0,188269.0858278146,100038.44686257221,-0.6281959546832178,0.6661956382954495,0.0,151,1,115,31,1.1598308346082096,103,4.587455199859716,4,40
D_548,V4,13488.26,2024-02-08 00:00:00,0,81228.63022988506,33321.06049362434,-2.0328986030994733,0.16605098363524934,2.0,174,1,112,31,1.136351690749723,100,4.554567854199917,16,40
A_1100,V10,166137.11,2024-02-08 00:00:00,0,184110.51882978724,99924.56226640988,-0.1798679779441085,0.9023721658262742,0.0,188,1,112,31,1.136351690749723,100,4.554567854199917,4,40
C_183,V10,295861.49,2024-02-08 00:00:00,1,184110.51882978724,99924.56226640988,1.1183421802749065,1.606968927748223,1.0,188,1,112,31,1.136351690749723,100,4.554567854199917,4,40
A_1181,V40,60159.95,2024-02-08 00:00:00,0,57973.75227272727,46945.974214180664,0.04656738296485074,1.0376922305246432,2.0,66,1,112,31,1.136351690749723,100,4.554567854199917,19,40
C_1176,V11,248280.91,2024-02-08 00:00:00,1,182570.8592121212,102941.535881061,0.6383177782194882,1.359907879951722,1.0,165,1,112,31,1.136351690749723,100,4.554567854199917,4,40
D_232,V38,90703.95,2024-02-08 00:00:00,0,71190.65382978723,52355.46745943829,0.3727007782816926,1.2740812317250683,4.0,47,1,112,31,1.136351690749723,100,4.554567854199917,25,40
A_715,V12,82188.81,2024-02-08 00:00:00,0,101944.13491379311,108863.03469822774,-0.18146787383505567,0.8062062997856694,2.0,116,1,112,31,1.136351690749723,100,4.554567854199917,18,40
A_137,V34,125199.21,2024-02-08 00:00:00,0,87031.30054545455,69584.65178653522,0.5485025788309268,1.4385372926527658,10.0,55,1,112,31,1.136351690749723,100,4.554567854199917,32,40
C_341,V9,276130.15,2024-02-08 00:00:00,1,188269.0858278146,100038.44686257221,0.8782641940522057,1.466670335788444,0.0,151,1,112,31,1.136351690749723,100,4.554567854199917,4,40
C_979,V9,267972.35,2024-02-08 00:00:00,1,188269.0858278146,100038.44686257221,0.7967183613247746,1.4233400320700886,1.0,151,1,112,31,1.136351690749723,100,4.554567854199917,4,40
B_369,V21,29219.61,2024-02-08 00:00:00,1,99317.54854545454,98935.44463436803,-0.7085148329769704,0.2942009365614846,14.0,110,1,112,31,1.136351690749723,100,4.554567854199917,23,40
A_95,V22,49565.3,2024-02-08 00:00:00,0,85951.16571428571,86159.38158415664,-0.42230390633479303,0.5766614440497103,1.0,91,1,112,31,1.136351690749723,100,4.554567854199917,29,40
C_175,V2,79196.1,2024-02-08 00:00:00,1,89201.08671052632,40922.37405936534,-0.24448098282445171,0.8878278852041075,1.0,152,1,112,31,1.136351690749723,100,4.554567854199917,20,40
C_915,V7,185232.07,2024-02-08 00:00:00,1,144842.31624309393,63932.34127505827,0.6317478947821388,1.2788444424257774,2.0,181,1,112,31,1.136351690749723,100,4.554567854199917,3,40
D_738,V24,113833.51,2024-02-08 00:00:00,0,69961.0374137931,66357.40093125252,0.6611442103865476,1.6270753998590322,1.0,58,1,112,31,1.136351690749723,100,4.554567854199917,31,40
C_1058,V8,263857.08,2024-02-08 00:00:00,1,179937.1240782123,101867.69807590247,0.8238051286299827,1.4663767411808257,1.0,179,1,112,31,1.136351690749723,100,4.554567854199917,4,40
C_849,V8,273748.52,2024-02-08 00:00:00,1,179937.1240782123,101867.69807590247,0.9209050247396776,1.5213480823052923,0.0,179,1,112,31,1.136351690749723,100,4.554567854199917,4,40
C_502,V8,230664.58,2024-02-08 00:00:00,1,179937.1240782123,101867.69807590247,0.4979690216909477,1.2819105522059284,0.0,179,1,112,31,1.136351690749723,100,4.554567854199917,4,40
A_1471,V26,50207.65,2024-02-08 00:00:00,0,82902.77408450704,83596.62150892465,-0.3911011281704539,0.605613562885827,1.0,71,1,112,31,1.136351690749723,100,4.554567854199917,30,40
C_737,V5,168327.11,2024-02-08 00:00:00,1,144407.3437244898,59983.82205994232,0.3987636447701282,1.1656328551288127,0.0,196,1,112,31,1.136351690749723,100,4.554567854199917,3,40
C_19,V5,171693.0,2024-02-08 00:00:00,1,144407.3437244898,59983.82205994232,0.45487600593770006,1.1889409958718546,0.0,196,1,112,31,1.136351690749723,100,4.554567854199917,3,40
C_599,V5,184405.15,2024-02-08 00:00:00,1,144407.3437244898,59983.82205994232,0.666798781790846,1.276970189145153,1.0,196,1,112,31,1.136351690749723,100,4.554567854199917,3,40
D_830,V23,19642.1,2024-02-08 00:00:00,0,74902.77192307693,98110.10534391222,-0.5632458397993765,0.2622311199517645,18.0,52,1,112,31,1.136351690749723,100,4.554567854199917,26,40
B_368,V22,49622.77,2024-02-08 06:00:00,1,85951.16571428571,86159.38158415664,-0.42163689443276403,0.5773300717628389,0.0,91,1,89,27,1.1271294379347712,77,4.339216047416169,29,40
C_224,V1,88859.91,2024-02-09 00:00:00,1,86403.7311111111,33948.99747755859,0.07234695350161562,1.0284148663773016,0.0,162,1,107,28,1.140941874749022,95,4.511846362432527,18,40
D_712,V40,45407.57,2024-02-09 00:00:00,0,57973.75227272727,46945.974214180664,-0.2676675650149051,0.7832300824053856,1.0,66,1,107,28,1.140941874749022,95,4.511846362432527,19,40
A_571,V18,124357.11,2024-02-09 00:00:00,0,93668.06014705882,102265.70386062763,0.3000883835540961,1.3276220536937327,13.0,136,1,107,28,1.140941874749022,95,4.511846362432527,23,40
C_229,V9,258605.26,2024-02-09 00:00:00,1,188269.0858278146,100038.44686257221,0.7030843969860084,1.3735865624266597,1.0,151,1,107,28,1.140941874749022,95,4.511846362432527,4,40
C_1023,V5,180954.88,2024-02-09 00:00:00,1,144407.3437244898,59983.82205994232,0.6092797314458742,1.2530777331345597,0.0,196,1,107,28,1.140941874749022,95,4.511846362432527,3,40
C_133,V4,72991.89,2024-02-09 00:00:00,1,81228.63022988506,33321.06049362434,-0.24718580147410263,0.8985870032084138,0.0,174,1,107,28,1.140941874749022,95,4.511846362432527,16,40
C_376,V6,169286.04,2024-02-09 00:00:00,1,144506.03180487806,76560.92735485801,0.3236596706907432,1.171472681195058,2.0,205,1,107,28,1.140941874749022,95,4.511846362432527,9,40
D_343,V8,70164.88,2024-02-09 00:00:00,0,179937.1240782123,101867.69807590247,-1.0775856190526838,0.38993893239379324,0.0,179,1,107,28,1.140941874749022,95,4.511846362432527,4,40
C_798,V3,95118.55,2024-02-09 00:00:00,1,83925.30547297298,30830.50022220062,0.3630457307091137,1.1333580033572583,2.0,148,1,107,28,1.140941874749022,95,4.511846362432527,16,40
C_768,V1,92013.85,2024-02-09 00:00:00,1,86403.7311111111,33948.99747755859,0.16524651857771908,1.0649168027810412,2.0,162,1,107,28,1.140941874749022,95,4.511846362432527,18,40
A_469,V26,8528.74,2024-02-09 00:00:00,0,82902.77408450704,83596.62150892465,-0.8896668678135425,0.10287517177814275,1.0,71,1,107,28,1.140941874749022,95,4.511846362432527,30,40
C_324,V4,113243.99,2024-02-09 00:00:00,1,81228.63022988506,33321.06049362434,0.9607857166047875,1.3941216977045476,0.0,174,1,107,28,1.140941874749022,95,4.511846362432527,16,40
C_807,V11,262544.48,2024-02-09 00:00:00,1,182570.8592121212,102941.535881061,0.7768763427421262,1.4380336659384212,0.0,165,1,107,28,1.140941874749022,95,4.511846362432527,4,40
D_649,V4,77599.59,2024-02-09 00:00:00,0,81228.63022988506,33321.06049362434,-0.10890803798220786,0.9553113781312088,1.0,174,1,107,28,1.140941874749022,95,4.511846362432527,16,40
C_311,V11,278493.82,2024-02-09 00:00:00,1,182570.8592121212,102941.535881061,0.9318107424389412,1.5253929121488095,1.0,165,1,107,28,1.140941874749022,95,4.511846362432527,4,40
C_296,V5,166704.7,2024-02-09 00:00:00,1,144407.3437244898,59983.82205994232,0.37171663613886624,1.1543979779869813,1.0,196,1,107,28,1.140941874749022,95,4.511846362432527,3,40
C_46,V8,243465.36,2024-02-09 00:00:00,1,179937.1240782123,101867.69807590247,0.6236286231365471,1.3530504513550157,1.0,179,1,107,28,1.140941874749022,95,4.511846362432527,4,40
C_265,V7,180462.04,2024-02-09 00:00:00,1,144842.31624309393,63932.34127505827,0.5571384671365843,1.2459120978501097,1.0,181,1,107,28,1.140941874749022,95,4.511846362432527,3,40
A_1441,V12,53823.21,2024-02-09 00:00:00,0,101944.13491379311,108863.03469822774,-0.44202775551342394,0.5279625167548604,0.0,116,1,107,28,1.140941874749022,95,4.511846362432527,18,40
A_560,V12,73138.18,2024-02-09 00:00:00,0,101944.13491379311,108863.03469822774,-0.2646048806995215,0.7174268792899939,1.0,116,1,107,28,1.140941874749022,95,4.511846362432527,18,40
C_218,V1,102552.05,2024-02-09 00:00:00,1,86403.7311111111,33948.99747755859,0.475650076250025,1.186880031697853,0.0,162,1,107,28,1.140941874749022,95,4.511846362432527,18,40
C_694,V5,184429.48,2024-02-09 00:00:00,1,144407.3437244898,59983.82205994232,0.6672043843943796,1.2771386697147136,0.0,196,1,107,28,1.140941874749022,95,4.511846362432527,3,40
B_366,V19,38927.96,2024-02-09 05:00:00,1,75791.63586956522,77277.72834882235,-0.47702228876191105,0.5136113760048244,6.0,92,1,85,25,1.1500208317878107,75,4.2828952079540805,32,40
B_367,V21,65397.16,2024-02-09 11:00:00,1,99317.54854545454,98935.44463436803,-0.34285028808960705,0.6584586762267278,1.0,110,1,84,25,1.1547428452926731,73,4.2748672797580705,23,40
B_365,V21,139563.27,2024-02-09 16:00:00,1,99317.54854545454,98935.44463436803,0.4067835831707773,1.4052085138570756,0.0,110,1,83,25,1.1596155249464506,72,4.264177695092426,23,40
C_71,V6,175435.11,2024-02-10 00:00:00,1,144506.03180487806,76560.92735485801,0.40397465507586144,1.2140247281314507,1.0,205,1,97,28,1.1626712908663912,85,4.414280418686784,9,40
A_684,V21,75106.33,2024-02-10 00:00:00,0,99317.54854545454,98935.44463436803,-0.24471486351596844,0.7562165486704281,0.0,110,1,97,28,1.1626712908663912,85,4.414280418686784,23,40
A_1159,V36,63605.63,2024-02-10 00:00:00,0,77526.48523809524,111324.58196102447,-0.12504632801263044,0.8204268435208529,11.0,63,1,97,28,1.1626712908663912,85,4.414280418686784,20,40
C_289,V9,259730.54,2024-02-10 00:00:00,1,188269.0858278146,100038.44686257221,0.7143327598597641,1.3795635077021249,0.0,151,1,97,28,1.1626712908663912,85,4.414280418686784,4,40
A_38,V32,97626.88,2024-02-10 00:00:00,0,67081.75597222222,63875.16720999454,0.47819281215417797,1.4553200533446413,20.0,72,1,97,28,1.1626712908663912,85,4.414280418686784,30,40
A_1085,V35,188854.59,2024-02-10 00:00:00,0,75008.17954545454,56348.584614378604,2.0203593555061543,2.5177530422867336,6.0,66,1,97,28,1.1626712908663912,85,4.414280418686784,29,40
C_222,V6,183351.21,2024-02-10 00:00:00,1,144506.03180487806,76560.92735485801,0.5073693875949313,1.2688047613321103,0.0,205,1,97,28,1.1626712908663912,85,4.414280418686784,9,40
A_1328,V11,10963.75,2024-02-10 00:00:00,0,182570.8592121212,102941.535881061,-1.6670184753404045,0.060051697163590594,1.0,165,1,97,28,1.1626712908663912,85,4.414280418686784,4,40
C_1049,V5,173849.59,2024-02-10 00:00:00,1,144407.3437244898,59983.82205994232,0.49082826729216295,1.2038749667517816,1.0,196,1,97,28,1.1626712908663912,85,4.414280418686784,3,40
D_420,V21,76502.95,2024-02-10 00:00:00,0,99317.54854545454,98935.44463436803,-0.23059852847723342,0.7702785745503252,0.0,110,1,97,28,1.1626712908663912,85,4.414280418686784,23,40
A_648,V28,168231.67,2024-02-10 00:00:00,0,87976.94703125,91319.31227399668,0.8788266374731005,1.9122027243968727,12.0,64,1,97,28,1.1626712908663912,85,4.414280418686784,26,40
C_395,V9,230511.07,2024-02-10 00:00:00,1,188269.0858278146,100038.44686257221,0.42225327605234314,1.224363759045702,1.0,151,1,97,28,1.1626712908663912,85,4.414280418686784,4,40
C_1175,V5,171982.37,2024-02-10 00:00:00,1,144407.3437244898,59983.82205994232,0.4597000595909864,1.190944827454828,0.0,196,1,97,28,1.1626712908663912,85,4.414280418686784,3,40
A_31,V25,63585.86,2024-02-10 00:00:00,0,84963.20919354838,94781.91364408535,-0.2255401144748663,0.7483840619895782,7.0,62,1,97,28,1.1626712908663912,85,4.414280418686784,26,40
A_250,V25,35193.16,2024-02-10 00:00:00,0,84963.20919354838,94781.91364408535,-0.5250951598769946,0.4142115878443595,0.0,62,1,97,28,1.1626712908663912,85,4.414280418686784,26,40
C_82,V7,181287.79,2024-02-10 00:00:00,1,144842.31624309393,63932.34127505827,0.5700542632381427,1.251613085796382,0.0,181,1,97,28,1.1626712908663912,85,4.414280418686784,3,40
C_1103,V7,190905.75,2024-02-10 00:00:00,1,144842.31624309393,63932.34127505827,0.7204915751036521,1.318015597486034,0.0,181,1,97,28,1.1626712908663912,85,4.414280418686784,3,40
C_500,V7,179463.05,2024-02-10 00:00:00,1,144842.31624309393,63932.34127505827,0.5415129737699527,1.2390150588571374,1.0,181,1,97,28,1.1626712908663912,85,4.414280418686784,3,40
C_698,V8,246055.49,2024-02-10 00:00:00,1,179937.1240782123,101867.69807590247,0.6490547849401473,1.3674450106696063,0.0,179,1,97,28,1.1626712908663912,85,4.414280418686784,4,40
C_72,V8,255035.33,2024-02-10 00:00:00,1,179937.1240782123,101867.69807590247,0.7372059066253299,1.4173501658222565,1.0,179,1,97,28,1.1626712908663912,85,4.414280418686784,4,40
C_668,V5,174134.9,2024-02-10 00:00:00,1,144407.3437244898,59983.82205994232,0.49558463715710793,1.20585068361579,0.0,196,1,97,28,1.1626712908663912,85,4.414280418686784,3,40
C_1044,V1,97708.34,2024-02-10 00:00:00,1,86403.7311111111,33948.99747755859,0.33297819525204364,1.1308216430226854,1.0,162,1,97,28,1.1626712908663912,85,4.414280418686784,18,40
D_947,V1,164705.53,2024-02-10 00:00:00,0,86403.7311111111,33948.99747755859,2.3063860001947702,1.9062096239637496,0.0,162,1,97,28,1.1626712908663912,85,4.414280418686784,18,40
C_577,V4,104168.22,2024-02-11 00:00:00,1,81228.63022988506,33321.06049362434,0.6884205067241886,1.2823919018860144,2.0,174,1,93,26,1.1514572838271218,84,4.359279553013164,16,40
C_474,V2,101329.17,2024-02-11 00:00:00,1,89201.08671052632,40922.37405936534,0.296360785693773,1.1359506681590064,3.0,152,1,93,26,1.1514572838271218,84,4.359279553013164,20,40
A_382,V29,140127.14,2024-02-11 00:00:00,0,74548.44014492753,60050.95281301047,1.092032761353676,1.879653820707257,13.0,69,1,93,26,1.1514572838271218,84,4.359279553013164,30,40
C_760,V1,102772.88,2024-02-11 00:00:00,1,86403.7311111111,33948.99747755859,0.4821546422708612,1.1894357945265808,1.0,162,1,93,26,1.1514572838271218,84,4.359279553013164,18,40
C_566,V4,82150.1,2024-02-11 00:00:00,1,81228.63022988506,33321.06049362434,0.027653445089064962,1.0113316996213075,0.0,174,1,93,26,1.1514572838271218,84,4.359279553013164,16,40
D_542,V16,122016.81,2024-02-11 00:00:00,0,96281.34727272727,92447.62699932391,0.2783758240937524,1.2672812146382124,5.0,121,1,93,26,1.1514572838271218,84,4.359279553013164,26,40
C_854,V4,106029.37,2024-02-11 00:00:00,1,81228.63022988506,33321.06049362434,0.7442738955131591,1.3053041076258758,0.0,174,1,93,26,1.1514572838271218,84,4.359279553013164,16,40
A_215,V30,71290.63,2024-02-11 00:00:00,0,73122.4169117647,57615.25065897187,-0.03179288639600935,0.9749357047418032,14.0,68,1,93,26,1.1514572838271218,84,4.359279553013164,29,40
D_235,V30,141901.85,2024-02-11 00:00:00,0,73122.4169117647,57615.25065897187,1.193750587752366,1.9405801314130011,0.0,68,1,93,26,1.1514572838271218,84,4.359279553013164,29,40
A_50,V30,9567.99,2024-02-11 00:00:00,0,73122.4169117647,57615.25065897187,-1.1030642602542926,0.13084714041119463,0.0,68,1,93,26,1.1514572838271218,84,4.359279553013164,29,40
C_35,V2,99901.03,2024-02-11 00:00:00,1,89201.08671052632,40922.37405936534,0.26146288118745653,1.1199405045780297,0.0,152,1,93,26,1.1514572838271218,84,4.359279553013164,20,40
C_538,V6,167943.63,2024-02-11 00:00:00,1,144506.03180487806,76560.92735485801,0.3061260211813983,1.1621830986520256,0.0,205,1,93,26,1.1514572838271218,84,4.359279553013164,9,40
C_100,V2,114313.74,2024-02-11 00:00:00,1,89201.08671052632,40922.37405936534,0.6136506059604008,1.2815141911530012,0.0,152,1,93,26,1.1514572838271218,84,4.359279553013164,20,40
C_998,V3,90972.3,2024-02-11 00:00:00,1,83925.30547297298,30830.50022220062,0.22856476253960378,1.0839545418724057,0.0,148,1,93,26,1.1514572838271218,84,4.359279553013164,16,40
C_3,V8,248045.91,2024-02-11 00:00:00,1,179937.1240782123,101867.69807590247,0.6685938586457615,1.3785067020715622,0.0,179,1,93,26,1.1514572838271218,84,4.359279553013164,4,40
C_188,V8,250851.49,2024-02-11 00:00:00,1,179937.1240782123,101867.69807590247,0.6961349979063177,1.3940986174278682,1.0,179,1,93,26,1.1514572838271218,84,4.359279553013164,4,40
C_80,V3,92302.49,2024-02-11 00:00:00,1,83925.30547297298,30830.50022220062,0.2717086248367158,1.0998040421274642,2.0,148,1,93,26,1.1514572838271218,84,4.359279553013164,16,40
A_886,V25,121580.55,2024-02-11 00:00:00,0,84963.20919354838,94781.91364408535,0.38632849950099235,1.4309619444940591,1.0,62,1,93,26,1.1514572838271218,84,4.359279553013164,26,40
A_1049,V33,56699.12,2024-02-11 00:00:00,0,88242.64793103449,64151.09930319075,-0.491699075691286,0.642529194218176,15.0,58,1,93,26,1.1514572838271218,84,4.359279553013164,32,40
C_201,V6,181750.71,2024-02-11 00:00:00,1,144506.03180487806,76560.92735485801,0.48646474144382523,1.2577291757359639,1.0,205,1,93,26,1.1514572838271218,84,4.359279553013164,9,40
C_1015,V9,254502.06,2024-02-11 00:00:00,1,188269.0858278146,100038.44686257221,0.6620685764403719,1.3517923406735943,1.0,151,1,93,26,1.1514572838271218,84,4.359279553013164,4,40
C_748,V9,231962.51,2024-02-12 00:00:00,1,188269.0858278146,100038.44686257221,0.4367619528345519,1.2320731091191248,0.0,151,1,90,26,1.0914296774004906,82,4.3014664716492375,4,40
C_300,V9,246608.46,2024-02-12 00:00:00,1,188269.0858278146,100038.44686257221,0.5831637019377797,1.309865340081375,1.0,151,1,90,26,1.0914296774004906,82,4.3014664716492375,4,40
C_1183,V2,93716.64,2024-02-12 00:00:00,1,89201.08671052632,40922.37405936534,0.1103416664257256,1.050610400002458,0.0,152,1,90,26,1.0914296774004906,82,4.3014664716492375,20,40
C_558,V3,90005.97,2024-02-12 00:00:00,1,83925.30547297298,30830.50022220062,0.1972224667370731,1.0724405118605498,1.0,148,1,90,26,1.0914296774004906,82,4.3014664716492375,16,40
C_382,V3,94141.88,2024-02-12 00:00:00,1,83925.30547297298,30830.50022220062,0.33136806361665305,1.1217207700190828,0.0,148,1,90,26,1.0914296774004906,82,4.3014664716492375,16,40
A_754,V21,53906.61,2024-02-12 00:00:00,0,99317.54854545454,98935.44463436803,-0.4589910089580875,0.5427647784776967,2.0,110,1,90,26,1.0914296774004906,82,4.3014664716492375,23,40
C_249,V4,102871.38,2024-02-12 00:00:00,1,81228.63022988506,33321.06049362434,0.6495021451106227,1.2664267916629364,1.0,174,1,90,26,1.0914296774004906,82,4.3014664716492375,16,40
C_92,V11,257730.51,2024-02-12 00:00:00,1,182570.8592121212,102941.535881061,0.7301126802891049,1.4116661303238178,2.0,165,1,90,26,1.0914296774004906,82,4.3014664716492375,4,40
A_1495,V11,108485.46,2024-02-12 00:00:00,0,182570.8592121212,102941.535881061,-0.7196772313605998,0.5942069082725182,0.0,165,1,90,26,1.0914296774004906,82,4.3014664716492375,4,40
D_130,V21,59307.78,2024-02-12 00:00:00,0,99317.54854545454,98935.44463436803,-0.4043986894143572,0.5971470673764121,0.0,110,1,90,26,1.0914296774004906,82,4.3014664716492375,23,40
D_403,V8,99492.86,2024-02-12 00:00:00,0,179937.1240782123,101867.69807590247,-0.7896857974789586,0.5529281830055881,1.0,179,1,90,26,1.0914296774004906,82,4.3014664716492375,4,40
C_1086,V5,167638.29,2024-02-12 00:00:00,1,144407.3437244898,59983.82205994232,0.38728040657177787,1.1608629091393057,2.0,196,1,90,26,1.0914296774004906,82,4.3014664716492375,3,40
C_472,V1,98927.32,2024-02-12 00:00:00,1,86403.7311111111,33948.99747755859,0.3688833525589263,1.1449294353197585,1.0,162,1,90,26,1.0914296774004906,82,4.3014664716492375,18,40
C_868,V2,100222.0,2024-02-12 00:00:00,1,89201.08671052632,40922.37405936534,0.26930607611890056,1.1235387387879714,0.0,152,1,90,26,1.0914296774004906,82,4.3014664716492375,20,40
C_497,V2,88558.63,2024-02-12 00:00:00,1,89201.08671052632,40922.37405936534,-0.0156990161562518,0.9927865284966435,1.0,152,1,90,26,1.0914296774004906,82,4.3014664716492375,20,40
C_987,V10,243548.64,2024-02-12 00:00:00,1,184110.51882978724,99924.56226640988,0.5948239851955578,1.3228321701325105,4.0,188,1,90,26,1.0914296774004906,82,4.3014664716492375,4,40
C_435,V6,190025.09,2024-02-12 00:00:00,1,144506.03180487806,76560.92735485801,0.5945390844739968,1.3149885346519545,1.0,205,1,90,26,1.0914296774004906,82,4.3014664716492375,9,40
C_963,V6,176030.7,2024-02-12 00:00:00,1,144506.03180487806,76560.92735485801,0.4117538479537982,1.218146257669226,0.0,205,1,90,26,1.0914296774004906,82,4.3014664716492375,9,40
D_857,V19,4016.89,2024-02-12 00:00:00,0,75791.63586956522,77277.72834882235,-0.9287775226526356,0.05299842067655276,2.0,92,1,90,26,1.0914296774004906,82,4.3014664716492375,32,40
C_635,V1,94379.35,2024-02-13 00:00:00,1,86403.7311111111,33948.99747755859,0.23492251786354018,1.092293775888661,1.0,162,1,87,26,1.085004371716917,78,4.255470108762822,18,40
C_234,V1,98497.85,2024-02-13 00:00:00,1,86403.7311111111,33948.99747755859,0.35623327798133947,1.1399589898999616,0.0,162,1,87,26,1.085004371716917,78,4.255470108762822,18,40
C_1126,V5,204188.71,2024-02-13 00:00:00,1,144407.3437244898,59983.82205994232,0.9966082122536128,1.4139675363188327,0.0,196,1,87,26,1.085004371716917,78,4.255470108762822,3,40
A_933,V24,21070.83,2024-02-13 00:00:00,0,69961.0374137931,66357.40093125252,-0.7367598785938723,0.3011751912737444,5.0,58,1,87,26,1.085004371716917,78,4.255470108762822,31,40
D_63,V16,11750.72,2024-02-13 00:00:00,0,96281.34727272727,92447.62699932391,-0.9143524356867458,0.1220443864617796,2.0,121,1,87,26,1.085004371716917,78,4.255470108762822,26,40
C_663,V5,178467.86,2024-02-13 00:00:00,1,144407.3437244898,59983.82205994232,0.56781890994815,1.2358555980705022,0.0,196,1,87,26,1.085004371716917,78,4.255470108762822,3,40
D_213,V15,32477.35,2024-02-13 00:00:00,0,101414.6991919192,81219.53730128995,-0.8487674605770471,0.3202398667935999,7.0,99,1,87,26,1.085004371716917,78,4.255470108762822,31,40
C_411,V9,252945.45,2024-02-13 00:00:00,1,188269.0858278146,100038.44686257221,0.6465086143572313,1.3435243782240334,0.0,151,1,87,26,1.085004371716917,78,4.255470108762822,4,40
C_41,V7,169305.4,2024-02-13 00:00:00,1,144842.31624309393,63932.34127505827,0.3826342135265442,1.168886520906845,3.0,181,1,87,26,1.085004371716917,78,4.255470108762822,3,40
C_275,V8,227019.61,2024-02-13 00:00:00,1,179937.1240782123,101867.69807590247,0.4621879616710765,1.2616537554949896,1.0,179,1,87,26,1.085004371716917,78,4.255470108762822,4,40
C_1155,V7,178457.44,2024-02-13 00:00:00,1,144842.31624309393,63932.34127505827,0.5257839350564341,1.2320723153044266,0.0,181,1,87,26,1.085004371716917,78,4.255470108762822,3,40
C_758,V9,265539.97,2024-02-13 00:00:00,1,188269.0858278146,100038.44686257221,0.7724041525173083,1.410420401267856,1.0,151,1,87,26,1.085004371716917,78,4.255470108762822,4,40
D_701,V30,10917.38,2024-02-13 00:00:00,0,73122.4169117647,57615.25065897187,-1.079643958090117,0.14930073649558245,2.0,68,1,87,26,1.085004371716917,78,4.255470108762822,29,40
C_286,V7,198098.97,2024-02-13 00:00:00,1,144842.31624309393,63932.34127505827,0.8330028228586045,1.3676776750093589,0.0,181,1,87,26,1.085004371716917,78,4.255470108762822,3,40
C_837,V5,185725.49,2024-02-13 00:00:00,1,144407.3437244898,59983.82205994232,0.6888100165442073,1.2861132896471503,1.0,196,1,87,26,1.085004371716917,78,4.255470108762822,3,40
C_1184,V6,210010.81,2024-02-13 00:00:00,1,144506.03180487806,76560.92735485801,0.8555790124184423,1.4532912853927344,1.0,205,1,87,26,1.085004371716917,78,4.255470108762822,9,40
A_705,V5,256202.54,2024-02-13 00:00:00,0,144407.3437244898,59983.82205994232,1.863724729629009,1.774153303003027,0.0,196,1,87,26,1.085004371716917,78,4.255470108762822,3,40
C_552,V8,287308.16,2024-02-13 00:00:00,1,179937.1240782123,101867.69807590247,1.0540140195154493,1.5967053200750163,0.0,179,1,87,26,1.085004371716917,78,4.255470108762822,4,40
A_1415,V12,76797.65,2024-02-13 00:00:00,0,101944.13491379311,108863.03469822774,-0.23098983042011478,0.7533233446102323,4.0,116,1,87,26,1.085004371716917,78,4.255470108762822,18,40
A_581,V14,83817.2,2024-02-14 00:00:00,0,101404.49841584158,100941.99680096707,-0.17423000082431758,0.8265547855825741,8.0,101,1,97,26,1.0999793749328066,87,4.386903809582519,21,40
C_389,V8,266331.63,2024-02-14 00:00:00,1,179937.1240782123,101867.69807590247,0.8480966926407075,1.4801289685794197,1.0,179,1,97,26,1.0999793749328066,87,4.386903809582519,4,40
A_577,V38,98765.63,2024-02-14 00:00:00,0,71190.65382978723,52355.46745943829,0.5266775530945764,1.3873203484798884,6.0,47,1,97,26,1.0999793749328066,87,4.386903809582519,25,40
C_417,V10,258004.67,2024-02-14 00:00:00,1,184110.51882978724,99924.56226640988,0.7394919727667362,1.401349962456872,2.0,188,1,97,26,1.0999793749328066,87,4.386903809582519,4,40
C_1024,V2,101070.6,2024-02-14 00:00:00,1,89201.08671052632,40922.37405936534,0.29004239172105467,1.1330519691539138,2.0,152,1,97,26,1.0999793749328066,87,4.386903809582519,20,40
C_541,V2,93659.54,2024-02-14 00:00:00,1,89201.08671052632,40922.37405936534,0.10894637580484047,1.0499702804480209,0.0,152,1,97,26,1.0999793749328066,87,4.386903809582519,20,40
A_1208,V1,61057.18,2024-02-14 00:00:00,0,86403.7311111111,33948.99747755859,-0.7465847715560369,0.7066416296288714,1.0,162,1,97,26,1.0999793749328066,87,4.386903809582519,18,40
C_892,V8,269897.27,2024-02-14 00:00:00,1,179937.1240782123,101867.69807590247,0.8830990051012364,1.4999448915155182,0.0,179,1,97,26,1.0999793749328066,87,4.386903809582519,4,40
D_686,V38,84191.1,2024-02-14 00:00:00,0,71190.65382978723,52355.46745943829,0.24830640417603625,1.1825978955523813,0.0,47,1,97,26,1.0999793749328066,87,4.386903809582519,25,40
A_1367,V25,71023.58,2024-02-14 00:00:00,0,84963.20919354838,94781.91364408535,-0.1470690091453866,0.8359235103125408,3.0,62,1,97,26,1.0999793749328066,87,4.386903809582519,26,40
D_674,V13,20450.38,2024-02-14 00:00:00,0,91248.5117,99126.94924086498,-0.7142095871263504,0.22411495271596069,8.0,100,1,97,26,1.0999793749328066,87,4.386903809582519,24,40
C_127,V3,91793.68,2024-02-14 00:00:00,1,83925.30547297298,30830.50022220062,0.25520569775457413,1.0937414614248755,2.0,148,1,97,26,1.0999793749328066,87,4.386903809582519,16,40
C_400,V11,258380.08,2024-02-14 00:00:00,1,182570.8592121212,102941.535881061,0.736422705532222,1.4152240170803156,2.0,165,1,97,26,1.0999793749328066,87,4.386903809582519,4,40
C_780,V5,196970.25,2024-02-14 00:00:00,1,144407.3437244898,59983.82205994232,0.8762701041770957,1.363981089456927,1.0,196,1,97,26,1.0999793749328066,87,4.386903809582519,3,40
C_490,V4,100451.76,2024-02-14 00:00:00,1,81228.63022988506,33321.06049362434,0.576888988416337,1.2366393853537812,2.0,174,1,97,26,1.0999793749328066,87,4.386903809582519,16,40
A_1392,V20,82366.41,2024-02-15 00:00:00,0,84574.58505376344,95035.94061676953,-0.02323491307098955,0.9738792814455958,12.0,93,1,97,26,1.0841127265772268,87,4.38288155561393,26,40
C_637,V8,267351.19,2024-02-15 00:00:00,1,179937.1240782123,101867.69807590247,0.858105262684867,1.485795138576595,1.0,179,1,97,26,1.0841127265772268,87,4.38288155561393,4,40
D_820,V30,19452.15,2024-02-15 00:00:00,0,73122.4169117647,57615.25065897187,-0.9315126600208111,0.266018066736025,2.0,68,1,97,26,1.0841127265772268,87,4.38288155561393,29,40
D_924,V7,48538.06,2024-02-15 00:00:00,0,144842.31624309393,63932.34127505827,-1.5063229032370975,0.3351073508876132,2.0,181,1,97,26,1.0841127265772268,87,4.38288155561393,3,40
C_1083,V6,190107.57,2024-02-15 00:00:00,1,144506.03180487806,76560.92735485801,0.5956163823275072,1.3155593027244135,2.0,205,1,97,26,1.0841127265772268,87,4.38288155561393,9,40
C_488,V6,175940.3,2024-02-15 00:00:00,1,144506.03180487806,76560.92735485801,0.41057310442861206,1.2175206825752602,0.0,205,1,97,26,1.0841127265772268,87,4.38288155561393,9,40
C_108,V4,101296.25,2024-02-15 00:00:00,1,81228.63022988506,33321.06049362434,0.6022322591351925,1.2470357148410638,1.0,174,1,97,26,1.0841127265772268,87,4.38288155561393,16,40
D_927,V26,64197.91,2024-02-15 00:00:00,0,82902.77408450704,83596.62150892465,-0.22374875919777398,0.7743665557922681,6.0,71,1,97,26,1.0841127265772268,87,4.38288155561393,30,40
A_303,V24,29008.1,2024-02-15 00:00:00,0,69961.0374137931,66357.40093125252,-0.6171477437532056,0.41462628980386174,0.0,58,1,97,26,1.0841127265772268,87,4.38288155561393,31,40
A_1161,V24,39608.82,2024-02-15 00:00:00,0,69961.0374137931,66357.40093125252,-0.45739826439214665,0.5661473202350031,2.0,58,1,97,26,1.0841127265772268,87,4.38288155561393,31,40
C_620,V6,171606.06,2024-02-15 00:00:00,1,144506.03180487806,76560.92735485801,0.3539621993777092,1.1875274016541468,0.0,205,1,97,26,1.0841127265772268,87,4.38288155561393,9,40
C_804,V9,256464.33,2024-02-15 00:00:00,1,188269.0858278146,100038.44686257221,0.6816835389530658,1.3622149736233378,2.0,151,1,97,26,1.0841127265772268,87,4.38288155561393,4,40
C_570,V10,244413.7,2024-02-15 00:00:00,1,184110.51882978724,99924.56226640988,0.6034810293029872,1.3275307354667074,1.0,188,1,97,26,1.0841127265772268,87,4.38288155561393,4,40
C_339,V5,180652.22,2024-02-15 00:00:00,1,144407.3437244898,59983.82205994232,0.6042341217465147,1.250981870858226,1.0,196,1,97,26,1.0841127265772268,87,4.38288155561393,3,40
C_805,V5,180571.45,2024-02-15 00:00:00,1,144407.3437244898,59983.82205994232,0.6028876144597334,1.2504225541462077,0.0,196,1,97,26,1.0841127265772268,87,4.38288155561393,3,40
C_455,V1,90575.28,2024-02-15 00:00:00,1,86403.7311111111,33948.99747755859,0.12287331955315593,1.0482675987212533,1.0,162,1,97,26,1.0841127265772268,87,4.38288155561393,18,40
C_1153,V5,168742.95,2024-02-15 00:00:00,1,144407.3437244898,59983.82205994232,0.40569606510113265,1.1685124671323501,0.0,196,1,97,26,1.0841127265772268,87,4.38288155561393,3,40
C_431,V8,271450.01,2024-02-15 00:00:00,1,179937.1240782123,101867.69807590247,0.8983415676285699,1.508574191214814,0.0,179,1,97,26,1.0841127265772268,87,4.38288155561393,4,40
C_817,V8,228509.66,2024-02-15 00:00:00,1,179937.1240782123,101867.69807590247,0.47681512416695704,1.269934657653069,0.0,179,1,97,26,1.0841127265772268,87,4.38288155561393,4,40
C_1125,V9,265474.43,2024-02-16 00:00:00,1,188269.0858278146,100038.44686257221,0.7717490109501022,1.4100722843606386,1.0,151,1,108,26,1.0244118110104241,102,4.473477249201873,4,40
C_319,V10,255193.06,2024-02-16 00:00:00,1,184110.51882978724,99924.56226640988,0.7113549281884527,1.386078728924768,1.0,188,1,108,26,1.0244118110104241,102,4.473477249201873,4,40
D_870,V28,27539.69,2024-02-16 00:00:00,0,87976.94703125,91319.31227399668,-0.6618161450205577,0.31302946851235147,0.0,64,1,108,26,1.0244118110104241,102,4.473477249201873,26,40
A_1057,V28,127520.66,2024-02-16 00:00:00,0,87976.94703125,91319.31227399668,0.4330220953483315,1.4494616469591444,6.0,64,1,108,26,1.0244118110104241,102,4.473477249201873,26,40
A_241,V18,34852.95,2024-02-16 00:00:00,0,93668.06014705882,102265.70386062763,-0.5751149487247966,0.37208604362295794,0.0,136,1,108,26,1.0244118110104241,102,4.473477249201873,23,40
A_170,V13,37197.5,2024-02-16 00:00:00,0,91248.5117,99126.94924086498,-0.5452651054917391,0.4076460170252067,2.0,100,1,108,26,1.0244118110104241,102,4.473477249201873,24,40
C_200,V2,103484.74,2024-02-16 00:00:00,1,89201.08671052632,40922.37405936534,0.34903410624825704,1.1601156858115098,2.0,152,1,108,26,1.0244118110104241,102,4.473477249201873,20,40
D_789,V18,107466.86,2024-02-16 00:00:00,0,93668.06014705882,102265.70386062763,0.13492954531659332,1.147303707662689,7.0,136,1,108,26,1.0244118110104241,102,4.473477249201873,23,40
A_549,V10,85453.94,2024-02-16 00:00:00,0,184110.51882978724,99924.56226640988,-0.9873007125720301,0.46414227932692764,0.0,188,1,108,26,1.0244118110104241,102,4.473477249201873,4,40
C_992,V8,245770.97,2024-02-16 00:00:00,1,179937.1240782123,101867.69807590247,0.6462617778106364,1.3658638004538306,0.0,179,1,108,26,1.0244118110104241,102,4.473477249201873,4,40
C_898,V8,261171.77,2024-02-16 00:00:00,1,179937.1240782123,101867.69807590247,0.797444626820102,1.4514532222558822,1.0,179,1,108,26,1.0244118110104241,102,4.473477249201873,4,40
C_421,V1,92686.18,2024-02-16 00:00:00,1,86403.7311111111,33948.99747755859,0.1850500546588162,1.072697973920101,1.0,162,1,108,26,1.0244118110104241,102,4.473477249201873,18,40
A_153,V10,53859.54,2024-02-16 00:00:00,0,184110.51882978724,99924.56226640988,-1.3034800693192725,0.29253758994728424,0.0,188,1,108,26,1.0244118110104241,102,4.473477249201873,4,40
C_553,V4,105101.94,2024-02-16 00:00:00,1,81228.63022988506,33321.06049362434,0.7164415830372413,1.293886722154893,1.0,174,1,108,26,1.0244118110104241,102,4.473477249201873,16,40
C_847,V5,186400.15,2024-02-16 00:00:00,1,144407.3437244898,59983.82205994232,0.7000571950275546,1.2907851803606618,1.0,196,1,108,26,1.0244118110104241,102,4.473477249201873,3,40
D_636,V7,3648.06,2024-02-16 00:00:00,0,144842.31624309393,63932.34127505827,-2.2084604593968993,0.025186250181384796,0.0,181,1,108,26,1.0244118110104241,102,4.473477249201873,3,40
C_104,V4,93912.58,2024-02-16 00:00:00,1,81228.63022988506,33321.06049362434,0.3806472223571473,1.1561369876265764,0.0,174,1,108,26,1.0244118110104241,102,4.473477249201873,16,40
A_983,V7,71909.53,2024-02-16 00:00:00,0,144842.31624309393,63932.34127505827,-1.140762938219006,0.49646426128018606,1.0,181,1,108,26,1.0244118110104241,102,4.473477249201873,3,40
D_945,V6,92661.83,2024-02-17 00:00:00,0,144506.03180487806,76560.92735485801,-0.6771538230037575,0.6412271350581574,2.0,205,1,113,30,1.0570879307291392,103,4.531785418947604,9,40
D_81,V11,15657.05,2024-02-17 00:00:00,0,182570.8592121212,102941.535881061,-1.621427020264705,0.0857582875453377,3.0,165,1,113,30,1.0570879307291392,103,4.531785418947604,4,40
C_602,V3,112239.43,2024-02-17 00:00:00,1,83925.30547297298,30830.50022220062,0.9183505286142082,1.337356974877737,3.0,148,1,113,30,1.0570879307291392,103,4.531785418947604,16,40
C_266,V3,106524.68,2024-02-17 00:00:00,1,83925.30547297298,30830.50022220062,0.7329962656424368,1.2692644981769683,0.0,148,1,113,30,1.0570879307291392,103,4.531785418947604,16,40
C_779,V3,99699.13,2024-02-17 00:00:00,1,83925.30547297298,30830.50022220062,0.5116139147737249,1.1879366003083074,0.0,148,1,113,30,1.0570879307291392,103,4.531785418947604,16,40
A_41,V36,118525.28,2024-02-17 00:00:00,0,77526.48523809524,111324.58196102447,0.36827828823979203,1.5288162596271004,7.0,63,1,113,30,1.0570879307291392,103,4.531785418947604,20,40
C_961,V2,102274.38,2024-02-17 00:00:00,1,89201.08671052632,40922.37405936534,0.31945785483154354,1.1465469449374561,0.0,152,1,113,30,1.0570879307291392,103,4.531785418947604,20,40
C_1062,V2,91080.86,2024-02-17 00:00:00,1,89201.08671052632,40922.37405936534,0.04593397618551191,1.021061988107639,1.0,152,1,113,30,1.0570879307291392,103,4.531785418947604,20,40
B_266,V17,76514.74,2024-02-17 00:00:00,1,105661.17514285714,95526.67662806554,-0.30510985058642226,0.7241450395711684,14.0,105,1,113,30,1.0570879307291392,103,4.531785418947604,24,40
C_789,V1,93660.87,2024-02-17 00:00:00,1,86403.7311111111,33948.99747755859,0.2137596296932263,1.0839784904782348,1.0,162,1,113,30,1.0570879307291392,103,4.531785418947604,18,40
A_308,V13,25381.17,2024-02-17 00:00:00,0,91248.5117,99126.94924086498,-0.6644679144925408,0.2781512966715415,1.0,100,1,113,30,1.0570879307291392,103,4.531785418947604,24,40
C_91,V10,254517.41,2024-02-17 00:00:00,1,184110.51882978724,99924.56226640988,0.7045933950564334,1.3824089422417054,1.0,188,1,113,30,1.0570879307291392,103,4.531785418947604,4,40
D_115,V4,43028.13,2024-02-17 00:00:00,0,81228.63022988506,33321.06049362434,-1.1464027033140445,0.5297097854345468,0.0,174,1,113,30,1.0570879307291392,103,4.531785418947604,16,40
C_653,V4,92132.38,2024-02-17 00:00:00,1,81228.63022988506,33321.06049362434,0.32722315512875333,1.1342213394208427,0.0,174,1,113,30,1.0570879307291392,103,4.531785418947604,16,40
C_617,V4,85607.41,2024-02-17 00:00:00,1,81228.63022988506,33321.06049362434,0.1314078332866826,1.0538938778586773,1.0,174,1,113,30,1.0570879307291392,103,4.531785418947604,16,40
C_629,V10,279126.4,2024-02-17 00:00:00,1,184110.51882978724,99924.56226640988,0.9508666152599925,1.5160724422574283,0.0,188,1,113,30,1.0570879307291392,103,4.531785418947604,4,40
B_267,V16,349152.9,2024-02-17 03:00:00,1,96281.34727272727,92447.62699932391,2.735265638170289,3.626343871852201,4.0,121,1,97,29,1.0691045567081783,86,4.380070032373938,26,40
B_268,V18,91614.21,2024-02-17 22:00:00,1,93668.06014705882,102265.70386062763,-0.020083273142917194,0.97806265864275,1.0,136,1,96,29,1.0478151799318929,85,4.374850402225541,23,40
C_260,V4,101375.86,2024-02-18 00:00:00,1,81228.63022988506,33321.06049362434,0.6046213670961254,1.2480157759317605,0.0,174,1,120,30,1.0325343244663212,111,4.600768174970357,16,40
C_894,V8,261021.08,2024-02-18 00:00:00,1,179937.1240782123,101867.69807590247,0.7959653696700034,1.4506157677099267,2.0,179,1,120,30,1.0325343244663212,111,4.600768174970357,4,40
D_442,V8,51393.85,2024-02-18 00:00:00,0,179937.1240782123,101867.69807590247,-1.2618525268913772,0.28561957207946126,0.0,179,1,120,30,1.0325343244663212,111,4.600768174970357,4,40
C_820,V5,151145.41,2024-02-18 00:00:00,1,144407.3437244898,59983.82205994232,0.11232952010388424,1.0466528879270547,0.0,196,1,120,30,1.0325343244663212,111,4.600768174970357,3,40
C_442,V5,161642.01,2024-02-18 00:00:00,1,144407.3437244898,59983.82205994232,0.28731711929207293,1.1193398236627488,0.0,196,1,120,30,1.0325343244663212,111,4.600768174970357,3,40
A_123,V38,58581.21,2024-02-18 00:00:00,0,71190.65382978723,52355.46745943829,-0.24083832316525264,0.8228662609814115,4.0,47,1,120,30,1.0325343244663212,111,4.600768174970357,25,40
C_565,V5,166378.06,2024-02-18 00:00:00,1,144407.3437244898,59983.82205994232,0.36627125864531285,1.1521360588237564,0.0,196,1,120,30,1.0325343244663212,111,4.600768174970357,3,40
C_101,V11,243539.48,2024-02-18 00:00:00,1,182570.8592121212,102941.535881061,0.5922587807465854,1.333937667343594,0.0,165,1,120,30,1.0325343244663212,111,4.600768174970357,4,40
A_780,V5,67748.52,2024-02-18 00:00:00,0,144407.3437244898,59983.82205994232,-1.2779703446962847,0.4691454680018654,0.0,196,1,120,30,1.0325343244663212,111,4.600768174970357,3,40
C_1116,V5,187870.71,2024-02-18 00:00:00,1,144407.3437244898,59983.82205994232,0.7245727299495467,1.3009685254643604,0.0,196,1,120,30,1.0325343244663212,111,4.600768174970357,3,40
C_273,V5,189536.87,2024-02-18 00:00:00,1,144407.3437244898,59983.82205994232,0.7523490897482809,1.3125063629398652,2.0,196,1,120,30,1.0325343244663212,111,4.600768174970357,3,40
C_268,V5,147441.09,2024-02-18 00:00:00,1,144407.3437244898,59983.82205994232,0.05057523172242814,1.0210011845388673,0.0,196,1,120,30,1.0325343244663212,111,4.600768174970357,3,40
A_906,V37,91582.16,2024-02-18 00:00:00,0,72052.50544117647,51928.02541711314,0.3760835949058185,1.2710299025599312,12.0,68,1,120,30,1.0325343244663212,111,4.600768174970357,25,40
C_336,V5,168043.01,2024-02-18 00:00:00,1,144407.3437244898,59983.82205994232,0.39402744667461537,1.1636655172820327,0.0,196,1,120,30,1.0325343244663212,111,4.600768174970357,3,40
C_1148,V11,272363.45,2024-02-18 00:00:00,1,182570.8592121212,102941.535881061,0.8722593631424086,1.4918150649030442,0.0,165,1,120,30,1.0325343244663212,111,4.600768174970357,4,40
C_905,V5,165196.64,2024-02-18 00:00:00,1,144407.3437244898,59983.82205994232,0.346575943073327,1.143954952597277,0.0,196,1,120,30,1.0325343244663212,111,4.600768174970357,3,40
C_471,V2,94501.16,2024-02-18 00:00:00,1,89201.08671052632,40922.37405936534,0.12951212873565007,1.0594052615234208,1.0,152,1,120,30,1.0325343244663212,111,4.600768174970357,20,40
C_406,V4,98564.52,2024-02-18 00:00:00,1,81228.63022988506,33321.06049362434,0.5202526348402703,1.2134059913981645,0.0,174,1,120,30,1.0325343244663212,111,4.600768174970357,16,40
C_342,V11,263160.03,2024-02-18 00:00:00,1,182570.8592121212,102941.535881061,0.7828558923494067,1.4414052151062746,0.0,165,1,120,30,1.0325343244663212,111,4.600768174970357,4,40
C_1191,V11,263448.52,2024-02-18 00:00:00,1,182570.8592121212,102941.535881061,0.78565832962697,1.4429853600489013,1.0,165,1,120,30,1.0325343244663212,111,4.600768174970357,4,40
C_583,V6,171116.19,2024-02-18 00:00:00,1,144506.03180487806,76560.92735485801,0.34756384948077557,1.1841374628125447,1.0,205,1,120,30,1.0325343244663212,111,4.600768174970357,9,40
C_523,V10,256585.56,2024-02-18 00:00:00,1,184110.51882978724,99924.56226640988,0.7252903013644122,1.3936420797072218,1.0,188,1,120,30,1.0325343244663212,111,4.600768174970357,4,40
C_114,V3,89710.59,2024-02-18 00:00:00,1,83925.30547297298,30830.50022220062,0.18764200526516223,1.0689209955618713,1.0,148,1,120,30,1.0325343244663212,111,4.600768174970357,16,40
A_1151,V39,36603.6,2024-02-18 00:00:00,0,59686.60327868852,62062.45272865382,-0.37192586399614574,0.6132529702875392,15.0,61,1,120,30,1.0325343244663212,111,4.600768174970357,26,40
C_1021,V3,91148.31,2024-02-18 00:00:00,1,83925.30547297298,30830.50022220062,0.23427353437138304,1.0860517389193636,0.0,148,1,120,30,1.0325343244663212,111,4.600768174970357,16,40
C_262,V1,90186.78,2024-02-18 00:00:00,1,86403.7311111111,33948.99747755859,0.11143001973386128,1.0437713171518979,1.0,162,1,120,30,1.0325343244663212,111,4.600768174970357,18,40
D_515,V4,48436.09,2024-02-18 00:00:00,0,81228.63022988506,33321.06049362434,-0.9841090179930323,0.5962859841036178,1.0,174,1,120,30,1.0325343244663212,111,4.600768174970357,16,40
B_156,V21,164863.34,2024-02-18 04:00:00,1,99317.54854545454,98935.44463436803,0.6625040115073682,1.6599451201660278,6.0,110,1,93,30,0.9986801009427282,81,4.332152075238852,23,40
C_358,V3,79046.97,2024-02-19 00:00:00,1,83925.30547297298,30830.50022220062,-0.15822569248382756,0.9418616672630218,0.0,148,1,119,32,1.0472251169910214,105,4.581523115331845,16,40
C_397,V3,78710.24,2024-02-19 00:00:00,1,83925.30547297298,30830.50022220062,-0.16914731477185133,0.9378494568112173,0.0,148,1,119,32,1.0472251169910214,105,4.581523115331845,16,40
C_253,V3,86098.96,2024-02-19 00:00:00,1,83925.30547297298,30830.50022220062,0.07050109502819006,1.0258876464867943,0.0,148,1,119,32,1.0472251169910214,105,4.581523115331845,16,40
C_696,V3,91061.7,2024-02-19 00:00:00,1,83925.30547297298,30830.50022220062,0.23146439438870922,1.085019762121244,0.0,148,1,119,32,1.0472251169910214,105,4.581523115331845,16,40
D_290,V4,22580.03,2024-02-19 00:00:00,0,81228.63022988506,33321.06049362434,-1.760053230835067,0.2779777519126588,1.0,174,1,119,32,1.0472251169910214,105,4.581523115331845,16,40
C_518,V7,177107.35,2024-02-19 00:00:00,1,144842.31624309393,63932.34127505827,0.5046667843949108,1.2227512776824068,3.0,181,1,119,32,1.0472251169910214,105,4.581523115331845,3,40
A_807,V5,106596.97,2024-02-19 00:00:00,0,144407.3437244898,59983.82205994232,-0.6303323478513649,0.738163510852057,1.0,196,1,119,32,1.0472251169910214,105,4.581523115331845,3,40
C_741,V10,258760.3,2024-02-19 00:00:00,1,184110.51882978724,99924.56226640988,0.747053901695246,1.405454159765127,0.0,188,1,119,32,1.0472251169910214,105,4.581523115331845,4,40
C_297,V10,253750.62,2024-02-19 00:00:00,1,184110.51882978724,99924.56226640988,0.6969197829935292,1.3782441294973766,1.0,188,1,119,32,1.0472251169910214,105,4.581523115331845,4,40
C_733,V6,173257.89,2024-02-19 00:00:00,1,144506.03180487806,76560.92735485801,0.3755372831963796,1.1989581948783161,1.0,205,1,119,32,1.0472251169910214,105,4.581523115331845,9,40
A_931,V22,37950.96,2024-02-19 00:00:00,0,85951.16571428571,86159.38158415664,-0.5571029843618067,0.4415358203556277,10.0,91,1,119,32,1.0472251169910214,105,4.581523115331845,29,40
C_881,V3,95691.44,2024-02-19 00:00:00,1,83925.30547297298,30830.50022220062,0.3816270516267213,1.1401841110570008,1.0,148,1,119,32,1.0472251169910214,105,4.581523115331845,16,40
C_727,V11,257022.73,2024-02-19 00:00:00,1,182570.8592121212,102941.535881061,0.7232371939418698,1.4077894102035629,1.0,165,1,119,32,1.0472251169910214,105,4.581523115331845,4,40
A_1126,V26,19183.24,2024-02-19 00:00:00,0,82902.77408450704,83596.62150892465,-0.7622170695096212,0.23139163701336177,4.0,71,1,119,32,1.0472251169910214,105,4.581523115331845,30,40
B_131,V18,63466.12,2024-02-19 10:00:00,1,93668.06014705882,102265.70386062763,-0.2953252525691939,0.6775569211472741,1.0,136,1,105,32,1.0468797295386778,90,4.459799748409312,23,40
B_154,V21,122902.51,2024-02-19 11:00:00,1,99317.54854545454,98935.44463436803,0.23838497069211068,1.237457774000311,1.0,110,1,104,32,1.049590322468087,88,4.450822612548977,23,40
B_155,V19,66540.11,2024-02-19 12:00:00,1,75791.63586956522,77277.72834882235,-0.1197163316120509,0.8779231548895029,7.0,92,1,103,31,1.048116739932752,88,4.439378653212929,32,40
B_129,V17,124334.6,2024-02-19 19:00:00,1,105661.17514285714,95526.67662806554,0.19547659397022019,1.1767181570121703,2.0,105,1,102,31,1.0491414718199024,87,4.43003813404959,24,40
C_1047,V7,167933.76,2024-02-20 00:00:00,1,144842.31624309393,63932.34127505827,0.3611799930424493,1.1594167018252526,1.0,181,1,123,32,1.0732572038882924,107,4.622456536507994,3,40
C_363,V4,97641.59,2024-02-20 00:00:00,1,81228.63022988506,33321.06049362434,0.49255536803479777,1.2020440044312406,1.0,174,1,123,32,1.0732572038882924,107,4.622456536507994,16,40
C_246,V2,82016.54,2024-02-20 00:00:00,1,89201.08671052632,40922.37405936534,-0.17556095692657422,0.9194464280432759,2.0,152,1,123,32,1.0732572038882924,107,4.622456536507994,20,40
D_736,V14,74591.97,2024-02-20 00:00:00,0,101404.49841584158,100941.99680096707,-0.26562049142159705,0.7355811190248757,6.0,101,1,123,32,1.0732572038882924,107,4.622456536507994,21,40
C_652,V5,179401.44,2024-02-20 00:00:00,1,144407.3437244898,59983.82205994232,0.5833825136722237,1.2423204599747502,0.0,196,1,123,32,1.0732572038882924,107,4.622456536507994,3,40
C_182,V5,184327.77,2024-02-20 00:00:00,1,144407.3437244898,59983.82205994232,0.665508788800241,1.2764343475309894,0.0,196,1,123,32,1.0732572038882924,107,4.622456536507994,3,40
C_607,V5,194015.18,2024-02-20 00:00:00,1,144407.3437244898,59983.82205994232,0.8270064755037118,1.3435177981831359,1.0,196,1,123,32,1.0732572038882924,107,4.622456536507994,3,40
A_759,V29,78783.52,2024-02-20 00:00:00,0,74548.44014492753,60050.95281301047,0.07052359926178665,1.0567955956052952,9.0,69,1,123,32,1.0732572038882924,107,4.622456536507994,30,40
A_13,V7,13390.03,2024-02-20 00:00:00,0,144842.31624309393,63932.34127505827,-2.056083471025723,0.09244492840475428,0.0,181,1,123,32,1.0732572038882924,107,4.622456536507994,3,40
C_165,V9,240882.61,2024-02-20 00:00:00,1,188269.0858278146,100038.44686257221,0.5259277797133614,1.2794523832123974,4.0,151,1,123,32,1.0732572038882924,107,4.622456536507994,4,40
A_1227,V6,40950.87,2024-02-20 00:00:00,0,144506.03180487806,76560.92735485801,-1.35256733186599,0.2833832339404375,0.0,205,1,123,32,1.0732572038882924,107,4.622456536507994,9,40
D_191,V6,14137.24,2024-02-20 00:00:00,0,144506.03180487806,76560.92735485801,-1.7027887921450804,0.09783081019260666,0.0,205,1,123,32,1.0732572038882924,107,4.622456536507994,9,40
C_143,V6,192096.05,2024-02-20 00:00:00,1,144506.03180487806,76560.92735485801,0.6215885602584983,1.329319740366541,1.0,205,1,123,32,1.0732572038882924,107,4.622456536507994,9,40
A_271,V16,19547.71,2024-02-20 00:00:00,0,96281.34727272727,92447.62699932391,-0.8300138115981801,0.20302485921567306,0.0,121,1,123,32,1.0732572038882924,107,4.622456536507994,26,40
A_406,V16,39267.27,2024-02-20 00:00:00,0,96281.34727272727,92447.62699932391,-0.6167109141939364,0.4078345731307566,2.0,121,1,123,32,1.0732572038882924,107,4.622456536507994,26,40
D_58,V9,11411.76,2024-02-20 00:00:00,0,188269.0858278146,100038.44686257221,-1.7678758867066695,0.060613771698371705,0.0,151,1,123,32,1.0732572038882924,107,4.622456536507994,4,40
C_1054,V7,185133.77,2024-02-20 00:00:00,1,144842.31624309393,63932.34127505827,0.6302103558698973,1.2781657780417404,0.0,181,1,123,32,1.0732572038882924,107,4.622456536507994,3,40
A_447,V37,54652.95,2024-02-20 00:00:00,0,72052.50544117647,51928.02541711314,-0.33506416308445636,0.7585050812637831,2.0,68,1,123,32,1.0732572038882924,107,4.622456536507994,25,40
C_243,V1,99487.14,2024-02-20 00:00:00,1,86403.7311111111,33948.99747755859,0.38537289723032253,1.1514084786869567,2.0,162,1,123,32,1.0732572038882924,107,4.622456536507994,18,40
D_574,V1,110365.83,2024-02-20 00:00:00,0,86403.7311111111,33948.99747755859,0.7058056161779739,1.2773123483027384,0.0,162,1,123,32,1.0732572038882924,107,4.622456536507994,18,40
C_348,V11,255698.09,2024-02-20 00:00:00,1,182570.8592121212,102941.535881061,0.7103694324411186,1.400533965658514,1.0,165,1,123,32,1.0732572038882924,107,4.622456536507994,4,40
D_695,V36,34404.96,2024-02-20 00:00:00,0,77526.48523809524,111324.58196102447,-0.3873460571999727,0.44377758280613216,3.0,63,1,123,32,1.0732572038882924,107,4.622456536507994,20,40
C_1149,V4,95662.18,2024-02-20 00:00:00,1,81228.63022988506,33321.06049362434,0.433152979026509,1.177675926004709,0.0,174,1,123,32,1.0732572038882924,107,4.622456536507994,16,40
C_514,V1,116392.83,2024-02-20 00:00:00,1,86403.7311111111,33948.99747755859,0.8833314025637882,1.3470654731894955,0.0,162,1,123,32,1.0732572038882924,107,4.622456536507994,18,40
A_989,V19,17362.92,2024-02-20 00:00:00,0,75791.63586956522,77277.72834882235,-0.7560776052865215,0.22908452517577815,0.0,92,1,123,32,1.0732572038882924,107,4.622456536507994,32,40
C_1179,V3,93565.99,2024-02-20 00:00:00,1,83925.30547297298,30830.50022220062,0.3126894396168607,1.114858916673406,1.0,148,1,123,32,1.0732572038882924,107,4.622456536507994,16,40
B_130,V18,75282.74,2024-02-20 13:00:00,1,93668.06014705882,102265.70386062763,-0.17977816291131196,0.8037097829508206,1.0,136,1,97,28,1.1196134357557204,82,4.408260031230217,23,40
A_1298,V39,211157.13,2024-02-21 00:00:00,0,59686.60327868852,62062.45272865382,2.440575251002426,3.5377049571597348,3.0,61,1,115,29,1.1232191241386218,105,4.571988429817386,26,40
C_1127,V11,257359.29,2024-02-21 00:00:00,1,182570.8592121212,102941.535881061,0.7265065907671905,1.409632848734848,1.0,165,1,115,29,1.1232191241386218,105,4.571988429817386,4,40
C_187,V3,89279.49,2024-02-21 00:00:00,1,83925.30547297298,30830.50022220062,0.1736595523552136,1.063784346241131,1.0,148,1,115,29,1.1232191241386218,105,4.571988429817386,16,40
D_764,V24,77552.84,2024-02-21 00:00:00,0,69961.0374137931,66357.40093125252,0.1144060507737674,1.1084988783461351,6.0,58,1,115,29,1.1232191241386218,105,4.571988429817386,31,40
C_115,V6,175283.37,2024-02-21 00:00:00,1,144506.03180487806,76560.92735485801,0.40199273004807723,1.2129746754239472,1.0,205,1,115,29,1.1232191241386218,105,4.571988429817386,9,40
C_1157,V10,253968.65,2024-02-21 00:00:00,1,184110.51882978724,99924.56226640988,0.6991017071684336,1.3794283574119897,0.0,188,1,115,29,1.1232191241386218,105,4.571988429817386,4,40
A_209,V25,54876.05,2024-02-21 00:00:00,0,84963.20919354838,94781.91364408535,-0.31743230965158115,0.6458725446969372,7.0,62,1,115,29,1.1232191241386218,105,4.571988429817386,26,40
D_882,V30,146205.95,2024-02-21 00:00:00,0,73122.4169117647,57615.25065897187,1.268453470199122,1.9994408928732268,6.0,68,1,115,29,1.1232191241386218,105,4.571988429817386,29,40
C_646,V2,99143.96,2024-02-21 00:00:00,1,89201.08671052632,40922.37405936534,0.24296318468389475,1.1114533712842,1.0,152,1,115,29,1.1232191241386218,105,4.571988429817386,20,40
D_221,V20,42754.48,2024-02-21 00:00:00,0,84574.58505376344,95035.94061676953,-0.4400405230046322,0.5055179928441715,6.0,93,1,115,29,1.1232191241386218,105,4.571988429817386,26,40
A_52,V8,63635.89,2024-02-21 00:00:00,0,179937.1240782123,101867.69807590247,-1.1416778291556857,0.35365429269641535,0.0,179,1,115,29,1.1232191241386218,105,4.571988429817386,4,40
C_569,V7,184574.01,2024-02-21 00:00:00,1,144842.31624309393,63932.34127505827,0.6214549867802114,1.2743011882593542,0.0,181,1,115,29,1.1232191241386218,105,4.571988429817386,3,40
D_186,V5,6703.16,2024-02-21 00:00:00,0,144407.3437244898,59983.82205994232,-2.295650449490092,0.04641809349180445,0.0,196,1,115,29,1.1232191241386218,105,4.571988429817386,3,40
A_760,V19,35320.71,2024-02-21 00:00:00,0,75791.63586956522,77277.72834882235,-0.5237007224923099,0.46601770204673865,1.0,92,1,115,29,1.1232191241386218,105,4.571988429817386,32,40
C_381,V7,179761.52,2024-02-21 00:00:00,1,144842.31624309393,63932.34127505827,0.5461814299157984,1.2410756993322496,1.0,181,1,115,29,1.1232191241386218,105,4.571988429817386,3,40
A_75,V26,145018.76,2024-02-21 00:00:00,0,82902.77408450704,83596.62150892465,0.7430353255787503,1.749241956731388,2.0,71,1,115,29,1.1232191241386218,105,4.571988429817386,30,40
C_904,V8,238936.41,2024-02-21 00:00:00,1,179937.1240782123,101867.69807590247,0.5791699220287204,1.327880965882157,0.0,179,1,115,29,1.1232191241386218,105,4.571988429817386,4,40
C_369,V1,97046.64,2024-02-21 00:00:00,1,86403.7311111111,33948.99747755859,0.31348776670525536,1.123163497554365,1.0,162,1,115,29,1.1232191241386218,105,4.571988429817386,18,40
C_1123,V5,165175.5,2024-02-21 00:00:00,1,144407.3437244898,59983.82205994232,0.34622352058920447,1.143808562164046,1.0,196,1,115,29,1.1232191241386218,105,4.571988429817386,3,40
C_543,V8,257706.74,2024-02-21 00:00:00,1,179937.1240782123,101867.69807590247,0.7634299582766971,1.432196435970315,3.0,179,1,115,29,1.1232191241386218,105,4.571988429817386,4,40
D_795,V33,144601.72,2024-02-21 00:00:00,0,88242.64793103449,64151.09930319075,0.8785226466651632,1.638664350243219,10.0,58,1,115,29,1.1232191241386218,105,4.571988429817386,32,40
D_220,V10,64971.02,2024-02-21 00:00:00,0,184110.51882978724,99924.56226640988,-1.1922824963661591,0.35288949009250364,2.0,188,1,115,29,1.1232191241386218,105,4.571988429817386,4,40
A_151,V28,80677.75,2024-02-22 00:00:00,0,87976.94703125,91319.31227399668,-0.07992961094295821,0.9170224212136144,0.0,64,1,106,25,1.1379559855845234,97,4.4809803454043715,26,40
C_718,V2,108980.44,2024-02-22 00:00:00,1,89201.08671052632,40922.37405936534,0.4833265522236959,1.2217252310885653,0.0,152,1,106,25,1.1379559855845234,97,4.4809803454043715,20,40
C_763,V2,100665.32,2024-02-22 00:00:00,1,89201.08671052632,40922.37405936534,0.28013900498143535,1.1285085776824206,0.0,152,1,106,25,1.1379559855845234,97,4.4809803454043715,20,40
C_109,V2,94487.38,2024-02-22 00:00:00,1,89201.08671052632,40922.37405936534,0.1291754018572649,1.0592507808323501,0.0,152,1,106,25,1.1379559855845234,97,4.4809803454043715,20,40
C_515,V2,97786.73,2024-02-22 00:00:00,1,89201.08671052632,40922.37405936534,0.20979803075423223,1.0962381442637332,0.0,152,1,106,25,1.1379559855845234,97,4.4809803454043715,20,40
C_801,V4,99184.32,2024-02-22 00:00:00,1,81228.63022988506,33321.06049362434,0.5388529251830176,1.2210362120238885,2.0,174,1,106,25,1.1379559855845234,97,4.4809803454043715,16,40
D_752,V4,36347.98,2024-02-22 00:00:00,0,81228.63022988506,33321.06049362434,-1.346875000076069,0.4474719372368542,0.0,174,1,106,25,1.1379559855845234,97,4.4809803454043715,16,40
A_1300,V4,27618.82,2024-02-22 00:00:00,0,81228.63022988506,33321.06049362434,-1.6088383922159457,0.34000918041651756,0.0,174,1,106,25,1.1379559855845234,97,4.4809803454043715,16,40
A_1346,V10,17664.4,2024-02-22 00:00:00,0,184110.51882978724,99924.56226640988,-1.66570109844394,0.09594402410166905,1.0,188,1,106,25,1.1379559855845234,97,4.4809803454043715,4,40
A_269,V26,68548.35,2024-02-22 00:00:00,0,82902.77408450704,83596.62150892465,-0.17170852262793854,0.8268423332588696,1.0,71,1,106,25,1.1379559855845234,97,4.4809803454043715,30,40
C_149,V2,99310.65,2024-02-22 00:00:00,1,89201.08671052632,40922.37405936534,0.24703640698854099,1.1133220495421527,1.0,152,1,106,25,1.1379559855845234,97,4.4809803454043715,20,40
A_212,V28,131462.81,2024-02-22 00:00:00,0,87976.94703125,91319.31227399668,0.47619047598386854,1.4942700351180513,6.0,64,1,106,25,1.1379559855845234,97,4.4809803454043715,26,40
A_1290,V38,49272.74,2024-02-22 00:00:00,0,71190.65382978723,52355.46745943829,-0.41862858388541063,0.6921139958035901,4.0,47,1,106,25,1.1379559855845234,97,4.4809803454043715,25,40
C_169,V5,155304.4,2024-02-22 00:00:00,1,144407.3437244898,59983.82205994232,0.18166355923538233,1.0754530935989288,0.0,196,1,106,25,1.1379559855845234,97,4.4809803454043715,3,40
C_680,V7,189391.56,2024-02-22 00:00:00,1,144842.31624309393,63932.34127505827,0.6968076885774412,1.307561611487407,1.0,181,1,106,25,1.1379559855845234,97,4.4809803454043715,3,40
C_564,V7,175943.54,2024-02-22 00:00:00,1,144842.31624309393,63932.34127505827,0.48646329343402106,1.2147163194241553,0.0,181,1,106,25,1.1379559855845234,97,4.4809803454043715,3,40
C_423,V7,176350.23,2024-02-22 00:00:00,1,144842.31624309393,63932.34127505827,0.4928244500995285,1.2175241120827922,0.0,181,1,106,25,1.1379559855845234,97,4.4809803454043715,3,40
C_902,V7,168056.44,2024-02-22 00:00:00,1,144842.31624309393,63932.34127505827,0.36309886663099195,1.16026368602295,0.0,181,1,106,25,1.1379559855845234,97,4.4809803454043715,3,40
C_197,V11,273383.75,2024-02-22 00:00:00,1,182570.8592121212,102941.535881061,0.8821707179702984,1.497403549373778,0.0,165,1,106,25,1.1379559855845234,97,4.4809803454043715,4,40
A_29,V11,19765.52,2024-02-22 00:00:00,0,182570.8592121212,102941.535881061,-1.5815166958799733,0.10826159127314042,1.0,165,1,106,25,1.1379559855845234,97,4.4809803454043715,4,40
C_422,V3,83249.06,2024-02-22 00:00:00,1,83925.30547297298,30830.50022220062,-0.021933589611252212,0.9919304743708625,1.0,148,1,106,25,1.1379559855845234,97,4.4809803454043715,16,40
A_729,V22,66086.89,2024-02-22 00:00:00,0,85951.16571428571,86159.38158415664,-0.2305499969830496,0.7688798699928047,3.0,91,1,106,25,1.1379559855845234,97,4.4809803454043715,29,40
C_44,V1,84673.69,2024-02-22 00:00:00,1,86403.7311111111,33948.99747755859,-0.050958504849806935,0.9799658989866528,1.0,162,1,106,25,1.1379559855845234,97,4.4809803454043715,18,40
C_241,V6,178092.37,2024-02-22 00:00:00,1,144506.03180487806,76560.92735485801,0.4386819840552357,1.2324131758547974,1.0,205,1,106,25,1.1379559855845234,97,4.4809803454043715,9,40
C_770,V5,166158.09,2024-02-22 00:00:00,1,144407.3437244898,59983.82205994232,0.3626041643296844,1.1506128088900844,1.0,196,1,106,25,1.1379559855845234,97,4.4809803454043715,3,40
C_306,V6,186732.81,2024-02-23 00:00:00,1,144506.03180487806,76560.92735485801,0.5515375546830792,1.2922056986966397,1.0,205,1,109,26,1.1644010584615918,101,4.511165550529907,9,40
D_392,V9,9943.55,2024-02-23 00:00:00,0,188269.0858278146,100038.44686257221,-1.7825521973625746,0.052815347463611564,0.0,151,1,109,26,1.1644010584615918,101,4.511165550529907,4,40
C_453,V9,247960.08,2024-02-23 00:00:00,1,188269.0858278146,100038.44686257221,0.5966745723233063,1.317044494401388,0.0,151,1,109,26,1.1644010584615918,101,4.511165550529907,4,40
A_78,V15,62452.48,2024-02-23 00:00:00,0,101414.6991919192,81219.53730128995,-0.47970895645996164,0.6158068277162381,10.0,99,1,109,26,1.1644010584615918,101,4.511165550529907,31,40
C_209,V11,241462.43,2024-02-23 00:00:00,1,182570.8592121212,102941.535881061,0.572081990052408,1.3225610509857204,0.0,165,1,109,26,1.1644010584615918,101,4.511165550529907,4,40
C_899,V11,260487.5,2024-02-23 00:00:00,1,182570.8592121212,102941.535881061,0.7568945151876099,1.4267669788987167,0.0,165,1,109,26,1.1644010584615918,101,4.511165550529907,4,40
C_869,V5,175282.75,2024-02-23 00:00:00,1,144407.3437244898,59983.82205994232,0.5147203111589908,1.213799324050237,1.0,196,1,109,26,1.1644010584615918,101,4.511165550529907,3,40
A_243,V26,117182.71,2024-02-23 00:00:00,0,82902.77408450704,83596.62150892465,0.4100587468488363,1.4134785936349668,1.0,71,1,109,26,1.1644010584615918,101,4.511165550529907,30,40
C_245,V11,247054.48,2024-02-23 00:00:00,1,182570.8592121212,102941.535881061,0.626404044120136,1.3531903605854156,0.0,165,1,109,26,1.1644010584615918,101,4.511165550529907,4,40
D_167,V5,199259.9,2024-02-23 00:00:00,0,144407.3437244898,59983.82205994232,0.9144405933337021,1.3798364752396788,0.0,196,1,109,26,1.1644010584615918,101,4.511165550529907,3,40
A_131,V5,49631.81,2024-02-23 00:00:00,0,144407.3437244898,59983.82205994232,-1.5799919124504764,0.34369073642095294,0.0,196,1,109,26,1.1644010584615918,101,4.511165550529907,3,40
C_1064,V5,197183.09,2024-02-23 00:00:00,1,144407.3437244898,59983.82205994232,0.879818335091031,1.36545496551222,0.0,196,1,109,26,1.1644010584615918,101,4.511165550529907,3,40
C_1008,V7,191617.23,2024-02-23 00:00:00,1,144842.31624309393,63932.34127505827,0.7316200408745719,1.3229276639759084,1.0,181,1,109,26,1.1644010584615918,101,4.511165550529907,3,40
A_548,V37,83116.16,2024-02-23 00:00:00,0,72052.50544117647,51928.02541711314,0.2130533833430565,1.1535338841752112,3.0,68,1,109,26,1.1644010584615918,101,4.511165550529907,25,40
C_493,V11,269973.94,2024-02-23 00:00:00,1,182570.8592121212,102941.535881061,0.8490472868170222,1.478727012832414,1.0,165,1,109,26,1.1644010584615918,101,4.511165550529907,4,40
C_480,V11,247718.54,2024-02-23 00:00:00,1,182570.8592121212,102941.535881061,0.6328548275044431,1.3568276133518917,0.0,165,1,109,26,1.1644010584615918,101,4.511165550529907,4,40
C_343,V3,103456.13,2024-02-23 00:00:00,1,83925.30547297298,30830.50022220062,0.6334698080297632,1.2327020642332012,1.0,148,1,109,26,1.1644010584615918,101,4.511165550529907,16,40
D_297,V40,29803.87,2024-02-23 00:00:00,0,57973.75227272727,46945.974214180664,-0.6000361630168354,0.5140836110828966,14.0,66,1,109,26,1.1644010584615918,101,4.511165550529907,19,40
C_845,V4,100848.01,2024-02-23 00:00:00,1,81228.63022988506,33321.06049362434,0.5887805099528223,1.2415175314056417,1.0,174,1,109,26,1.1644010584615918,101,4.511165550529907,16,40
C_45,V9,257255.1,2024-02-23 00:00:00,1,188269.0858278146,100038.44686257221,0.6895881208435107,1.3664151629233163,0.0,151,1,109,26,1.1644010584615918,101,4.511165550529907,4,40
C_56,V10,286414.84,2024-02-23 00:00:00,1,184110.51882978724,99924.56226640988,1.0238053091706498,1.555659536244406,1.0,188,1,109,26,1.1644010584615918,101,4.511165550529907,4,40
C_884,V9,267575.32,2024-02-23 00:00:00,1,188269.0858278146,100038.44686257221,0.7927496268660027,1.4212311999725504,3.0,151,1,109,26,1.1644010584615918,101,4.511165550529907,4,40
C_18,V2,91369.66,2024-02-23 00:00:00,1,89201.08671052632,40922.37405936534,0.052991067802177154,1.0242995805300807,1.0,152,1,109,26,1.1644010584615918,101,4.511165550529907,20,40
C_802,V2,93975.79,2024-02-23 00:00:00,1,89201.08671052632,40922.37405936534,0.11667423322786803,1.0535156010975957,0.0,152,1,109,26,1.1644010584615918,101,4.511165550529907,20,40
C_1158,V5,166739.19,2024-02-23 00:00:00,1,144407.3437244898,59983.82205994232,0.3722916149220912,1.1546368146020305,0.0,196,1,109,26,1.1644010584615918,101,4.511165550529907,3,40
C_22,V6,180336.15,2024-02-23 00:00:00,1,144506.03180487806,76560.92735485801,0.46798871753910254,1.2479403095310997,0.0,205,1,109,26,1.1644010584615918,101,4.511165550529907,9,40
C_706,V6,208548.11,2024-02-23 00:00:00,1,144506.03180487806,76560.92735485801,0.8364742164639136,1.4431692866101766,0.0,205,1,109,26,1.1644010584615918,101,4.511165550529907,9,40
C_948,V11,278907.09,2024-02-24 00:00:00,1,182570.8592121212,102941.535881061,0.9358253122808724,1.5276565140082825,0.0,165,1,106,28,1.1261587482253896,98,4.433591535390565,4,40
D_215,V34,128423.49,2024-02-24 00:00:00,0,87031.30054545455,69584.65178653522,0.594837993061018,1.4755842278686864,16.0,55,1,106,28,1.1261587482253896,98,4.433591535390565,32,40
C_1107,V6,171486.83,2024-02-24 00:00:00,1,144506.03180487806,76560.92735485801,0.35240489793403745,1.1867023206978027,1.0,205,1,106,28,1.1261587482253896,98,4.433591535390565,9,40
C_910,V10,228456.47,2024-02-24 00:00:00,1,184110.51882978724,99924.56226640988,0.44378985881493227,1.2408591893221526,1.0,188,1,106,28,1.1261587482253896,98,4.433591535390565,4,40
C_671,V11,251794.64,2024-02-24 00:00:00,1,182570.8592121212,102941.535881061,0.6724507046131001,1.3791536170284178,1.0,165,1,106,28,1.1261587482253896,98,4.433591535390565,4,40
C_703,V4,80286.32,2024-02-24 00:00:00,1,81228.63022988506,33321.06049362434,-0.02827887039174404,0.9883871165335183,1.0,174,1,106,28,1.1261587482253896,98,4.433591535390565,16,40
C_794,V10,289860.14,2024-02-24 00:00:00,1,184110.51882978724,99924.56226640988,1.0582839743075498,1.5743726511103215,0.0,188,1,106,28,1.1261587482253896,98,4.433591535390565,4,40
A_1289,V9,35232.18,2024-02-24 00:00:00,0,188269.0858278146,100038.44686257221,-1.5297656137388176,0.18713636765546574,1.0,151,1,106,28,1.1261587482253896,98,4.433591535390565,4,40
C_836,V1,111337.42,2024-02-24 00:00:00,1,86403.7311111111,33948.99747755859,0.7344238804544949,1.28855698719584,2.0,162,1,106,28,1.1261587482253896,98,4.433591535390565,18,40
C_63,V1,102212.41,2024-02-24 00:00:00,1,86403.7311111111,33948.99747755859,0.4656459517953912,1.182949228423166,0.0,162,1,106,28,1.1261587482253896,98,4.433591535390565,18,40
A_1056,V2,222194.51,2024-02-24 00:00:00,0,89201.08671052632,40922.37405936534,3.2498156944866587,2.490911571621114,1.0,152,1,106,28,1.1261587482253896,98,4.433591535390565,20,40
C_66,V7,172165.35,2024-02-24 00:00:00,1,144842.31624309393,63932.34127505827,0.427367523923943,1.1886316501553367,0.0,181,1,106,28,1.1261587482253896,98,4.433591535390565,3,40
C_15,V2,87195.44,2024-02-24 00:00:00,1,89201.08671052632,40922.37405936534,-0.049009808126202654,0.9775044868957139,0.0,152,1,106,28,1.1261587482253896,98,4.433591535390565,20,40
C_907,V7,182047.19,2024-02-24 00:00:00,1,144842.31624309393,63932.34127505827,0.5819322596771659,1.2568559925434595,0.0,181,1,106,28,1.1261587482253896,98,4.433591535390565,3,40
C_313,V7,170103.6,2024-02-24 00:00:00,1,144842.31624309393,63932.34127505827,0.3951190920591074,1.174397303321274,0.0,181,1,106,28,1.1261587482253896,98,4.433591535390565,3,40
D_363,V27,49963.91,2024-02-24 00:00:00,0,83207.86098360656,89047.01535564796,-0.3733261302998599,0.6004638137018085,18.0,61,1,106,28,1.1261587482253896,98,4.433591535390565,28,40
A_965,V3,74043.74,2024-02-24 00:00:00,0,83925.30547297298,30830.50022220062,-0.3205022591102338,0.8822471045606138,1.0,148,1,106,28,1.1261587482253896,98,4.433591535390565,16,40
A_816,V8,20146.69,2024-02-24 00:00:00,0,179937.1240782123,101867.69807590247,-1.5685920905669402,0.11196454394091045,3.0,179,1,106,28,1.1261587482253896,98,4.433591535390565,4,40
C_354,V10,254713.33,2024-02-24 00:00:00,1,184110.51882978724,99924.56226640988,0.7065540545269064,1.3834730798972157,0.0,188,1,106,28,1.1261587482253896,98,4.433591535390565,4,40
C_511,V8,251399.9,2024-02-24 00:00:00,1,179937.1240782123,101867.69807590247,0.7015184965703665,1.3971463873366043,0.0,179,1,106,28,1.1261587482253896,98,4.433591535390565,4,40
C_383,V9,257524.89,2024-02-24 00:00:00,1,188269.0858278146,100038.44686257221,0.692284957026248,1.3678481574365644,0.0,151,1,106,28,1.1261587482253896,98,4.433591535390565,4,40
C_97,V7,183834.3,2024-02-24 00:00:00,1,144842.31624309393,63932.34127505827,0.6098849673623682,1.2691942215094454,1.0,181,1,106,28,1.1261587482253896,98,4.433591535390565,3,40
D_110,V25,149584.97,2024-02-25 00:00:00,0,84963.20919354838,94781.91364408535,0.6817870259729472,1.7605644943889915,4.0,62,0,104,30,1.1028225324823888,94,4.393177843200201,26,40
A_1203,V35,25587.99,2024-02-25 00:00:00,0,75008.17954545454,56348.584614378604,-0.8770284622975567,0.3411314475782798,15.0,66,0,104,30,1.1028225324823888,94,4.393177843200201,29,40
D_74,V37,39117.44,2024-02-25 00:00:00,0,72052.50544117647,51928.02541711314,-0.6342323041233654,0.5428943360977068,2.0,68,0,104,30,1.1028225324823888,94,4.393177843200201,25,40
D_613,V2,153541.31,2024-02-25 00:00:00,0,89201.08671052632,40922.37405936534,1.5722120858397153,1.721274867686266,0.0,152,0,104,30,1.1028225324823888,94,4.393177843200201,20,40
D_939,V20,17030.32,2024-02-25 00:00:00,0,84574.58505376344,95035.94061676953,-0.710715902841732,0.2013621305625504,4.0,93,0,104,30,1.1028225324823888,94,4.393177843200201,26,40
C_874,V6,170673.16,2024-02-25 00:00:00,1,144506.03180487806,76560.92735485801,0.3417772919148121,1.181071660446621,1.0,205,0,104,30,1.1028225324823888,94,4.393177843200201,9,40
C_557,V6,181905.98,2024-02-25 00:00:00,1,144506.03180487806,76560.92735485801,0.48849277293890964,1.2588036563204774,0.0,205,0,104,30,1.1028225324823888,94,4.393177843200201,9,40
C_823,V1,89344.76,2024-02-25 00:00:00,1,86403.7311111111,33948.99747755859,0.08662825058626146,1.0340262489227379,1.0,162,0,104,30,1.1028225324823888,94,4.393177843200201,18,40
C_1018,V7,184989.92,2024-02-25 00:00:00,1,144842.31624309393,63932.34127505827,0.6279603561493899,1.2771726359090474,0.0,181,0,104,30,1.1028225324823888,94,4.393177843200201,3,40
C_949,V7,156633.13,2024-02-25 00:00:00,1,144842.31624309393,63932.34127505827,0.18442354993115181,1.081397016187609,1.0,181,0,104,30,1.1028225324823888,94,4.393177843200201,3,40
D_707,V30,88127.51,2024-02-25 00:00:00,0,73122.4169117647,57615.25065897187,0.2604316128977188,1.2051886211272127,4.0,68,0,104,30,1.1028225324823888,94,4.393177843200201,29,40
C_238,V3,85173.42,2024-02-25 00:00:00,1,83925.30547297298,30830.50022220062,0.04048179679976455,1.01485963810749,0.0,148,0,104,30,1.1028225324823888,94,4.393177843200201,16,40
D_28,V2,75600.53,2024-02-25 00:00:00,0,89201.08671052632,40922.37405936534,-0.33234201781106126,0.8475197474397058,1.0,152,0,104,30,1.1028225324823888,94,4.393177843200201,20,40
C_830,V3,96404.68,2024-02-25 00:00:00,1,83925.30547297298,30830.50022220062,0.4047605350725386,1.1486825192256969,1.0,148,0,104,30,1.1028225324823888,94,4.393177843200201,16,40
C_316,V11,256128.79,2024-02-25 00:00:00,1,182570.8592121212,102941.535881061,0.7145533200470898,1.4028930367763668,1.0,165,0,104,30,1.1028225324823888,94,4.393177843200201,4,40
C_509,V9,242195.1,2024-02-25 00:00:00,1,188269.0858278146,100038.44686257221,0.539047504393597,1.2864236978226238,1.0,151,0,104,30,1.1028225324823888,94,4.393177843200201,4,40
D_352,V27,62984.04,2024-02-25 00:00:00,0,83207.86098360656,89047.01535564796,-0.2271114173947038,0.7569390958543326,1.0,61,0,104,30,1.1028225324823888,94,4.393177843200201,28,40
D_294,V18,218173.58,2024-02-25 00:00:00,0,93668.06014705882,102265.70386062763,1.2174590081892276,2.3291957841518984,4.0,136,0,104,30,1.1028225324823888,94,4.393177843200201,23,40
A_1316,V18,16063.54,2024-02-25 00:00:00,0,93668.06014705882,102265.70386062763,-0.7588444451365204,0.17149248615050178,0.0,136,0,104,30,1.1028225324823888,94,4.393177843200201,23,40
C_931,V10,264806.48,2024-02-26 00:00:00,1,184110.51882978724,99924.56226640988,0.8075607416155497,1.4382939301305528,2.0,188,0,110,31,1.0950444879881647,98,4.434044990769049,4,40
C_1172,V11,240205.73,2024-02-26 00:00:00,1,182570.8592121212,102941.535881061,0.5598742084075885,1.315677733888424,0.0,165,0,110,31,1.0950444879881647,98,4.434044990769049,4,40
C_913,V9,268827.51,2024-02-26 00:00:00,1,188269.0858278146,100038.44686257221,0.8052665893170264,1.4278822300312781,1.0,151,0,110,31,1.0950444879881647,98,4.434044990769049,4,40
A_960,V26,20579.29,2024-02-26 00:00:00,0,82902.77408450704,83596.62150892465,-0.7455174317113024,0.24823103926514528,3.0,71,0,110,31,1.0950444879881647,98,4.434044990769049,30,40
D_739,V11,17732.16,2024-02-26 00:00:00,0,182570.8592121212,102941.535881061,-1.6012690750359455,0.09712427795018444,1.0,165,0,110,31,1.0950444879881647,98,4.434044990769049,4,40
C_4,V11,299722.16,2024-02-26 00:00:00,1,182570.8592121212,102941.535881061,1.1380261792193895,1.6416668006418649,0.0,165,0,110,31,1.0950444879881647,98,4.434044990769049,4,40
D_362,V28,24462.92,2024-02-26 00:00:00,0,87976.94703125,91319.31227399668,-0.6955082111489399,0.2780574089926275,4.0,64,0,110,31,1.0950444879881647,98,4.434044990769049,26,40
C_208,V6,177615.78,2024-02-26 00:00:00,1,144506.03180487806,76560.92735485801,0.4324570885168692,1.2291151356553176,1.0,205,0,110,31,1.0950444879881647,98,4.434044990769049,9,40
C_540,V11,255493.01,2024-02-26 00:00:00,1,182570.8592121212,102941.535881061,0.7083772530349601,1.3994106819230852,0.0,165,0,110,31,1.0950444879881647,98,4.434044990769049,4,40
C_185,V8,282472.93,2024-02-26 00:00:00,1,179937.1240782123,101867.69807590247,1.00654870297241,1.5698336939270283,2.0,179,0,110,31,1.0950444879881647,98,4.434044990769049,4,40
C_1162,V11,279852.33,2024-02-26 00:00:00,1,182570.8592121212,102941.535881061,0.945007522451915,1.532833872688197,0.0,165,0,110,31,1.0950444879881647,98,4.434044990769049,4,40
C_1042,V1,102944.32,2024-02-26 00:00:00,1,86403.7311111111,33948.99747755859,0.48720442173294587,1.1914199451372636,1.0,162,0,110,31,1.0950444879881647,98,4.434044990769049,18,40
C_1169,V6,194346.38,2024-02-26 00:00:00,1,144506.03180487806,76560.92735485801,0.6509808454026527,1.344892200556842,0.0,205,0,110,31,1.0950444879881647,98,4.434044990769049,9,40
D_996,V24,149508.72,2024-02-27 00:00:00,0,69961.0374137931,66357.40093125252,1.198758280336178,2.1369977994740927,6.0,58,0,112,31,1.102003532949873,101,4.475400046162773,31,40
C_481,V6,191781.37,2024-02-27 00:00:00,1,144506.03180487806,76560.92735485801,0.6174784233944995,1.3271421300726358,1.0,205,0,112,31,1.102003532949873,101,4.475400046162773,9,40
A_610,V38,16436.49,2024-02-27 00:00:00,0,71190.65382978723,52355.46745943829,-1.0457956101069363,0.2308766423561132,5.0,47,0,112,31,1.102003532949873,101,4.475400046162773,25,40
A_808,V11,27814.19,2024-02-27 00:00:00,0,182570.8592121212,102941.535881061,-1.5033306483815965,0.15234653423605699,1.0,165,0,112,31,1.102003532949873,101,4.475400046162773,4,40
C_746,V11,259455.04,2024-02-27 00:00:00,1,182570.8592121212,102941.535881061,0.7468650362053465,1.421111890516227,0.0,165,0,112,31,1.102003532949873,101,4.475400046162773,4,40
C_556,V9,244107.42,2024-02-27 00:00:00,1,188269.0858278146,100038.44686257221,0.5581631638656754,1.2965810204349317,1.0,151,0,112,31,1.102003532949873,101,4.475400046162773,4,40
C_971,V7,189120.28,2024-02-27 00:00:00,1,144842.31624309393,63932.34127505827,0.6925645191358054,1.305688691099802,2.0,181,0,112,31,1.102003532949873,101,4.475400046162773,3,40
C_526,V10,277998.13,2024-02-27 00:00:00,1,184110.51882978724,99924.56226640988,0.9395755104174502,1.5099442542593535,1.0,188,0,112,31,1.102003532949873,101,4.475400046162773,4,40
C_419,V1,89665.21,2024-02-27 00:00:00,1,86403.7311111111,33948.99747755859,0.09606713199448053,1.0377349578774353,1.0,162,0,112,31,1.102003532949873,101,4.475400046162773,18,40
A_161,V10,109757.5,2024-02-27 00:00:00,0,184110.51882978724,99924.56226640988,-0.7440840676138093,0.5961468391419431,0.0,188,0,112,31,1.102003532949873,101,4.475400046162773,4,40
A_1045,V4,85647.12,2024-02-27 00:00:00,0,81228.63022988506,33321.06049362434,0.13259953630299484,1.0543827388800509,0.0,174,0,112,31,1.102003532949873,101,4.475400046162773,16,40
C_619,V4,106768.28,2024-02-27 00:00:00,1,81228.63022988506,33321.06049362434,0.7664486947018643,1.3144006651001479,3.0,174,0,112,31,1.102003532949873,101,4.475400046162773,16,40
C_1137,V8,230490.12,2024-02-27 00:00:00,1,179937.1240782123,101867.69807590247,0.4962564249532334,1.2809409966940337,0.0,179,0,112,31,1.102003532949873,101,4.475400046162773,4,40
C_608,V8,258427.37,2024-02-27 00:00:00,1,179937.1240782123,101867.69807590247,0.7705040645881674,1.4362013126671886,1.0,179,0,112,31,1.102003532949873,101,4.475400046162773,4,40
C_1199,V5,184778.65,2024-02-27 00:00:00,1,144407.3437244898,59983.82205994232,0.6730253569005755,1.2795566047937708,4.0,196,0,112,31,1.102003532949873,101,4.475400046162773,3,40
D_891,V25,1759.95,2024-02-27 00:00:00,0,84963.20919354838,94781.91364408535,-0.8778297268427603,0.020714016133438443,2.0,62,0,112,31,1.102003532949873,101,4.475400046162773,26,40
C_429,V7,199885.71,2024-02-27 00:00:00,1,144842.31624309393,63932.34127505827,0.8609497432661108,1.380013349490888,0.0,181,0,112,31,1.102003532949873,101,4.475400046162773,3,40
A_1430,V18,25646.94,2024-02-27 00:00:00,0,93668.06014705882,102265.70386062763,-0.6651345704830791,0.27380375077677455,2.0,136,0,112,31,1.102003532949873,101,4.475400046162773,23,40
C_203,V1,85861.28,2024-02-27 00:00:00,1,86403.7311111111,33948.99747755859,-0.015977942604257146,0.9937104009916742,0.0,162,0,112,31,1.102003532949873,101,4.475400046162773,18,40
C_678,V1,83951.94,2024-02-27 00:00:00,1,86403.7311111111,33948.99747755859,-0.07221771114215163,0.971612768426338,0.0,162,0,112,31,1.102003532949873,101,4.475400046162773,18,40
A_600,V22,179129.95,2024-02-27 00:00:00,0,85951.16571428571,86159.38158415664,1.081457423615313,2.084065578934303,0.0,91,0,112,31,1.102003532949873,101,4.475400046162773,29,40
D_643,V22,95365.16,2024-02-27 00:00:00,0,85951.16571428571,86159.38158415664,0.10926128822351171,1.109514335182712,5.0,91,0,112,31,1.102003532949873,101,4.475400046162773,29,40
D_22,V35,20375.45,2024-02-27 00:00:00,0,75008.17954545454,56348.584614378604,-0.9695320723183116,0.2716394196480013,2.0,66,0,112,31,1.102003532949873,101,4.475400046162773,29,40
C_476,V7,166123.01,2024-02-27 00:00:00,1,144842.31624309393,63932.34127505827,0.33285752523633744,1.1469152620145198,0.0,181,0,112,31,1.102003532949873,101,4.475400046162773,3,40
C_85,V7,178445.62,2024-02-27 00:00:00,1,144842.31624309393,63932.34127505827,0.5255990549959794,1.231990709882053,0.0,181,0,112,31,1.102003532949873,101,4.475400046162773,3,40
C_239,V7,177218.09,2024-02-27 00:00:00,1,144842.31624309393,63932.34127505827,0.5063989009680702,1.2235158279762852,0.0,181,0,112,31,1.102003532949873,101,4.475400046162773,3,40
C_211,V2,86490.83,2024-02-27 00:00:00,1,89201.08671052632,40922.37405936534,-0.06622759664427208,0.9696054564359605,2.0,152,0,112,31,1.102003532949873,101,4.475400046162773,20,40
C_777,V7,181174.96,2024-02-27 00:00:00,1,144842.31624309393,63932.34127505827,0.5682894563666452,1.250834106117329,0.0,181,0,112,31,1.102003532949873,101,4.475400046162773,3,40
D_306,V30,115061.23,2024-02-28 00:00:00,0,73122.4169117647,57615.25065897187,0.7278990321058784,1.5735209712483773,3.0,68,0,99,30,1.0927995622176843,88,4.343195370836838,29,40
C_1147,V11,264506.69,2024-02-28 00:00:00,1,182570.8592121212,102941.535881061,0.7959375595968106,1.4487812696954725,1.0,165,0,99,30,1.0927995622176843,88,4.343195370836838,4,40
D_349,V24,92559.58,2024-02-28 00:00:00,0,69961.0374137931,66357.40093125252,0.340552850416318,1.3229972056495851,1.0,58,0,99,30,1.0927995622176843,88,4.343195370836838,31,40
C_501,V9,273027.65,2024-02-28 00:00:00,1,188269.0858278146,100038.44686257221,0.8472514276155617,1.450191350365144,1.0,151,0,99,30,1.0927995622176843,88,4.343195370836838,4,40
A_575,V8,130104.4,2024-02-28 00:00:00,0,179937.1240782123,101867.69807590247,-0.48918583450513814,0.7230507746287748,0.0,179,0,99,30,1.0927995622176843,88,4.343195370836838,4,40
C_337,V8,247740.74,2024-02-28 00:00:00,1,179937.1240782123,101867.69807590247,0.6655981395901137,1.3768107301836516,1.0,179,0,99,30,1.0927995622176843,88,4.343195370836838,4,40
C_13,V2,94328.15,2024-02-28 00:00:00,1,89201.08671052632,40922.37405936534,0.12528447146210675,1.0574657329049768,0.0,152,0,99,30,1.0927995622176843,88,4.343195370836838,20,40
C_525,V2,103723.88,2024-02-28 00:00:00,1,89201.08671052632,40922.37405936534,0.35487771043526983,1.1627965648000926,1.0,152,0,99,30,1.0927995622176843,88,4.343195370836838,20,40
A_1036,V13,60752.02,2024-02-28 00:00:00,0,91248.5117,99126.94924086498,-0.307647761640851,0.6657791243829746,11.0,100,0,99,30,1.0927995622176843,88,4.343195370836838,24,40
D_604,V13,20472.48,2024-02-28 00:00:00,0,91248.5117,99126.94924086498,-0.7139866429398799,0.22435714579281413,0.0,100,0,99,30,1.0927995622176843,88,4.343195370836838,24,40
A_711,V23,29013.94,2024-02-28 00:00:00,0,74902.77192307693,98110.10534391222,-0.4677231161775339,0.38734951865703254,0.0,52,0,99,30,1.0927995622176843,88,4.343195370836838,26,40
D_876,V13,35518.49,2024-02-28 00:00:00,0,91248.5117,99126.94924086498,-0.5622029117598812,0.3892458089723673,0.0,100,0,99,30,1.0927995622176843,88,4.343195370836838,24,40
C_1014,V4,78362.93,2024-02-28 00:00:00,1,81228.63022988506,33321.06049362434,-0.08600009085372673,0.9647086879286274,1.0,174,0,99,30,1.0927995622176843,88,4.343195370836838,16,40
C_877,V3,87051.28,2024-02-28 00:00:00,1,83925.30547297298,30830.50022220062,0.10138898543691764,1.0372347443321375,3.0,148,0,99,30,1.0927995622176843,88,4.343195370836838,16,40
A_1303,V39,413231.0,2024-02-28 00:00:00,0,59686.60327868852,62062.45272865382,5.696499005091366,6.923229905388817,7.0,61,0,99,30,1.0927995622176843,88,4.343195370836838,26,40
C_416,V9,264485.83,2024-02-28 00:00:00,1,188269.0858278146,100038.44686257221,0.7618669091292269,1.404821317401904,0.0,151,0,99,30,1.0927995622176843,88,4.343195370836838,4,40
A_1376,V9,51843.8,2024-02-28 00:00:00,0,188269.0858278146,100038.44686257221,-1.3637149155295403,0.27536929072956695,0.0,151,0,99,30,1.0927995622176843,88,4.343195370836838,4,40
A_509,V9,18719.62,2024-02-28 00:00:00,0,188269.0858278146,100038.44686257221,-1.6948261025546334,0.09942960358089137,0.0,151,0,99,30,1.0927995622176843,88,4.343195370836838,4,40
D_197,V28,38167.2,2024-02-28 00:00:00,0,87976.94703125,91319.31227399668,-0.5454399551525981,0.43382689967115173,2.0,64,0,99,30,1.0927995622176843,88,4.343195370836838,26,40
C_346,V4,93098.31,2024-02-28 00:00:00,1,81228.63022988506,33321.06049362434,0.3562108583407083,1.1461126898709968,0.0,174,0,99,30,1.0927995622176843,88,4.343195370836838,16,40
D_387,V23,7115.01,2024-02-28 00:00:00,0,74902.77192307693,98110.10534391222,-0.6909285313365716,0.09498867436618307,20.0,52,0,99,30,1.0927995622176843,88,4.343195370836838,26,40
D_566,V16,10921.51,2024-02-28 00:00:00,0,96281.34727272727,92447.62699932391,-0.9233218495862737,0.11343211200557844,8.0,121,0,99,30,1.0927995622176843,88,4.343195370836838,26,40
C_893,V1,88865.09,2024-02-28 00:00:00,1,86403.7311111111,33948.99747755859,0.07249953083253934,1.0284748167982263,1.0,162,0,99,30,1.0927995622176843,88,4.343195370836838,18,40
C_609,V10,268379.4,2024-02-28 00:00:00,1,184110.51882978724,99924.56226640988,0.8433165574344723,1.4577002118380176,1.0,188,0,99,30,1.0927995622176843,88,4.343195370836838,4,40
C_78,V8,243734.43,2024-02-29 00:00:00,1,179937.1240782123,101867.69807590247,0.6262699644423869,1.354545798721664,0.0,179,1,95,26,1.1492165896205302,85,4.366322996040711,4,40
A_365,V12,52446.8,2024-02-29 00:00:00,0,101944.13491379311,108863.03469822774,-0.4546711414012924,0.5144610387180328,16.0,116,1,95,26,1.1492165896205302,85,4.366322996040711,18,40
A_590,V21,56010.43,2024-02-29 00:00:00,0,99317.54854545454,98935.44463436803,-0.4377266507352412,0.5639473272645142,9.0,110,1,95,26,1.1492165896205302,85,4.366322996040711,23,40
C_1048,V5,168285.04,2024-02-29 00:00:00,1,144407.3437244898,59983.82205994232,0.3980623006874878,1.1653415284719524,2.0,196,1,95,26,1.1492165896205302,85,4.366322996040711,3,40
D_117,V23,34850.0,2024-02-29 00:00:00,0,74902.77192307693,98110.10534391222,-0.4082389224204393,0.46526361897755303,1.0,52,1,95,26,1.1492165896205302,85,4.366322996040711,26,40
C_1036,V10,262353.22,2024-02-29 00:00:00,1,184110.51882978724,99924.56226640988,0.7830098665005374,1.424969071286343,0.0,188,1,95,26,1.1492165896205302,85,4.366322996040711,4,40
C_1059,V3,112304.81,2024-02-29 00:00:00,1,83925.30547297298,30830.50022220062,0.9204710871186214,1.3381359916547957,0.0,148,1,95,26,1.1492165896205302,85,4.366322996040711,16,40
A_969,V25,178746.1,2024-02-29 00:00:00,0,84963.20919354838,94781.91364408535,0.9894493342820325,2.1037811296850486,2.0,62,1,95,26,1.1492165896205302,85,4.366322996040711,26,40
D_734,V9,26039.76,2024-02-29 00:00:00,0,188269.0858278146,100038.44686257221,-1.6216535668242433,0.13831066090772953,1.0,151,1,95,26,1.1492165896205302,85,4.366322996040711,4,40
C_16,V9,271629.71,2024-02-29 00:00:00,1,188269.0858278146,100038.44686257221,0.8332775398758544,1.4427661665190046,0.0,151,1,95,26,1.1492165896205302,85,4.366322996040711,4,40
C_292,V10,250350.13,2024-02-29 00:00:00,1,184110.51882978724,99924.56226640988,0.6628895516605895,1.3597743997291716,1.0,188,1,95,26,1.1492165896205302,85,4.366322996040711,4,40
C_986,V8,272567.46,2024-02-29 00:00:00,1,179937.1240782123,101867.69807590247,0.9093110805516407,1.5147843815551019,1.0,179,1,95,26,1.1492165896205302,85,4.366322996040711,4,40
D_408,V8,18606.33,2024-02-29 00:00:00,0,179937.1240782123,101867.69807590247,-1.5837131241041733,0.10340404567023569,0.0,179,1,95,26,1.1492165896205302,85,4.366322996040711,4,40
C_440,V3,96951.78,2024-02-29 00:00:00,1,83925.30547297298,30830.50022220062,0.42250537382696485,1.1552013335225586,1.0,148,1,95,26,1.1492165896205302,85,4.366322996040711,16,40
C_641,V4,89567.65,2024-02-29 00:00:00,1,81228.63022988506,33321.06049362434,0.25025522571482256,1.1026475160174656,1.0,174,1,95,26,1.1492165896205302,85,4.366322996040711,16,40
C_521,V6,176870.76,2024-02-29 00:00:00,1,144506.03180487806,76560.92735485801,0.42272614226538724,1.223959538791312,2.0,205,1,95,26,1.1492165896205302,85,4.366322996040711,9,40
C_622,V7,192199.56,2024-02-29 00:00:00,1,144842.31624309393,63932.34127505827,0.7407284339037215,1.3269480773101534,2.0,181,1,95,26,1.1492165896205302,85,4.366322996040711,3,40
D_796,V35,49410.07,2024-02-29 00:00:00,0,75008.17954545454,56348.584614378604,-0.45427326076371327,0.6587203099596387,2.0,66,1,95,26,1.1492165896205302,85,4.366322996040711,29,40
D_809,V19,22525.83,2024-02-29 00:00:00,0,75791.63586956522,77277.72834882235,-0.6892686643229027,0.2972034121991174,8.0,92,1,95,26,1.1492165896205302,85,4.366322996040711,32,40
C_840,V11,270475.83,2024-02-29 00:00:00,1,182570.8592121212,102941.535881061,0.8539227252905789,1.4814760126079867,1.0,165,1,95,26,1.1492165896205302,85,4.366322996040711,4,40
C_928,V1,92663.32,2024-03-01 00:00:00,1,86403.7311111111,33948.99747755859,0.1843767114570944,1.0724334050740896,0.0,162,1,96,24,1.1802544287820338,87,4.404803062953106,18,40
D_861,V1,20926.19,2024-03-01 00:00:00,0,86403.7311111111,33948.99747755859,-1.9286464205009928,0.24218801136120915,2.0,162,1,96,24,1.1802544287820338,87,4.404803062953106,18,40
D_500,V2,91298.4,2024-03-01 00:00:00,0,89201.08671052632,40922.37405936534,0.051249764656042716,1.0235007202945432,2.0,152,1,96,24,1.1802544287820338,87,4.404803062953106,20,40
A_1025,V25,386245.19,2024-03-01 00:00:00,0,84963.20919354838,94781.91364408535,3.1786528734259085,4.54597522493423,1.0,62,1,96,24,1.1802544287820338,87,4.404803062953106,26,40
D_211,V3,12953.23,2024-03-01 00:00:00,0,83925.30547297298,30830.50022220062,-2.301933897523048,0.15434052442796214,0.0,148,1,96,24,1.1802544287820338,87,4.404803062953106,16,40
A_1024,V36,122057.91,2024-03-01 00:00:00,0,77526.48523809524,111324.58196102447,0.4000107071301491,1.574382422248665,10.0,63,1,96,24,1.1802544287820338,87,4.404803062953106,20,40
C_231,V11,255649.44,2024-03-01 00:00:00,1,182570.8592121212,102941.535881061,0.7098968386820509,1.4002674952385383,1.0,165,1,96,24,1.1802544287820338,87,4.404803062953106,4,40
C_1060,V3,104156.4,2024-03-01 00:00:00,1,83925.30547297298,30830.50022220062,0.6561826178169351,1.2410459320593086,1.0,148,1,96,24,1.1802544287820338,87,4.404803062953106,16,40
D_64,V9,49401.17,2024-03-01 00:00:00,0,188269.0858278146,100038.44686257221,-1.3881315839199158,0.26239521686509787,1.0,151,1,96,24,1.1802544287820338,87,4.404803062953106,4,40
C_20,V6,156372.92,2024-03-01 00:00:00,1,144506.03180487806,76560.92735485801,0.15499725000547512,1.0821128774629043,1.0,205,1,96,24,1.1802544287820338,87,4.404803062953106,9,40
A_309,V35,61646.13,2024-03-01 00:00:00,0,75008.17954545454,56348.584614378604,-0.2371277381527489,0.8218478108088529,1.0,66,1,96,24,1.1802544287820338,87,4.404803062953106,29,40
C_691,V10,263294.68,2024-03-01 00:00:00,1,184110.51882978724,99924.56226640988,0.7924314797358977,1.4300826025090712,1.0,188,1,96,24,1.1802544287820338,87,4.404803062953106,4,40
A_1145,V10,51490.43,2024-03-01 00:00:00,0,184110.51882978724,99924.56226640988,-1.3271888175741362,0.2796697910444341,0.0,188,1,96,24,1.1802544287820338,87,4.404803062953106,4,40
A_986,V3,24900.83,2024-03-01 00:00:00,0,83925.30547297298,30830.50022220062,-1.9144211292861981,0.2966987508823308,0.0,148,1,96,24,1.1802544287820338,87,4.404803062953106,16,40
A_496,V18,28792.24,2024-03-01 00:00:00,0,93668.06014705882,102265.70386062763,-0.6343787146545142,0.30738260803296924,3.0,136,1,96,24,1.1802544287820338,87,4.404803062953106,23,40
C_1034,V10,265499.75,2024-03-01 00:00:00,1,184110.51882978724,99924.56226640988,0.8144986060045606,1.4420594196795309,0.0,188,1,96,24,1.1802544287820338,87,4.404803062953106,4,40
C_295,V8,258532.54,2024-03-01 00:00:00,1,179937.1240782123,101867.69807590247,0.7715364720105304,1.4367857913625113,0.0,179,1,96,24,1.1802544287820338,87,4.404803062953106,4,40
C_1069,V8,256458.44,2024-03-01 00:00:00,1,179937.1240782123,101867.69807590247,0.75117594871755,1.4252590512087766,1.0,179,1,96,24,1.1802544287820338,87,4.404803062953106,4,40
C_118,V8,229714.71,2024-03-01 00:00:00,1,179937.1240782123,101867.69807590247,0.4886445675854064,1.2766316820117103,0.0,179,1,96,24,1.1802544287820338,87,4.404803062953106,4,40
A_298,V31,83070.56,2024-03-01 00:00:00,0,67268.36175438597,41034.01405489689,0.385090601515909,1.2348944279166405,26.0,57,1,96,24,1.1802544287820338,87,4.404803062953106,18,40
C_228,V5,173529.43,2024-03-01 00:00:00,1,144407.3437244898,59983.82205994232,0.4854909171258147,1.2016579203419784,0.0,196,1,96,24,1.1802544287820338,87,4.404803062953106,3,40
C_1088,V5,164404.35,2024-03-01 00:00:00,1,144407.3437244898,59983.82205994232,0.33336776852530087,1.1384684967626226,1.0,196,1,96,24,1.1802544287820338,87,4.404803062953106,3,40
D_139,V34,12061.03,2024-03-01 00:00:00,0,87031.30054545455,69584.65178653522,-1.077381164373332,0.13858107765060007,6.0,55,1,96,24,1.1802544287820338,87,4.404803062953106,32,40
C_647,V8,229504.99,2024-03-01 00:00:00,1,179937.1240782123,101867.69807590247,0.4865858390067439,1.2754661702499623,0.0,179,1,96,24,1.1802544287820338,87,4.404803062953106,4,40
D_127,V33,41101.23,2024-03-01 00:00:00,0,88242.64793103449,64151.09930319075,-0.7348382740873112,0.4657698425174134,9.0,58,1,96,24,1.1802544287820338,87,4.404803062953106,32,40
C_682,V11,247731.09,2024-03-02 00:00:00,1,182570.8592121212,102941.535881061,0.6329767401802149,1.3568963534088434,1.0,165,1,91,25,1.2203783175132592,80,4.400479340026308,4,40
C_1142,V3,98053.87,2024-03-02 00:00:00,1,83925.30547297298,30830.50022220062,0.4582509584419627,1.1683329731650889,1.0,148,1,91,25,1.2203783175132592,80,4.400479340026308,16,40
C_1122,V6,172644.2,2024-03-02 00:00:00,1,144506.03180487806,76560.92735485801,0.3675216803869623,1.1947114119201785,1.0,205,1,91,25,1.2203783175132592,80,4.400479340026308,9,40
C_338,V9,271636.78,2024-03-02 00:00:00,1,188269.0858278146,100038.44686257221,0.8333482119979196,1.4428037189531522,1.0,151,1,91,25,1.2203783175132592,80,4.400479340026308,4,40
D_400,V38,85212.4,2024-03-02 00:00:00,0,71190.65382978723,52355.46745943829,0.26781306781393754,1.1969436783100318,4.0,47,1,91,25,1.2203783175132592,80,4.400479340026308,25,40
C_299,V4,97015.4,2024-03-02 00:00:00,1,81228.63022988506,33321.06049362434,0.4737633128400173,1.1943351179297528,2.0,174,1,91,25,1.2203783175132592,80,4.400479340026308,16,40
A_370,V32,87591.41,2024-03-02 00:00:00,0,67081.75597222222,63875.16720999454,0.32108460672588207,1.3057216974846717,21.0,72,1,91,25,1.2203783175132592,80,4.400479340026308,30,40
A_1124,V13,88557.87,2024-03-02 00:00:00,0,91248.5117,99126.94924086498,-0.027143118773315694,0.9705023988637957,3.0,100,1,91,25,1.2203783175132592,80,4.400479340026308,24,40
C_897,V5,182979.9,2024-03-02 00:00:00,1,144407.3437244898,59983.82205994232,0.643038604615097,1.2671006070750257,1.0,196,1,91,25,1.2203783175132592,80,4.400479340026308,3,40
C_179,V5,155066.26,2024-03-02 00:00:00,1,144407.3437244898,59983.82205994232,0.1776935549606007,1.0738040199106775,0.0,196,1,91,25,1.2203783175132592,80,4.400479340026308,3,40
C_885,V7,173446.82,2024-03-02 00:00:00,1,144842.31624309393,63932.34127505827,0.44741136919220104,1.1974789344708192,2.0,181,1,91,25,1.2203783175132592,80,4.400479340026308,3,40
C_833,V5,180919.31,2024-03-02 00:00:00,1,144407.3437244898,59983.82205994232,0.6086867481081149,1.2528314177272737,0.0,196,1,91,25,1.2203783175132592,80,4.400479340026308,3,40
A_344,V19,210368.32,2024-03-02 00:00:00,0,75791.63586956522,77277.72834882235,1.7414453757957782,2.775577304924872,2.0,92,1,91,25,1.2203783175132592,80,4.400479340026308,32,40
C_870,V1,88030.31,2024-03-02 00:00:00,1,86403.7311111111,33948.99747755859,0.047911016487234906,1.018813540277077,1.0,162,1,91,25,1.2203783175132592,80,4.400479340026308,18,40
C_1050,V2,88587.78,2024-03-02 00:00:00,1,89201.08671052632,40922.37405936534,-0.0149867092981294,0.9931133145739086,1.0,152,1,91,25,1.2203783175132592,80,4.400479340026308,20,40
C_736,V5,177168.36,2024-03-03 00:00:00,1,144407.3437244898,59983.82205994232,0.5461550964137626,1.2268568105594477,1.0,196,1,102,26,1.265368232413194,89,4.445893141621277,3,40
D_644,V16,34026.01,2024-03-03 00:00:00,0,96281.34727272727,92447.62699932391,-0.6734046712579361,0.35339821850851505,4.0,121,1,102,26,1.265368232413194,89,4.445893141621277,26,40
C_79,V4,92775.05,2024-03-03 00:00:00,1,81228.63022988506,33321.06049362434,0.34650977757885554,1.142133107554973,0.0,174,1,102,26,1.265368232413194,89,4.445893141621277,16,40
C_1092,V4,107910.42,2024-03-03 00:00:00,1,81228.63022988506,33321.06049362434,0.8007244862669907,1.328461297861465,1.0,174,1,102,26,1.265368232413194,89,4.445893141621277,16,40
C_962,V8,282894.99,2024-03-03 00:00:00,1,179937.1240782123,101867.69807590247,1.0106918795121311,1.572179278011347,2.0,179,1,102,26,1.265368232413194,89,4.445893141621277,4,40
C_766,V6,173889.99,2024-03-03 00:00:00,1,144506.03180487806,76560.92735485801,0.3837933449471535,1.2033323764811428,0.0,205,1,102,26,1.265368232413194,89,4.445893141621277,9,40
C_32,V6,181916.92,2024-03-03 00:00:00,1,144506.03180487806,76560.92735485801,0.48863566380357265,1.2588793619789727,1.0,205,1,102,26,1.265368232413194,89,4.445893141621277,9,40
C_615,V2,98745.95,2024-03-03 00:00:00,1,89201.08671052632,40922.37405936534,0.23323744703033183,1.1069914801482716,1.0,152,1,102,26,1.265368232413194,89,4.445893141621277,20,40
A_427,V7,19139.09,2024-03-03 00:00:00,0,144842.31624309393,63932.34127505827,-1.9661607501833065,0.13213650789297324,0.0,181,1,102,26,1.265368232413194,89,4.445893141621277,3,40
D_761,V32,32112.98,2024-03-03 00:00:00,0,67081.75597222222,63875.16720999454,-0.547446371621852,0.47870692750454996,1.0,72,1,102,26,1.265368232413194,89,4.445893141621277,30,40
C_89,V7,175406.2,2024-03-03 00:00:00,1,144842.31624309393,63932.34127505827,0.4780586020901381,1.211006517591821,0.0,181,1,102,26,1.265368232413194,89,4.445893141621277,3,40
C_712,V7,179830.81,2024-03-03 00:00:00,1,144842.31624309393,63932.34127505827,0.5472652149740813,1.2415540783268573,0.0,181,1,102,26,1.265368232413194,89,4.445893141621277,3,40
C_396,V9,258757.09,2024-03-03 00:00:00,1,188269.0858278146,100038.44686257221,0.7046020983004566,1.374393010245135,1.0,151,1,102,26,1.265368232413194,89,4.445893141621277,4,40
C_459,V7,165631.23,2024-03-03 00:00:00,1,144842.31624309393,63932.34127505827,0.32516545111363154,1.143520006970962,1.0,181,1,102,26,1.265368232413194,89,4.445893141621277,3,40
A_35,V21,23000.07,2024-03-03 00:00:00,0,99317.54854545454,98935.44463436803,-0.7713788263515562,0.23157879708112822,3.0,110,1,102,26,1.265368232413194,89,4.445893141621277,23,40
A_701,V1,64900.22,2024-03-04 00:00:00,0,86403.7311111111,33948.99747755859,-0.6333877086537405,0.7511188237660547,2.0,162,0,97,26,1.2713951803369372,84,4.386373584481017,18,40
C_624,V6,176757.26,2024-03-04 00:00:00,1,144506.03180487806,76560.92735485801,0.4212436821978142,1.2231741098846187,0.0,205,0,97,26,1.2713951803369372,84,4.386373584481017,9,40
C_64,V7,192721.77,2024-03-04 00:00:00,1,144842.31624309393,63932.34127505827,0.7488964725137061,1.3305534214402446,1.0,181,0,97,26,1.2713951803369372,84,4.386373584481017,3,40
C_1154,V9,256889.87,2024-03-04 00:00:00,1,188269.0858278146,100038.44686257221,0.6859372609931785,1.3644752371066677,1.0,151,0,97,26,1.2713951803369372,84,4.386373584481017,4,40
C_458,V6,186001.72,2024-03-04 00:00:00,1,144506.03180487806,76560.92735485801,0.5419885526495821,1.287146498525764,1.0,205,0,97,26,1.2713951803369372,84,4.386373584481017,9,40
C_148,V5,166838.57,2024-03-04 00:00:00,1,144407.3437244898,59983.82205994232,0.3739483673569104,1.155325001983984,1.0,196,0,97,26,1.2713951803369372,84,4.386373584481017,3,40
D_285,V3,136770.7,2024-03-04 00:00:00,0,83925.30547297298,30830.50022220062,1.714006588916326,1.6296523387895905,0.0,148,0,97,26,1.2713951803369372,84,4.386373584481017,16,40
D_991,V8,329763.58,2024-03-04 00:00:00,0,179937.1240782123,101867.69807590247,1.4707801194254182,1.832649871667353,1.0,179,0,97,26,1.2713951803369372,84,4.386373584481017,4,40
C_6,V3,87437.98,2024-03-04 00:00:00,1,83925.30547297298,30830.50022220062,0.11393135273053213,1.0418423580930523,0.0,148,0,97,26,1.2713951803369372,84,4.386373584481017,16,40
C_1043,V5,173031.72,2024-03-04 00:00:00,1,144407.3437244898,59983.82205994232,0.4771936515358187,1.1982113743380332,0.0,196,0,97,26,1.2713951803369372,84,4.386373584481017,3,40
C_1070,V2,92378.51,2024-03-04 00:00:00,1,89201.08671052632,40922.37405936534,0.07764323843054487,1.0356092935334755,1.0,152,0,97,26,1.2713951803369372,84,4.386373584481017,20,40
C_1180,V2,94119.96,2024-03-04 00:00:00,1,89201.08671052632,40922.37405936534,0.12019715877625692,1.055131818893799,0.0,152,0,97,26,1.2713951803369372,84,4.386373584481017,20,40
C_857,V6,193462.34,2024-03-04 00:00:00,1,144506.03180487806,76560.92735485801,0.6394341141415317,1.3387745743835102,0.0,205,0,97,26,1.2713951803369372,84,4.386373584481017,9,40
C_428,V11,241384.37,2024-03-04 00:00:00,1,182570.8592121212,102941.535881061,0.5713237029232645,1.322133493308777,2.0,165,0,97,26,1.2713951803369372,84,4.386373584481017,4,40
C_1190,V6,161425.52,2024-03-04 00:00:00,1,144506.03180487806,76560.92735485801,0.22099088645850753,1.1170772659559314,0.0,205,0,97,26,1.2713951803369372,84,4.386373584481017,9,40
C_438,V10,254225.86,2024-03-04 00:00:00,1,184110.51882978724,99924.56226640988,0.7016757232076354,1.3808253911317416,3.0,188,0,97,26,1.2713951803369372,84,4.386373584481017,4,40
C_350,V6,176498.9,2024-03-04 00:00:00,1,144506.03180487806,76560.92735485801,0.4178691589990638,1.2213862384103165,0.0,205,0,97,26,1.2713951803369372,84,4.386373584481017,9,40
C_409,V8,249912.72,2024-03-04 00:00:00,1,179937.1240782123,101867.69807590247,0.6869195075964238,1.388881435105839,0.0,179,0,97,26,1.2713951803369372,84,4.386373584481017,4,40
C_48,V3,93072.05,2024-03-04 00:00:00,1,83925.30547297298,30830.50022220062,0.2966688114787484,1.1089735152224978,2.0,148,0,97,26,1.2713951803369372,84,4.386373584481017,16,40
C_489,V6,171593.07,2024-03-04 00:00:00,1,144506.03180487806,76560.92735485801,0.3537925328025747,1.1874375098347818,0.0,205,0,97,26,1.2713951803369372,84,4.386373584481017,9,40
D_15,V7,212431.4,2024-03-05 00:00:00,0,144842.31624309393,63932.34127505827,1.0571805322377852,1.4666289443654508,0.0,181,0,100,29,1.2447815647470906,87,4.396525400591897,3,40
D_137,V19,53986.39,2024-03-05 00:00:00,0,75791.63586956522,77277.72834882235,-0.2821636216778858,0.7122907045073281,3.0,92,0,100,29,1.2447815647470906,87,4.396525400591897,32,40
C_310,V6,178486.75,2024-03-05 00:00:00,1,144506.03180487806,76560.92735485801,0.44383310829708095,1.2351423164030064,1.0,205,0,100,29,1.2447815647470906,87,4.396525400591897,9,40
C_25,V10,247804.78,2024-03-05 00:00:00,1,184110.51882978724,99924.56226640988,0.6374170905378401,1.3459493549075425,0.0,188,0,100,29,1.2447815647470906,87,4.396525400591897,4,40
C_36,V10,271916.57,2024-03-05 00:00:00,1,184110.51882978724,99924.56226640988,0.8787146069402594,1.4769123177534011,0.0,188,0,100,29,1.2447815647470906,87,4.396525400591897,4,40
C_486,V4,94968.15,2024-03-05 00:00:00,1,81228.63022988506,33321.06049362434,0.4123250353243844,1.1691318762775853,2.0,174,0,100,29,1.2447815647470906,87,4.396525400591897,16,40
C_1181,V10,264968.29,2024-03-05 00:00:00,1,184110.51882978724,99924.56226640988,0.8091800469897701,1.43917279963871,0.0,188,0,100,29,1.2447815647470906,87,4.396525400591897,4,40
C_976,V4,87202.1,2024-03-05 00:00:00,1,81228.63022988506,33321.06049362434,0.17926471777631736,1.0735257535115261,0.0,174,0,100,29,1.2447815647470906,87,4.396525400591897,16,40
D_100,V10,70139.64,2024-03-05 00:00:00,0,184110.51882978724,99924.56226640988,-1.1405577936697657,0.3809628014901378,1.0,188,0,100,29,1.2447815647470906,87,4.396525400591897,4,40
A_1343,V33,189069.71,2024-03-05 00:00:00,0,88242.64793103449,64151.09930319075,1.5716876480135802,2.14258719389938,4.0,58,0,100,29,1.2447815647470906,87,4.396525400591897,32,40
C_10,V7,184417.94,2024-03-05 00:00:00,1,144842.31624309393,63932.34127505827,0.6190138504828208,1.2732236790994695,1.0,181,0,100,29,1.2447815647470906,87,4.396525400591897,3,40
C_496,V6,169404.42,2024-03-05 00:00:00,1,144506.03180487806,76560.92735485801,0.3252058700105608,1.1722918800846998,0.0,205,0,100,29,1.2447815647470906,87,4.396525400591897,9,40
C_937,V5,190301.82,2024-03-05 00:00:00,1,144407.3437244898,59983.82205994232,0.7651014823324516,1.3178034945340023,1.0,196,0,100,29,1.2447815647470906,87,4.396525400591897,3,40
A_878,V13,203713.35,2024-03-05 00:00:00,0,91248.5117,99126.94924086498,1.1345421665763358,2.2324870150510625,0.0,100,0,100,29,1.2447815647470906,87,4.396525400591897,24,40
C_293,V8,262938.83,2024-03-05 00:00:00,1,179937.1240782123,101867.69807590247,0.8147910740936637,1.4612735980603557,1.0,179,0,100,29,1.2447815647470906,87,4.396525400591897,4,40
A_530,V8,18448.27,2024-03-05 00:00:00,0,179937.1240782123,101867.69807590247,-1.5852647292879585,0.10252563260013334,0.0,179,0,100,29,1.2447815647470906,87,4.396525400591897,4,40
C_1040,V1,96682.42,2024-03-05 00:00:00,1,86403.7311111111,33948.99747755859,0.3027596363058126,1.1189482191162938,1.0,162,0,100,29,1.2447815647470906,87,4.396525400591897,18,40
A_1131,V13,93840.46,2024-03-05 00:00:00,0,91248.5117,99126.94924086498,0.026147502493993755,1.028394105916076,3.0,100,0,100,29,1.2447815647470906,87,4.396525400591897,24,40
C_630,V6,189490.44,2024-03-05 00:00:00,1,144506.03180487806,76560.92735485801,0.5875558485697864,1.3112887146963284,0.0,205,0,100,29,1.2447815647470906,87,4.396525400591897,9,40
C_1009,V5,195489.1,2024-03-05 00:00:00,1,144407.3437244898,59983.82205994232,0.8515780245953659,1.3537244106404607,0.0,196,0,100,29,1.2447815647470906,87,4.396525400591897,3,40
C_633,V5,168453.61,2024-03-05 00:00:00,1,144407.3437244898,59983.82205994232,0.40087251157436066,1.1665088432936055,0.0,196,0,100,29,1.2447815647470906,87,4.396525400591897,3,40
B_24,V14,95727.61,2024-03-05 18:00:00,1,101404.49841584158,100941.99680096707,-0.05623855637092784,0.9440080813709153,14.0,101,0,79,27,1.2555261174135608,67,4.133375138225706,21,40
B_25,V15,82980.33,2024-03-05 21:00:00,1,101414.6991919192,81219.53730128995,-0.22696684612583098,0.8182197693373678,11.0,99,0,78,27,1.2589181150051332,65,4.1196692635354335,31,40
C_625,V11,244122.11,2024-03-06 00:00:00,1,182570.8592121212,102941.535881061,0.5979185402912031,1.337128903947714,2.0,165,0,94,26,1.2611884969850242,84,4.325687004846228,4,40
D_544,V29,232070.58,2024-03-06 00:00:00,0,74548.44014492753,60050.95281301047,2.623097709171328,3.112975490477784,15.0,69,0,94,26,1.2611884969850242,84,4.325687004846228,30,40
C_134,V5,185084.08,2024-03-06 00:00:00,1,144407.3437244898,59983.82205994232,0.6781171449481384,1.2816716487872308,0.0,196,0,94,26,1.2611884969850242,84,4.325687004846228,3,40
A_676,V18,55615.97,2024-03-06 00:00:00,0,93668.06014705882,102265.70386062763,-0.3720867957074028,0.5937496320843177,5.0,136,0,94,26,1.2611884969850242,84,4.325687004846228,23,40
A_947,V24,90104.05,2024-03-06 00:00:00,0,69961.0374137931,66357.40093125252,0.30354879417717,1.2878991711901728,7.0,58,0,94,26,1.2611884969850242,84,4.325687004846228,31,40
A_59,V20,106575.95,2024-03-06 00:00:00,0,84574.58505376344,95035.94061676953,0.231503295491757,1.260126665777733,10.0,93,0,94,26,1.2611884969850242,84,4.325687004846228,26,40
C_432,V4,99090.61,2024-03-06 00:00:00,1,81228.63022988506,33321.06049362434,0.5360406741213543,1.2198825689538069,1.0,174,0,94,26,1.2611884969850242,84,4.325687004846228,16,40
C_519,V4,92437.72,2024-03-06 00:00:00,1,81228.63022988506,33321.06049362434,0.3363864540207417,1.1379803125829249,0.0,174,0,94,26,1.2611884969850242,84,4.325687004846228,16,40
A_1046,V27,77424.81,2024-03-06 00:00:00,0,83207.86098360656,89047.01535564796,-0.06494306426156375,0.9304875596753318,10.0,61,0,94,26,1.2611884969850242,84,4.325687004846228,28,40
C_1136,V6,179107.03,2024-03-06 00:00:00,1,144506.03180487806,76560.92735485801,0.4519347852196727,1.2394347026782815,1.0,205,0,94,26,1.2611884969850242,84,4.325687004846228,9,40
A_690,V2,77807.73,2024-03-06 00:00:00,0,89201.08671052632,40922.37405936534,-0.27840707107870893,0.8722635632112211,2.0,152,0,94,26,1.2611884969850242,84,4.325687004846228,20,40
C_926,V6,192696.27,2024-03-06 00:00:00,1,144506.03180487806,76560.92735485801,0.6294282270581341,1.3334733098676463,0.0,205,0,94,26,1.2611884969850242,84,4.325687004846228,9,40
C_929,V6,179988.56,2024-03-06 00:00:00,1,144506.03180487806,76560.92735485801,0.46344873256211855,1.2455349594546457,0.0,205,0,94,26,1.2611884969850242,84,4.325687004846228,9,40
C_1104,V6,175104.34,2024-03-06 00:00:00,1,144506.03180487806,76560.92735485801,0.3996543615379663,1.2117357737749137,0.0,205,0,94,26,1.2611884969850242,84,4.325687004846228,9,40
C_1144,V5,176484.54,2024-03-06 00:00:00,1,144407.3437244898,59983.82205994232,0.5347552126345518,1.222121488608075,1.0,196,0,94,26,1.2611884969850242,84,4.325687004846228,3,40
C_287,V5,177645.74,2024-03-06 00:00:00,1,144407.3437244898,59983.82205994232,0.5541134429355371,1.2301625752243397,0.0,196,0,94,26,1.2611884969850242,84,4.325687004846228,3,40
C_367,V5,194479.3,2024-03-06 00:00:00,1,144407.3437244898,59983.82205994232,0.8347437661059278,1.3467317398988963,0.0,196,0,94,26,1.2611884969850242,84,4.325687004846228,3,40
C_700,V8,259702.08,2024-03-06 00:00:00,1,179937.1240782123,101867.69807590247,0.7830173294484899,1.4432854701048083,1.0,179,0,94,26,1.2611884969850242,84,4.325687004846228,4,40
B_27,V12,581837.39,2024-03-06 03:00:00,1,101944.13491379311,108863.03469822774,4.408189136260438,5.707358085229017,6.0,116,0,76,23,1.2556570870628225,68,4.080581973291238,18,40
B_26,V13,248489.35,2024-03-06 11:00:00,1,91248.5117,99126.94924086498,1.5862412115268323,2.723185531304054,1.0,100,0,76,23,1.2161977528427672,68,4.102731408730256,24,40
C_365,V7,178331.4,2024-03-07 00:00:00,1,144842.31624309393,63932.34127505827,0.523812506729894,1.2312021336262575,0.0,181,0,91,25,1.2210382823236676,82,4.282584950412586,3,40
C_612,V2,83550.43,2024-03-07 00:00:00,1,89201.08671052632,40922.37405936534,-0.13807895464164854,0.9366421020074702,1.0,152,0,91,25,1.2210382823236676,82,4.282584950412586,20,40
A_446,V7,64159.15,2024-03-07 00:00:00,0,144842.31624309393,63932.34127505827,-1.261988887706861,0.44295554440579227,0.0,181,0,91,25,1.2210382823236676,82,4.282584950412586,3,40
C_1113,V7,143146.19,2024-03-07 00:00:00,1,144842.31624309393,63932.34127505827,-0.026529604260736774,0.9882830199755603,0.0,181,0,91,25,1.2210382823236676,82,4.282584950412586,3,40
C_1119,V7,181284.69,2024-03-07 00:00:00,1,144842.31624309393,63932.34127505827,0.5700057752358237,1.251591683359042,2.0,181,0,91,25,1.2210382823236676,82,4.282584950412586,3,40
D_864,V8,35673.11,2024-03-07 00:00:00,0,179937.1240782123,101867.69807590247,-1.4161760855206087,0.19825209461722657,1.0,179,0,91,25,1.2210382823236676,82,4.282584950412586,4,40
C_40,V7,173393.38,2024-03-07 00:00:00,1,144842.31624309393,63932.34127505827,0.44657549859738743,1.1971099840671269,0.0,181,0,91,25,1.2210382823236676,82,4.282584950412586,3,40
C_775,V4,105808.91,2024-03-07 00:00:00,1,81228.63022988506,33321.06049362434,0.7376578580672704,1.302590073358133,1.0,174,0,91,25,1.2210382823236676,82,4.282584950412586,16,40
A_1271,V1,109057.66,2024-03-07 00:00:00,0,86403.7311111111,33948.99747755859,0.6672733600013802,1.2621723208623685,0.0,162,0,91,25,1.2210382823236676,82,4.282584950412586,18,40
D_25,V10,22077.46,2024-03-07 00:00:00,0,184110.51882978724,99924.56226640988,-1.6215376241546042,0.11991351839539606,2.0,188,0,91,25,1.2210382823236676,82,4.282584950412586,4,40
C_939,V1,79982.21,2024-03-07 00:00:00,1,86403.7311111111,33948.99747755859,-0.18914643853378227,0.9256693351333721,0.0,162,0,91,25,1.2210382823236676,82,4.282584950412586,18,40
D_821,V6,704175.38,2024-03-07 00:00:00,0,144506.03180487806,76560.92735485801,7.3100216717521,4.872948888403017,0.0,205,0,91,25,1.2210382823236676,82,4.282584950412586,9,40
C_561,V6,182697.44,2024-03-07 00:00:00,1,144506.03180487806,76560.92735485801,0.4988302869924893,1.2642806216287723,0.0,205,0,91,25,1.2210382823236676,82,4.282584950412586,9,40
C_628,V6,192767.32,2024-03-07 00:00:00,1,144506.03180487806,76560.92735485801,0.6303562339991128,1.333964981443158,1.0,205,0,91,25,1.2210382823236676,82,4.282584950412586,9,40
D_867,V5,32930.9,2024-03-07 00:00:00,0,144407.3437244898,59983.82205994232,-1.858410842881093,0.2280401474780944,1.0,196,0,91,25,1.2210382823236676,82,4.282584950412586,3,40
C_1167,V3,109394.01,2024-03-07 00:00:00,1,83925.30547297298,30830.50022220062,0.8260611499108288,1.3034531829264002,3.0,148,0,91,25,1.2210382823236676,82,4.282584950412586,16,40
C_70,V4,104373.74,2024-03-07 00:00:00,1,81228.63022988506,33321.06049362434,0.6945881925441976,1.2849220131202816,0.0,174,0,91,25,1.2210382823236676,82,4.282584950412586,16,40
C_394,V4,84761.62,2024-03-07 00:00:00,1,81228.63022988506,33321.06049362434,0.10602554937414252,1.043481544359111,0.0,174,0,91,25,1.2210382823236676,82,4.282584950412586,16,40
D_833,V26,441132.05,2024-03-07 00:00:00,0,82902.77408450704,83596.62150892465,4.285161102068549,5.321012883567121,0.0,71,0,91,25,1.2210382823236676,82,4.282584950412586,30,40
A_325,V26,113254.74,2024-03-07 00:00:00,0,82902.77408450704,83596.62150892465,0.36307212295809965,1.3660987241009686,10.0,71,0,91,25,1.2210382823236676,82,4.282584950412586,30,40
C_384,V4,103661.47,2024-03-07 00:00:00,1,81228.63022988506,33321.06049362434,0.673212863724532,1.2761534147900389,0.0,174,0,91,25,1.2210382823236676,82,4.282584950412586,16,40
C_248,V5,159488.28,2024-03-07 00:00:00,1,144407.3437244898,59983.82205994232,0.2514125366653577,1.1044256577326346,0.0,196,0,91,25,1.2210382823236676,82,4.282584950412586,3,40
D_320,V4,21547.37,2024-03-07 00:00:00,0,81228.63022988506,33321.06049362434,-1.79104351128899,0.26526490320120333,0.0,174,0,91,25,1.2210382823236676,82,4.282584950412586,16,40
C_312,V1,97695.94,2024-03-07 00:00:00,1,86403.7311111111,33948.99747755859,0.3326129522204884,1.1306781323625568,2.0,162,0,91,25,1.2210382823236676,82,4.282584950412586,18,40
C_828,V1,106424.49,2024-03-08 00:00:00,1,86403.7311111111,33948.99747755859,0.5897131185981058,1.231697484980825,1.0,162,1,90,26,1.1912520183351203,83,4.305747832825812,18,40
A_324,V31,69755.8,2024-03-08 00:00:00,0,67268.36175438597,41034.01405489689,0.06061745811238958,1.036962417670804,7.0,57,1,90,26,1.1912520183351203,83,4.305747832825812,18,40
D_530,V2,38531.61,2024-03-08 00:00:00,0,89201.08671052632,40922.37405936534,-1.2381549145244677,0.4319586168991837,1.0,152,1,90,26,1.1912520183351203,83,4.305747832825812,20,40
D_972,V20,45089.87,2024-03-08 00:00:00,0,84574.58505376344,95035.94061676953,-0.41546702574300093,0.5331310445128703,2.0,93,1,90,26,1.1912520183351203,83,4.305747832825812,26,40
C_26,V10,272349.2,2024-03-08 00:00:00,1,184110.51882978724,99924.56226640988,0.883044129738906,1.4792621435695683,0.0,188,1,90,26,1.1912520183351203,83,4.305747832825812,4,40
C_232,V10,254575.51,2024-03-08 00:00:00,1,184110.51882978724,99924.56226640988,0.7051748278618362,1.3827245118506537,1.0,188,1,90,26,1.1912520183351203,83,4.305747832825812,4,40
C_96,V4,94636.28,2024-03-08 00:00:00,1,81228.63022988506,33321.06049362434,0.4023655671797451,1.1650462981571288,1.0,174,1,90,26,1.1912520183351203,83,4.305747832825812,16,40
D_7,V17,20293.72,2024-03-08 00:00:00,0,105661.17514285714,95526.67662806554,-0.8936410698569908,0.19206229639473663,17.0,105,1,90,26,1.1912520183351203,83,4.305747832825812,24,40
D_190,V16,21828.43,2024-03-08 00:00:00,0,96281.34727272727,92447.62699932391,-0.8053436777732973,0.22671269052227472,5.0,121,1,90,26,1.1912520183351203,83,4.305747832825812,26,40
C_1087,V6,175738.6,2024-03-08 00:00:00,1,144506.03180487806,76560.92735485801,0.4079386357446522,1.2161249027472425,1.0,205,1,90,26,1.1912520183351203,83,4.305747832825812,9,40
C_1194,V3,83392.58,2024-03-09 00:00:00,1,83925.30547297298,30830.50022220062,-0.017278610159533525,0.9936405460723533,0.0,148,1,99,27,1.2121535676273403,91,4.428765904948831,16,40
D_310,V11,41129.33,2024-03-09 00:00:00,0,182570.8592121212,102941.535881061,-1.3739852821922092,0.22527748897059688,0.0,165,1,99,27,1.2121535676273403,91,4.428765904948831,4,40
C_322,V2,91145.87,2024-03-09 00:00:00,1,89201.08671052632,40922.37405936534,0.04752255487664545,1.0217907827176906,1.0,152,1,99,27,1.2121535676273403,91,4.428765904948831,20,40
A_490,V3,86155.63,2024-03-09 00:00:00,0,83925.30547297298,30830.50022220062,0.07233915025065998,1.0265628817384906,2.0,148,1,99,27,1.2121535676273403,91,4.428765904948831,16,40
C_1073,V11,241366.3,2024-03-09 00:00:00,1,182570.8592121212,102941.535881061,0.5711481680984678,1.3220345185813573,3.0,165,1,99,27,1.2121535676273403,91,4.428765904948831,4,40
D_224,V4,104417.26,2024-03-09 00:00:00,0,81228.63022988506,33321.06049362434,0.6958942342281539,1.2854577782084253,0.0,174,1,99,27,1.2121535676273403,91,4.428765904948831,16,40
C_1005,V4,103736.85,2024-03-09 00:00:00,1,81228.63022988506,33321.06049362434,0.6754750287552458,1.2770814012869203,1.0,174,1,99,27,1.2121535676273403,91,4.428765904948831,16,40
C_1084,V6,180278.35,2024-03-09 00:00:00,1,144506.03180487806,76560.92735485801,0.4672337731170259,1.2475403289953564,0.0,205,1,99,27,1.2121535676273403,91,4.428765904948831,9,40
A_787,V21,81026.77,2024-03-09 00:00:00,0,99317.54854545454,98935.44463436803,-0.18487402304631412,0.8158271660898966,6.0,110,1,99,27,1.2121535676273403,91,4.428765904948831,23,40
C_386,V6,158543.21,2024-03-09 00:00:00,1,144506.03180487806,76560.92735485801,0.18334410692224096,1.0971314545722204,0.0,205,1,99,27,1.2121535676273403,91,4.428765904948831,9,40
C_513,V6,208781.98,2024-03-09 00:00:00,1,144506.03180487806,76560.92735485801,0.8395288678824451,1.4447876853626735,0.0,205,1,99,27,1.2121535676273403,91,4.428765904948831,9,40
C_255,V6,185106.43,2024-03-09 00:00:00,1,144506.03180487806,76560.92735485801,0.530294881513922,1.28095102146961,1.0,205,1,99,27,1.2121535676273403,91,4.428765904948831,9,40
C_288,V4,89630.85,2024-03-09 00:00:00,1,81228.63022988506,33321.06049362434,0.25215186713086296,1.1034255572300273,0.0,174,1,99,27,1.2121535676273403,91,4.428765904948831,16,40
A_288,V37,18171.91,2024-03-09 00:00:00,0,72052.50544117647,51928.02541711314,-1.0375814875859426,0.2522002210542734,13.0,68,1,99,27,1.2121535676273403,91,4.428765904948831,25,40
C_498,V9,276152.72,2024-03-09 00:00:00,1,188269.0858278146,100038.44686257221,0.8784898050557426,1.4667902167557296,5.0,151,1,99,27,1.2121535676273403,91,4.428765904948831,4,40
C_546,V10,257739.75,2024-03-09 00:00:00,1,184110.51882978724,99924.56226640988,0.7368407992932889,1.3999110519439184,1.0,188,1,99,27,1.2121535676273403,91,4.428765904948831,4,40
D_122,V20,85853.43,2024-03-09 00:00:00,0,84574.58505376344,95035.94061676953,0.013456293289084452,1.0151089105138824,1.0,93,1,99,27,1.2121535676273403,91,4.428765904948831,26,40
C_328,V8,237183.05,2024-03-09 00:00:00,1,179937.1240782123,101867.69807590247,0.5619579616020388,1.318136727361376,0.0,179,1,99,27,1.2121535676273403,91,4.428765904948831,4,40
C_1,V8,272879.28,2024-03-09 00:00:00,1,179937.1240782123,101867.69807590247,0.9123720797190951,1.516517310591666,2.0,179,1,99,27,1.2121535676273403,91,4.428765904948831,4,40
A_210,V16,228347.15,2024-03-09 00:00:00,0,96281.34727272727,92447.62699932391,1.428531791264337,2.3716408715419957,1.0,121,1,99,27,1.2121535676273403,91,4.428765904948831,26,40
C_555,V9,247963.59,2024-03-09 00:00:00,1,188269.0858278146,100038.44686257221,0.5967096584829172,1.317063137830505,0.0,151,1,99,27,1.2121535676273403,91,4.428765904948831,4,40
D_629,V22,32722.01,2024-03-09 00:00:00,0,85951.16571428571,86159.38158415664,-0.6177915503112583,0.3807002386510131,11.0,91,1,99,27,1.2121535676273403,91,4.428765904948831,29,40
A_1018,V14,79685.4,2024-03-09 00:00:00,0,101404.49841584158,100941.99680096707,-0.21516201325651058,0.7858094604814007,3.0,101,1,99,27,1.2121535676273403,91,4.428765904948831,21,40
C_54,V4,87816.1,2024-03-10 00:00:00,1,81228.63022988506,33321.06049362434,0.19769094925493433,1.0810845716209074,1.0,174,1,94,27,1.1957901417337025,83,4.366705693633675,16,40
C_362,V9,243343.61,2024-03-10 00:00:00,1,188269.0858278146,100038.44686257221,0.5505280756684237,1.292524029667431,1.0,151,1,94,27,1.1957901417337025,83,4.366705693633675,4,40
C_1074,V9,243116.19,2024-03-10 00:00:00,1,188269.0858278146,100038.44686257221,0.5482547724152339,1.2913160841831548,0.0,151,1,94,27,1.1957901417337025,83,4.366705693633675,4,40
A_1400,V16,11350.69,2024-03-10 00:00:00,0,96281.34727272727,92447.62699932391,-0.9186794875098403,0.11788962693076316,1.0,121,1,94,27,1.1957901417337025,83,4.366705693633675,26,40
C_1080,V4,95152.65,2024-03-10 00:00:00,1,81228.63022988506,33321.06049362434,0.4178619078126659,1.1714032149440037,0.0,174,1,94,27,1.1957901417337025,83,4.366705693633675,16,40
C_401,V6,184850.55,2024-03-10 00:00:00,1,144506.03180487806,76560.92735485801,0.5269527503941812,1.2791803117899212,1.0,205,1,94,27,1.1957901417337025,83,4.366705693633675,9,40
A_1247,V26,46224.85,2024-03-10 00:00:00,0,82902.77408450704,83596.62150892465,-0.4387436319655506,0.5575723241849184,3.0,71,1,94,27,1.1957901417337025,83,4.366705693633675,30,40
C_875,V7,170296.65,2024-03-10 00:00:00,1,144842.31624309393,63932.34127505827,0.398138643300289,1.1757301228465877,3.0,181,1,94,27,1.1957901417337025,83,4.366705693633675,3,40
C_975,V8,250502.76,2024-03-10 00:00:00,1,179937.1240782123,101867.69807590247,0.6927116695769409,1.392160562322612,0.0,179,1,94,27,1.1957901417337025,83,4.366705693633675,4,40
C_482,V8,235311.14,2024-03-10 00:00:00,1,179937.1240782123,101867.69807590247,0.5435822482047279,1.3077336512506885,1.0,179,1,94,27,1.1957901417337025,83,4.366705693633675,4,40
D_108,V26,230946.09,2024-03-10 00:00:00,0,82902.77408450704,83596.62150892465,1.7709034448987073,2.7857126234637724,0.0,71,1,94,27,1.1957901417337025,83,4.366705693633675,30,40
A_1013,V13,111171.77,2024-03-10 00:00:00,0,91248.5117,99126.94924086498,0.20098527663060684,1.2183272866763188,3.0,100,1,94,27,1.1957901417337025,83,4.366705693633675,24,40
C_610,V6,148533.37,2024-03-10 00:00:00,1,144506.03180487806,76560.92735485801,0.05260236169938049,1.0278625762693578,0.0,205,1,94,27,1.1957901417337025,83,4.366705693633675,9,40
A_952,V29,93336.71,2024-03-10 00:00:00,0,74548.44014492753,60050.95281301047,0.312866925636462,1.2520108778623844,4.0,69,1,94,27,1.1957901417337025,83,4.366705693633675,30,40
C_1091,V11,273063.68,2024-03-10 00:00:00,1,182570.8592121212,102941.535881061,0.8790615076010317,1.4956504314432206,1.0,165,1,94,27,1.1957901417337025,83,4.366705693633675,4,40
C_927,V11,253700.09,2024-03-10 00:00:00,1,182570.8592121212,102941.535881061,0.6909605458919426,1.389590329500005,0.0,165,1,94,27,1.1957901417337025,83,4.366705693633675,4,40
C_597,V5,160599.44,2024-03-10 00:00:00,1,144407.3437244898,59983.82205994232,0.2699365559395939,1.1121202269752535,3.0,196,1,94,27,1.1957901417337025,83,4.366705693633675,3,40
B_114,V18,204579.94,2024-03-10 05:00:00,1,93668.06014705882,102265.70386062763,1.0845355884755559,2.1840716633519435,4.0,136,1,77,24,1.1822392522991951,68,4.158780787443841,23,40
B_112,V18,399261.17,2024-03-10 20:00:00,1,93668.06014705882,102265.70386062763,2.9881975102024736,4.262465849162646,0.0,136,1,76,24,1.171935533521539,67,4.143345485211632,23,40
C_144,V10,251755.93,2024-03-11 00:00:00,1,184110.51882978724,99924.56226640988,0.6769580239124845,1.36740998933777,2.0,188,1,98,27,1.1415526164542629,89,4.400711156290749,4,40
C_505,V11,264399.12,2024-03-11 00:00:00,1,182570.8592121212,102941.535881061,0.7948926076818481,1.4481920770320236,1.0,165,1,98,27,1.1415526164542629,89,4.400711156290749,4,40
C_917,V1,99164.02,2024-03-11 00:00:00,1,86403.7311111111,33948.99747755859,0.3758553707499868,1.1476688686465704,0.0,162,1,98,27,1.1415526164542629,89,4.400711156290749,18,40
D_856,V14,49428.45,2024-03-11 00:00:00,0,101404.49841584158,100941.99680096707,-0.5149049469803697,0.48743362807906954,2.0,101,1,98,27,1.1415526164542629,89,4.400711156290749,21,40
D_900,V27,36827.08,2024-03-11 00:00:00,0,83207.86098360656,89047.01535564796,-0.5208513721318417,0.4425860366873128,5.0,61,1,98,27,1.1415526164542629,89,4.400711156290749,28,40
C_392,V9,255239.74,2024-03-11 00:00:00,1,188269.0858278146,100038.44686257221,0.6694424676716316,1.355710541468779,0.0,151,1,98,27,1.1415526164542629,89,4.400711156290749,4,40
C_980,V9,287522.3,2024-03-11 00:00:00,1,188269.0858278146,100038.44686257221,0.9921407733144818,1.5271799486136002,1.0,151,1,98,27,1.1415526164542629,89,4.400711156290749,4,40
A_769,V33,78934.84,2024-03-11 00:00:00,0,88242.64793103449,64151.09930319075,-0.1450896857957,0.894510164195505,6.0,58,1,98,27,1.1415526164542629,89,4.400711156290749,32,40
C_560,V1,89280.35,2024-03-11 00:00:00,1,86403.7311111111,33948.99747755859,0.08473104867799726,1.0332808036308918,3.0,162,1,98,27,1.1415526164542629,89,4.400711156290749,18,40
C_848,V2,87678.35,2024-03-11 00:00:00,1,89201.08671052632,40922.37405936534,-0.03720946147591249,0.9829181494882395,2.0,152,1,98,27,1.1415526164542629,89,4.400711156290749,20,40
C_49,V4,93685.32,2024-03-11 00:00:00,1,81228.63022988506,33321.06049362434,0.37382711589814016,1.153339240063811,1.0,174,1,98,27,1.1415526164542629,89,4.400711156290749,16,40
C_466,V3,91115.73,2024-03-11 00:00:00,1,83925.30547297298,30830.50022220062,0.23321682289885656,1.0856635412045184,0.0,148,1,98,27,1.1415526164542629,89,4.400711156290749,16,40
C_911,V3,89797.47,2024-03-11 00:00:00,1,83925.30547297298,30830.50022220062,0.19045990252523282,1.0699561894681249,0.0,148,1,98,27,1.1415526164542629,89,4.400711156290749,16,40
C_457,V3,92275.21,2024-03-11 00:00:00,1,83925.30547297298,30830.50022220062,0.27082381547604917,1.0994789950537696,0.0,148,1,98,27,1.1415526164542629,89,4.400711156290749,16,40
C_9,V3,99758.23,2024-03-11 00:00:00,1,83925.30547297298,30830.50022220062,0.5135307854927642,1.1886407895332103,2.0,148,1,98,27,1.1415526164542629,89,4.400711156290749,16,40
B_113,V18,22587.11,2024-03-11 23:00:00,1,93668.06014705882,102265.70386062763,-0.6950546704226453,0.24113736130733698,1.0,136,1,90,28,1.1289059084980744,80,4.305441625477416,23,40
D_646,V29,48364.43,2024-03-12 00:00:00,0,74548.44014492753,60050.95281301047,-0.43602262571642253,0.6487564481500777,0.0,69,1,110,30,1.1395223864016928,100,4.517160045608307,30,40
C_660,V3,88331.98,2024-03-12 00:00:00,1,83925.30547297298,30830.50022220062,0.14292767122158836,1.0524945605814353,0.0,148,1,110,30,1.1395223864016928,100,4.517160045608307,16,40
C_715,V3,70617.78,2024-03-12 00:00:00,1,83925.30547297298,30830.50022220062,-0.4316210815907921,0.8414260535124025,0.0,148,1,110,30,1.1395223864016928,100,4.517160045608307,16,40
C_1193,V3,94491.41,2024-03-12 00:00:00,1,83925.30547297298,30830.50022220062,0.3427048457219985,1.125885495226873,1.0,148,1,110,30,1.1395223864016928,100,4.517160045608307,16,40
A_628,V22,43812.38,2024-03-12 00:00:00,0,85951.16571428571,86159.38158415664,-0.48907380561130537,0.5097297972181071,3.0,91,1,110,30,1.1395223864016928,100,4.517160045608307,29,40
D_791,V29,39154.68,2024-03-12 00:00:00,0,74548.44014492753,60050.95281301047,-0.5893856650280213,0.5252176263682398,2.0,69,1,110,30,1.1395223864016928,100,4.517160045608307,30,40
D_4,V33,323731.28,2024-03-12 00:00:00,0,88242.64793103449,64151.09930319075,3.670786063539669,3.6686071755896514,1.0,58,1,110,30,1.1395223864016928,100,4.517160045608307,32,40
A_542,V36,55939.74,2024-03-12 00:00:00,0,77526.48523809524,111324.58196102447,-0.1939064216673293,0.7215472013338631,11.0,63,1,110,30,1.1395223864016928,100,4.517160045608307,20,40
C_151,V1,96242.4,2024-03-12 00:00:00,1,86403.7311111111,33948.99747755859,0.2897988106005717,1.1138556739009842,1.0,162,1,110,30,1.1395223864016928,100,4.517160045608307,18,40
C_447,V2,87069.68,2024-03-12 00:00:00,1,89201.08671052632,40922.37405936534,-0.052082868519941844,0.9760946544059412,1.0,152,1,110,30,1.1395223864016928,100,4.517160045608307,20,40
C_764,V6,183973.76,2024-03-12 00:00:00,1,144506.03180487806,76560.92735485801,0.5155007137188748,1.2731128561855194,0.0,205,1,110,30,1.1395223864016928,100,4.517160045608307,9,40
C_744,V6,171473.64,2024-03-12 00:00:00,1,144506.03180487806,76560.92735485801,0.35223261909446696,1.1866110448627432,2.0,205,1,110,30,1.1395223864016928,100,4.517160045608307,9,40
A_1,V18,54350.82,2024-03-12 00:00:00,0,93668.06014705882,102265.70386062763,-0.3844578798651966,0.5802430377188599,0.0,136,1,110,30,1.1395223864016928,100,4.517160045608307,23,40
A_627,V4,88902.07,2024-03-12 00:00:00,0,81228.63022988506,33321.06049362434,0.23028107075140616,1.0944537079437817,0.0,174,1,110,30,1.1395223864016928,100,4.517160045608307,16,40
C_765,V4,92607.96,2024-03-12 00:00:00,1,81228.63022988506,33321.06049362434,0.3414953817844548,1.1400760995453696,1.0,174,1,110,30,1.1395223864016928,100,4.517160045608307,16,40
C_347,V7,191971.58,2024-03-12 00:00:00,1,144842.31624309393,63932.34127505827,0.737162532365443,1.3253741006441029,2.0,181,1,110,30,1.1395223864016928,100,4.517160045608307,3,40
C_581,V6,166138.93,2024-03-12 00:00:00,1,144506.03180487806,76560.92735485801,0.28255425304087883,1.1496944330316783,0.0,205,1,110,30,1.1395223864016928,100,4.517160045608307,9,40
C_1118,V10,253676.09,2024-03-12 00:00:00,1,184110.51882978724,99924.56226640988,0.6961739277958241,1.3778393204964314,1.0,188,1,110,30,1.1395223864016928,100,4.517160045608307,4,40
C_1082,V8,260749.79,2024-03-12 00:00:00,1,179937.1240782123,101867.69807590247,0.7933022356050344,1.4491080827688407,2.0,179,1,110,30,1.1395223864016928,100,4.517160045608307,4,40
C_1033,V6,196796.35,2024-03-12 00:00:00,1,144506.03180487806,76560.92735485801,0.6829806929070734,1.3618461852135062,0.0,205,1,110,30,1.1395223864016928,100,4.517160045608307,9,40
C_121,V5,178095.1,2024-03-12 00:00:00,1,144407.3437244898,59983.82205994232,0.5616046712924534,1.2332743067795284,2.0,196,1,110,30,1.1395223864016928,100,4.517160045608307,3,40
A_1142,V5,76668.42,2024-03-12 00:00:00,0,144407.3437244898,59983.82205994232,-1.1292677280395842,0.5309140595523499,0.0,196,1,110,30,1.1395223864016928,100,4.517160045608307,3,40
A_494,V35,77824.34,2024-03-13 00:00:00,0,75008.17954545454,56348.584614378604,0.04997659652360361,1.0375308791751217,12.0,66,1,115,29,1.1534135284682785,108,4.562954169527929,29,40
A_732,V28,121006.53,2024-03-13 00:00:00,0,87976.94703125,91319.31227399668,0.36168933445659185,1.3754188871560977,14.0,64,1,115,29,1.1534135284682785,108,4.562954169527929,26,40
C_1027,V6,183408.68,2024-03-13 00:00:00,1,144506.03180487806,76560.92735485801,0.5081200217806884,1.2692024582419577,1.0,205,1,115,29,1.1534135284682785,108,4.562954169527929,9,40
C_843,V6,185892.79,2024-03-13 00:00:00,1,144506.03180487806,76560.92735485801,0.5405657828243776,1.2863926943776927,0.0,205,1,115,29,1.1534135284682785,108,4.562954169527929,9,40
C_318,V6,157687.96,2024-03-13 00:00:00,1,144506.03180487806,76560.92735485801,0.1721734111267186,1.0912130574581285,0.0,205,1,115,29,1.1534135284682785,108,4.562954169527929,9,40
A_305,V36,12113.05,2024-03-13 00:00:00,0,77526.48523809524,111324.58196102447,-0.5875867351045759,0.15624200840256228,1.0,63,1,115,29,1.1534135284682785,108,4.562954169527929,20,40
D_49,V11,137587.32,2024-03-13 00:00:00,0,182570.8592121212,102941.535881061,-0.43697718175599265,0.753606391443624,2.0,165,1,115,29,1.1534135284682785,108,4.562954169527929,4,40
C_1129,V11,262028.11,2024-03-13 00:00:00,1,182570.8592121212,102941.535881061,0.7718602432689541,1.4352053549258241,0.0,165,1,115,29,1.1534135284682785,108,4.562954169527929,4,40
A_1191,V40,47345.31,2024-03-13 00:00:00,0,57973.75227272727,46945.974214180664,-0.22639248749532573,0.8166539423450435,19.0,66,1,115,29,1.1534135284682785,108,4.562954169527929,19,40
A_841,V7,91100.25,2024-03-13 00:00:00,0,144842.31624309393,63932.34127505827,-0.8405953008443785,0.6289572233150498,1.0,181,1,115,29,1.1534135284682785,108,4.562954169527929,3,40
A_535,V7,185308.79,2024-03-13 00:00:00,0,144842.31624309393,63932.34127505827,0.6329478946330761,1.2793741182298803,0.0,181,1,115,29,1.1534135284682785,108,4.562954169527929,3,40
C_684,V7,183498.76,2024-03-13 00:00:00,1,144842.31624309393,63932.34127505827,0.6046366885565352,1.26687764930782,0.0,181,1,115,29,1.1534135284682785,108,4.562954169527929,3,40
C_1161,V5,169419.73,2024-03-13 00:00:00,1,144407.3437244898,59983.82205994232,0.41697858585819514,1.1731990384380304,1.0,196,1,115,29,1.1534135284682785,108,4.562954169527929,3,40
C_1138,V10,259681.33,2024-03-13 00:00:00,1,184110.51882978724,99924.56226640988,0.7562710627410298,1.4104567256331078,0.0,188,1,115,29,1.1534135284682785,108,4.562954169527929,4,40
C_167,V7,196350.75,2024-03-13 00:00:00,1,144842.31624309393,63932.34127505827,0.805658404983138,1.3556079430718082,0.0,181,1,115,29,1.1534135284682785,108,4.562954169527929,3,40
C_933,V8,263650.91,2024-03-13 00:00:00,1,179937.1240782123,101867.69807590247,0.8217812488328107,1.465230958423246,1.0,179,1,115,29,1.1534135284682785,108,4.562954169527929,4,40
C_792,V10,255690.91,2024-03-13 00:00:00,1,184110.51882978724,99924.56226640988,0.7163371368316496,1.3887827965635793,0.0,188,1,115,29,1.1534135284682785,108,4.562954169527929,4,40
C_984,V5,184699.68,2024-03-13 00:00:00,1,144407.3437244898,59983.82205994232,0.6717088572046844,1.2790097527354807,0.0,196,1,115,29,1.1534135284682785,108,4.562954169527929,3,40
C_469,V10,257511.75,2024-03-13 00:00:00,1,184110.51882978724,99924.56226640988,0.7345591008486794,1.3986726720671505,1.0,188,1,115,29,1.1534135284682785,108,4.562954169527929,4,40
C_956,V10,263805.94,2024-03-14 00:00:00,1,184110.51882978724,99924.56226640988,0.797547888274455,1.4328595064380028,1.0,188,1,113,26,1.1724365791635287,110,4.538302575666864,4,40
C_164,V8,262873.66,2024-03-14 00:00:00,1,179937.1240782123,101867.69807590247,0.8141513289979574,1.4609114180035505,1.0,179,1,113,26,1.1724365791635287,110,4.538302575666864,4,40
C_793,V1,90423.98,2024-03-14 00:00:00,1,86403.7311111111,33948.99747755859,0.11841676546651676,1.046516537198876,2.0,162,1,113,26,1.1724365791635287,110,4.538302575666864,18,40
A_1297,V20,33038.51,2024-03-14 00:00:00,0,84574.58505376344,95035.94061676953,-0.5422741380278582,0.39063885847195634,5.0,93,1,113,26,1.1724365791635287,110,4.538302575666864,26,40
A_992,V21,85778.19,2024-03-14 00:00:00,0,99317.54854545454,98935.44463436803,-0.1368490508779745,0.8636673738817517,5.0,110,1,113,26,1.1724365791635287,110,4.538302575666864,23,40
A_1347,V36,65076.12,2024-03-14 00:00:00,0,77526.48523809524,111324.58196102447,-0.11183741435507749,0.8393941813041432,1.0,63,1,113,26,1.1724365791635287,110,4.538302575666864,20,40
A_588,V3,51285.42,2024-03-14 00:00:00,0,83925.30547297298,30830.50022220062,-1.058653819559199,0.6110768216350901,0.0,148,1,113,26,1.1724365791635287,110,4.538302575666864,16,40
D_103,V29,73529.81,2024-03-14 00:00:00,0,74548.44014492753,60050.95281301047,-0.016962481604875377,0.9863227658994443,2.0,69,1,113,26,1.1724365791635287,110,4.538302575666864,30,40
C_47,V9,255169.8,2024-03-14 00:00:00,1,188269.0858278146,100038.44686257221,0.6687433434542008,1.3553390538811865,3.0,151,1,113,26,1.1724365791635287,110,4.538302575666864,4,40
C_784,V3,99756.0,2024-03-14 00:00:00,1,83925.30547297298,30830.50022220062,0.5134584568683404,1.188614218603066,2.0,148,1,113,26,1.1724365791635287,110,4.538302575666864,16,40
C_967,V5,181242.72,2024-03-14 00:00:00,1,144407.3437244898,59983.82205994232,0.6140782786469039,1.255070969761864,0.0,196,1,113,26,1.1724365791635287,110,4.538302575666864,3,40
C_534,V1,88812.5,2024-03-14 00:00:00,1,86403.7311111111,33948.99747755859,0.0709504880075801,1.027866169571116,0.0,162,1,113,26,1.1724365791635287,110,4.538302575666864,18,40
C_968,V5,162241.82,2024-03-14 00:00:00,1,144407.3437244898,59983.82205994232,0.29731648212090006,1.1234933925253925,0.0,196,1,113,26,1.1724365791635287,110,4.538302575666864,3,40
C_444,V1,92999.53,2024-03-14 00:00:00,1,86403.7311111111,33948.99747755859,0.19427980497638644,1.0763245114484343,0.0,162,1,113,26,1.1724365791635287,110,4.538302575666864,18,40
C_595,V7,177197.85,2024-03-14 00:00:00,1,144842.31624309393,63932.34127505827,0.5060823212368012,1.2233760907724918,1.0,181,1,113,26,1.1724365791635287,110,4.538302575666864,3,40
C_244,V5,164959.31,2024-03-14 00:00:00,1,144407.3437244898,59983.82205994232,0.3426194422144455,1.1423114880032035,1.0,196,1,113,26,1.1724365791635287,110,4.538302575666864,3,40
D_853,V2,17519.3,2024-03-14 00:00:00,0,89201.08671052632,40922.37405936534,-1.7516098894128669,0.1964001140113758,2.0,152,1,113,26,1.1724365791635287,110,4.538302575666864,20,40
D_193,V25,24101.65,2024-03-14 00:00:00,0,84963.20919354838,94781.91364408535,-0.6421153017313502,0.2836682672476415,13.0,62,1,113,26,1.1724365791635287,110,4.538302575666864,26,40
B_126,V16,18238.64,2024-03-14 22:00:00,1,96281.34727272727,92447.62699932391,-0.8441737839254012,0.18942870127934902,4.0,121,1,97,26,1.192308794759614,92,4.392048014043067,26,40
B_127,V16,262220.21,2024-03-14 23:00:00,1,96281.34727272727,92447.62699932391,1.794930526426166,2.723450533016616,0.0,121,1,96,26,1.2004599233653617,91,4.387857299644026,26,40
A_1197,V16,105616.07,2024-03-15 00:00:00,0,96281.34727272727,92447.62699932391,0.10097199958784675,1.0969411630652735,0.0,121,1,114,29,1.1939396568842735,107,4.562296046260601,26,40
A_951,V21,94258.5,2024-03-15 00:00:00,0,99317.54854545454,98935.44463436803,-0.051134327336613786,0.949052330913407,1.0,110,1,114,29,1.1939396568842735,107,4.562296046260601,23,40
A_1306,V27,75710.12,2024-03-15 00:00:00,0,83207.86098360656,89047.01535564796,-0.08419885556866609,0.909880499565017,0.0,61,1,114,29,1.1939396568842735,107,4.562296046260601,28,40
C_989,V6,173331.64,2024-03-15 00:00:00,1,144506.03180487806,76560.92735485801,0.3765005557072475,1.199468550665705,2.0,205,1,114,29,1.1939396568842735,107,4.562296046260601,9,40
D_518,V27,12204.47,2024-03-15 00:00:00,0,83207.86098360656,89047.01535564796,-0.7973607351048402,0.14667272037775483,4.0,61,1,114,29,1.1939396568842735,107,4.562296046260601,28,40
C_1006,V11,251781.42,2024-03-15 00:00:00,1,182570.8592121212,102941.535881061,0.6723222834518489,1.3790812071835652,2.0,165,1,114,29,1.1939396568842735,107,4.562296046260601,4,40
C_729,V10,277495.56,2024-03-15 00:00:00,1,184110.51882978724,99924.56226640988,0.9345460666134703,1.5072145499844969,0.0,188,1,114,29,1.1939396568842735,107,4.562296046260601,4,40
C_1156,V10,250224.87,2024-03-15 00:00:00,1,184110.51882978724,99924.56226640988,0.6616360185589588,1.3590940512056453,0.0,188,1,114,29,1.1939396568842735,107,4.562296046260601,4,40
A_342,V31,67627.94,2024-03-15 00:00:00,0,67268.36175438597,41034.01405489689,0.008762717739854643,1.005330483837847,7.0,57,1,114,29,1.1939396568842735,107,4.562296046260601,18,40
C_33,V7,169214.79,2024-03-15 00:00:00,1,144842.31624309393,63932.34127505827,0.3812169561426362,1.1682609483754354,1.0,181,1,114,29,1.1939396568842735,107,4.562296046260601,3,40
C_1010,V2,115703.27,2024-03-15 00:00:00,1,89201.08671052632,40922.37405936534,0.6476050398735058,1.2970915173259776,1.0,152,1,114,29,1.1939396568842735,107,4.562296046260601,20,40
C_189,V10,261773.18,2024-03-15 00:00:00,1,184110.51882978724,99924.56226640988,0.7772051455978564,1.4218185894279198,1.0,188,1,114,29,1.1939396568842735,107,4.562296046260601,4,40
A_1086,V9,34584.98,2024-03-15 00:00:00,0,188269.0858278146,100038.44686257221,-1.5362350617445533,0.18369875303307742,1.0,151,1,114,29,1.1939396568842735,107,4.562296046260601,4,40
C_921,V9,253329.96,2024-03-15 00:00:00,1,188269.0858278146,100038.44686257221,0.650352198184001,1.3455667101128692,0.0,151,1,114,29,1.1939396568842735,107,4.562296046260601,4,40
C_1187,V4,101065.43,2024-03-15 00:00:00,1,81228.63022988506,33321.06049362434,0.5953053165457879,1.2441941409061983,0.0,174,1,114,29,1.1939396568842735,107,4.562296046260601,16,40
C_829,V3,96590.19,2024-03-15 00:00:00,1,83925.30547297298,30830.50022220062,0.41077743333123673,1.150892910818113,1.0,148,1,114,29,1.1939396568842735,107,4.562296046260601,16,40
C_430,V3,103844.9,2024-03-15 00:00:00,1,83925.30547297298,30830.50022220062,0.6460793144500849,1.2373343424898104,0.0,148,1,114,29,1.1939396568842735,107,4.562296046260601,16,40
A_474,V24,41034.49,2024-03-15 00:00:00,0,69961.0374137931,66357.40093125252,-0.435913870856549,0.5865250858447698,9.0,58,1,114,29,1.1939396568842735,107,4.562296046260601,31,40
C_918,V6,185113.24,2024-03-15 00:00:00,1,144506.03180487806,76560.92735485801,0.5303838291179763,1.2809981472040117,0.0,205,1,114,29,1.1939396568842735,107,4.562296046260601,9,40
C_1109,V1,100469.68,2024-03-15 00:00:00,1,86403.7311111111,33948.99747755859,0.41431369466777346,1.1627798467517043,1.0,162,1,114,29,1.1939396568842735,107,4.562296046260601,18,40
C_1094,V4,95481.16,2024-03-15 00:00:00,1,81228.63022988506,33321.06049362434,0.427720541856706,1.1754474288480965,3.0,174,1,114,29,1.1939396568842735,107,4.562296046260601,16,40
B_128,V17,260869.06,2024-03-15 03:00:00,1,105661.17514285714,95526.67662806554,1.6247425912119753,2.4688973101992304,7.0,105,1,93,27,1.2094548274094354,86,4.360081233097463,24,40
B_424,V17,878.58,2024-03-15 13:00:00,1,105661.17514285714,95526.67662806554,-1.0968820643552901,0.008314990665412142,0.0,105,1,92,27,1.1977891704017913,85,4.3484753596775665,24,40
B_426,V17,43979.7,2024-03-15 17:00:00,1,105661.17514285714,95526.67662806554,-0.6456921943471139,0.4162293643921172,0.0,105,1,91,27,1.2089095380469372,84,4.348070025306588,24,40
B_425,V17,84077.2,2024-03-15 18:00:00,1,105661.17514285714,95526.67662806554,-0.22594473041455596,0.7957171039336084,0.0,105,1,90,27,1.216390187447833,83,4.340355133523458,24,40
B_125,V17,113987.54,2024-03-15 18:00:00,1,105661.17514285714,95526.67662806554,0.08716180641094548,1.0787922910529413,0.0,105,1,90,27,1.216390187447833,83,4.340355133523458,24,40
B_134,V15,71379.56,2024-03-15 18:00:00,1,101414.6991919192,81219.53730128995,-0.36979734670435593,0.7038314636565413,9.0,99,1,90,27,1.216390187447833,83,4.340355133523458,31,40
B_427,V17,159670.82,2024-03-15 23:00:00,1,105661.17514285714,95526.67662806554,0.5653821673840972,1.511144548975281,0.0,105,1,87,27,1.2265859891293605,79,4.307015798622781,24,40
A_726,V22,68924.66,2024-03-16 00:00:00,0,85951.16571428571,86159.38158415664,-0.19761409363832927,0.8018955593174117,4.0,91,1,108,28,1.2141457639860822,98,4.509540761974181,29,40
C_662,V7,183047.62,2024-03-16 00:00:00,1,144842.31624309393,63932.34127505827,0.5975802765029388,1.2637629733137765,0.0,181,1,108,28,1.2141457639860822,98,4.509540761974181,3,40
C_274,V2,103637.45,2024-03-16 00:00:00,1,89201.08671052632,40922.37405936534,0.35276571449195815,1.1618276412783763,0.0,152,1,108,28,1.2141457639860822,98,4.509540761974181,20,40
D_57,V29,44539.15,2024-03-16 00:00:00,0,74548.44014492753,60050.95281301047,-0.4997221362371068,0.5974444598566246,2.0,69,1,108,28,1.2141457639860822,98,4.509540761974181,30,40
A_217,V21,79475.81,2024-03-16 00:00:00,0,99317.54854545454,98935.44463436803,-0.2005503494569889,0.8002111505246854,1.0,110,1,108,28,1.2141457639860822,98,4.509540761974181,23,40
C_186,V2,93957.55,2024-03-16 00:00:00,1,89201.08671052632,40922.37405936534,0.11622852217839467,1.0533111215761786,1.0,152,1,108,28,1.2141457639860822,98,4.509540761974181,20,40
B_133,V13,173522.79,2024-03-16 00:00:00,1,91248.5117,99126.94924086498,0.8299806354319581,1.9016297925022212,6.0,100,1,108,28,1.2141457639860822,98,4.509540761974181,24,40
C_1173,V9,236253.13,2024-03-16 00:00:00,1,188269.0858278146,100038.44686257221,0.4796512343586108,1.254862815625787,1.0,151,1,108,28,1.2141457639860822,98,4.509540761974181,4,40
A_167,V31,123343.16,2024-03-16 00:00:00,0,67268.36175438597,41034.01405489689,1.366511003763684,1.8335711352569508,1.0,57,1,108,28,1.2141457639860822,98,4.509540761974181,18,40
C_172,V5,189159.13,2024-03-16 00:00:00,1,144407.3437244898,59983.82205994232,0.7460518300911209,1.3098905861069097,2.0,196,1,108,28,1.2141457639860822,98,4.509540761974181,3,40
C_613,V7,158745.63,2024-03-16 00:00:00,1,144842.31624309393,63932.34127505827,0.21746577731782102,1.0959817416329622,1.0,181,1,108,28,1.2141457639860822,98,4.509540761974181,3,40
A_1139,V36,78598.2,2024-03-16 00:00:00,0,77526.48523809524,111324.58196102447,0.009626850747386818,1.013810776379712,2.0,63,1,108,28,1.2141457639860822,98,4.509540761974181,20,40
C_970,V10,243822.31,2024-03-16 00:00:00,1,184110.51882978724,99924.56226640988,0.5975627238505413,1.32431860618898,1.0,188,1,108,28,1.2141457639860822,98,4.509540761974181,4,40
C_548,V11,247260.06,2024-03-16 00:00:00,1,182570.8592121212,102941.535881061,0.6284010806050104,1.3543163829685319,1.0,165,1,108,28,1.2141457639860822,98,4.509540761974181,4,40
C_977,V4,91569.22,2024-03-16 00:00:00,1,81228.63022988506,33321.06049362434,0.3103226396246849,1.127288401299541,1.0,174,1,108,28,1.2141457639860822,98,4.509540761974181,16,40
A_363,V12,171702.32,2024-03-16 00:00:00,0,101944.13491379311,108863.03469822774,0.6407826540654802,1.6842620311915326,9.0,116,1,108,28,1.2141457639860822,98,4.509540761974181,18,40
D_725,V13,11893.33,2024-03-16 00:00:00,0,91248.5117,99126.94924086498,-0.8005328699696961,0.1303385604856886,0.0,100,1,108,28,1.2141457639860822,98,4.509540761974181,24,40
C_212,V3,89444.14,2024-03-16 00:00:00,1,83925.30547297298,30830.50022220062,0.1789998698491199,1.0657461864421514,1.0,148,1,108,28,1.2141457639860822,98,4.509540761974181,16,40
C_1078,V3,100917.4,2024-03-16 00:00:00,1,83925.30547297298,30830.50022220062,0.5511277234181307,1.2024525496657148,0.0,148,1,108,28,1.2141457639860822,98,4.509540761974181,16,40
C_900,V3,101444.75,2024-03-16 00:00:00,1,83925.30547297298,30830.50022220062,0.568231983548174,1.2087360384601766,0.0,148,1,108,28,1.2141457639860822,98,4.509540761974181,16,40
A_1035,V27,29025.76,2024-03-16 00:00:00,0,83207.86098360656,89047.01535564796,-0.6084593886479022,0.34883015651083754,1.0,61,1,108,28,1.2141457639860822,98,4.509540761974181,28,40
B_132,V13,191836.57,2024-03-16 16:00:00,1,91248.5117,99126.94924086498,1.0147295396537175,2.1023298253989453,0.0,100,1,91,26,1.209102943713167,82,4.32667105798119,24,40
C_221,V2,100999.2,2024-03-17 00:00:00,1,89201.08671052632,40922.37405936534,0.2882976675471282,1.1322515394483654,0.0,152,1,107,27,1.1952032648016022,96,4.492633163973757,20,40
C_835,V4,78162.0,2024-03-17 00:00:00,1,81228.63022988506,33321.06049362434,-0.09203003008988044,0.9622350831685005,0.0,174,1,107,27,1.1952032648016022,96,4.492633163973757,16,40
C_1132,V7,192090.97,2024-03-17 00:00:00,1,144842.31624309393,63932.34127505827,0.7390299461063637,1.3261983706421718,1.0,181,1,107,27,1.1952032648016022,96,4.492633163973757,3,40
A_640,V22,32421.5,2024-03-17 00:00:00,0,85951.16571428571,86159.38158415664,-0.621279348235023,0.37720399166872154,1.0,91,1,107,27,1.1952032648016022,96,4.492633163973757,29,40
D_984,V39,22081.32,2024-03-17 00:00:00,0,59686.60327868852,62062.45272865382,-0.6059167130630276,0.3699481766238743,18.0,61,1,107,27,1.1952032648016022,96,4.492633163973757,26,40
D_332,V36,158277.75,2024-03-17 00:00:00,0,77526.48523809524,111324.58196102447,0.7253612632375558,2.041569509367059,1.0,63,1,107,27,1.1952032648016022,96,4.492633163973757,20,40
A_1219,V36,77555.53,2024-03-17 00:00:00,0,77526.48523809524,111324.58196102447,0.0002608992595693899,1.0003617396052333,0.0,63,1,107,27,1.1952032648016022,96,4.492633163973757,20,40
C_135,V9,259543.4,2024-03-17 00:00:00,1,188269.0858278146,100038.44686257221,0.7124620977772648,1.3785695101736426,1.0,151,1,107,27,1.1952032648016022,96,4.492633163973757,4,40
C_925,V9,253626.51,2024-03-17 00:00:00,1,188269.0858278146,100038.44686257221,0.6533165288485578,1.3471418408549416,0.0,151,1,107,27,1.1952032648016022,96,4.492633163973757,4,40
D_873,V20,82035.97,2024-03-17 00:00:00,0,84574.58505376344,95035.94061676953,-0.026711876847974766,0.9699722437373736,3.0,93,1,107,27,1.1952032648016022,96,4.492633163973757,26,40
C_214,V4,98197.19,2024-03-17 00:00:00,1,81228.63022988506,33321.06049362434,0.5092290068125171,1.2088838730657232,0.0,174,1,107,27,1.1952032648016022,96,4.492633163973757,16,40
C_1100,V6,164954.34,2024-03-17 00:00:00,1,144506.03180487806,76560.92735485801,0.2670819413981804,1.141496977273266,2.0,205,1,107,27,1.1952032648016022,96,4.492633163973757,9,40
C_813,V9,243692.85,2024-03-17 00:00:00,1,188269.0858278146,100038.44686257221,0.5540190985694177,1.2943790243069906,0.0,151,1,107,27,1.1952032648016022,96,4.492633163973757,4,40
C_938,V4,101684.86,2024-03-17 00:00:00,1,81228.63022988506,33321.06049362434,0.6138945031334098,1.2518198065438106,1.0,174,1,107,27,1.1952032648016022,96,4.492633163973757,16,40
C_923,V4,90407.19,2024-03-17 00:00:00,1,81228.63022988506,33321.06049362434,0.27544994619618773,1.1129829071502833,0.0,174,1,107,27,1.1952032648016022,96,4.492633163973757,16,40
C_290,V2,93363.03,2024-03-17 00:00:00,1,89201.08671052632,40922.37405936534,0.10170088330048677,1.04664625506998,1.0,152,1,107,27,1.1952032648016022,96,4.492633163973757,20,40
D_314,V12,141141.93,2024-03-17 00:00:00,0,101944.13491379311,108863.03469822774,0.36006193592643876,1.3844891187730781,1.0,116,1,107,27,1.1952032648016022,96,4.492633163973757,18,40
C_142,V9,257367.24,2024-03-17 00:00:00,1,188269.0858278146,100038.44686257221,0.6907090786608209,1.367010796581775,0.0,151,1,107,27,1.1952032648016022,96,4.492633163973757,4,40
C_826,V11,270529.36,2024-03-17 00:00:00,1,182570.8592121212,102941.535881061,0.8544427241379147,1.4817692122293904,0.0,165,1,107,27,1.1952032648016022,96,4.492633163973757,4,40
C_230,V11,256311.82,2024-03-17 00:00:00,1,182570.8592121212,102941.535881061,0.7163313022818724,1.4038955461487852,1.0,165,1,107,27,1.1952032648016022,96,4.492633163973757,4,40
C_946,V10,252837.14,2024-03-17 00:00:00,1,184110.51882978724,99924.56226640988,0.6877781781900999,1.3732825713840873,0.0,188,1,107,27,1.1952032648016022,96,4.492633163973757,4,40
D_673,V5,32520.5,2024-03-17 00:00:00,0,144407.3437244898,59983.82205994232,-1.865252573604073,0.2251982064280469,0.0,196,1,107,27,1.1952032648016022,96,4.492633163973757,3,40
C_372,V8,274035.12,2024-03-17 00:00:00,1,179937.1240782123,101867.69807590247,0.9237184503101745,1.5229408520502707,3.0,179,1,107,27,1.1952032648016022,96,4.492633163973757,4,40
C_1038,V10,253230.94,2024-03-17 00:00:00,1,184110.51882978724,99924.56226640988,0.6917191117317104,1.3754214924168557,1.0,188,1,107,27,1.1952032648016022,96,4.492633163973757,4,40
A_765,V5,42805.06,2024-03-17 00:00:00,0,144407.3437244898,59983.82205994232,-1.6937998686227576,0.29641680595454967,0.0,196,1,107,27,1.1952032648016022,96,4.492633163973757,3,40
C_269,V5,187426.64,2024-03-17 00:00:00,1,144407.3437244898,59983.82205994232,0.7171696905680808,1.2978934261415178,1.0,196,1,107,27,1.1952032648016022,96,4.492633163973757,3,40
B_169,V15,177428.17,2024-03-17 03:00:00,1,101414.6991919192,81219.53730128995,0.9358897802671095,1.7495138466110136,1.0,99,1,81,24,1.1972162151015489,71,4.211589704122986,31,40
C_959,V7,168158.94,2024-03-18 00:00:00,1,144842.31624309393,63932.34127505827,0.36470209896572975,1.1609713472575767,1.0,181,1,101,29,1.1731330469968,87,4.420970204986114,3,40
C_240,V11,240107.03,2024-03-18 00:00:00,1,182570.8592121212,102941.535881061,0.558915421069048,1.3151371248349482,1.0,165,1,101,29,1.1731330469968,87,4.420970204986114,4,40
C_769,V4,91027.75,2024-03-18 00:00:00,1,81228.63022988506,33321.06049362434,0.2940730442521658,1.1206224839678036,1.0,174,1,101,29,1.1731330469968,87,4.420970204986114,16,40
C_738,V6,186170.34,2024-03-18 00:00:00,1,144506.03180487806,76560.92735485801,0.544190952795786,1.2883133621578928,1.0,205,1,101,29,1.1731330469968,87,4.420970204986114,9,40
A_434,V6,36352.13,2024-03-18 00:00:00,0,144506.03180487806,76560.92735485801,-1.4126329566338363,0.25155959226319724,0.0,205,1,101,29,1.1731330469968,87,4.420970204986114,9,40
C_598,V8,256559.27,2024-03-18 00:00:00,1,179937.1240782123,101867.69807590247,0.7521657522774704,1.4258194105018198,0.0,179,1,101,29,1.1731330469968,87,4.420970204986114,4,40
C_822,V8,306693.65,2024-03-18 00:00:00,1,179937.1240782123,101867.69807590247,1.244312809685084,1.7044395209249368,0.0,179,1,101,29,1.1731330469968,87,4.420970204986114,4,40
C_351,V11,231687.02,2024-03-18 00:00:00,1,182570.8592121212,102941.535881061,0.4771221183498648,1.2690182430076167,0.0,165,1,101,29,1.1731330469968,87,4.420970204986114,4,40
C_294,V7,202431.23,2024-03-18 00:00:00,1,144842.31624309393,63932.34127505827,0.900764962512177,1.3975876502320268,0.0,181,1,101,29,1.1731330469968,87,4.420970204986114,3,40
C_1152,V8,275464.35,2024-03-18 00:00:00,1,179937.1240782123,101867.69807590247,0.9377485697383727,1.530883749128484,1.0,179,1,101,29,1.1731330469968,87,4.420970204986114,4,40
C_27,V9,264326.17,2024-03-18 00:00:00,1,188269.0858278146,100038.44686257221,0.7602709386894927,1.403973280395398,1.0,151,1,101,29,1.1731330469968,87,4.420970204986114,4,40
D_946,V27,98640.63,2024-03-18 00:00:00,0,83207.86098360656,89047.01535564796,0.17330839946018636,1.1854582412735315,2.0,61,1,101,29,1.1731330469968,87,4.420970204986114,28,40
C_743,V10,239522.89,2024-03-18 00:00:00,1,184110.51882978724,99924.56226640988,0.554536496101756,1.3009663464969896,1.0,188,1,101,29,1.1731330469968,87,4.420970204986114,4,40
C_251,V10,290912.34,2024-03-18 00:00:00,1,184110.51882978724,99924.56226640988,1.0688138124804365,1.5800876656117921,0.0,188,1,101,29,1.1731330469968,87,4.420970204986114,4,40
D_490,V31,18549.06,2024-03-18 00:00:00,0,67268.36175438597,41034.01405489689,-1.1872617294393757,0.27574306513753416,2.0,57,1,101,29,1.1731330469968,87,4.420970204986114,18,40
C_139,V5,202893.71,2024-03-18 00:00:00,1,144407.3437244898,59983.82205994232,0.9750194176964511,1.404999910442099,1.0,196,1,101,29,1.1731330469968,87,4.420970204986114,3,40
B_168,V14,183905.55,2024-03-18 06:00:00,1,101404.49841584158,100941.99680096707,0.8173033711970004,1.8135658605595912,7.0,101,1,85,27,1.1477583631912869,73,4.239063295817031,21,40
B_170,V14,56907.63,2024-03-18 13:00:00,1,101404.49841584158,100941.99680096707,-0.4408118425845594,0.5611888003018768,0.0,101,1,84,27,1.1414675087818644,72,4.224542014776036,21,40
C_864,V4,91883.66,2024-03-19 00:00:00,1,81228.63022988506,33321.06049362434,0.31975903087246405,1.1311594025476093,1.0,174,1,95,29,1.1602584130772677,81,4.366380459698169,16,40
A_894,V40,72662.49,2024-03-19 00:00:00,0,57973.75227272727,46945.974214180664,0.3128793276486793,1.2533471408067094,6.0,66,1,95,29,1.1602584130772677,81,4.366380459698169,19,40
A_851,V40,52528.97,2024-03-19 00:00:00,0,57973.75227272727,46945.974214180664,-0.11597727785154337,0.9060663123300813,0.0,66,1,95,29,1.1602584130772677,81,4.366380459698169,19,40
A_616,V38,76107.93,2024-03-19 00:00:00,0,71190.65382978723,52355.46745943829,0.09391917386371193,1.0690569175702411,17.0,47,1,95,29,1.1602584130772677,81,4.366380459698169,25,40
C_69,V6,171958.62,2024-03-19 00:00:00,1,144506.03180487806,76560.92735485801,0.35856709912593404,1.189967144520612,1.0,205,1,95,29,1.1602584130772677,81,4.366380459698169,9,40
A_877,V17,28780.85,2024-03-19 00:00:00,0,105661.17514285714,95526.67662806554,-0.8047963465309498,0.272385552929303,3.0,105,1,95,29,1.1602584130772677,81,4.366380459698169,24,40
C_606,V5,176601.38,2024-03-19 00:00:00,1,144407.3437244898,59983.82205994232,0.5367030387010064,1.2229305831311925,0.0,196,1,95,29,1.1602584130772677,81,4.366380459698169,3,40
D_449,V24,77241.33,2024-03-19 00:00:00,0,69961.0374137931,66357.40093125252,0.10971169413424078,1.1040463207661213,4.0,58,1,95,29,1.1602584130772677,81,4.366380459698169,31,40
C_404,V5,188162.64,2024-03-19 00:00:00,1,144407.3437244898,59983.82205994232,0.7294394610654329,1.3029900845548583,1.0,196,1,95,29,1.1602584130772677,81,4.366380459698169,3,40
C_359,V5,198267.57,2024-03-19 00:00:00,1,144407.3437244898,59983.82205994232,0.8978975751847383,1.3729647808873553,0.0,196,1,95,29,1.1602584130772677,81,4.366380459698169,3,40
C_278,V5,174626.43,2024-03-19 00:00:00,1,144407.3437244898,59983.82205994232,0.5037788766850475,1.2092544343086016,0.0,196,1,95,29,1.1602584130772677,81,4.366380459698169,3,40
C_841,V2,86744.27,2024-03-19 00:00:00,1,89201.08671052632,40922.37405936534,-0.06003455890421793,0.9724466455756547,0.0,152,1,95,29,1.1602584130772677,81,4.366380459698169,20,40
C_724,V2,88929.88,2024-03-19 00:00:00,1,89201.08671052632,40922.37405936534,-0.0066271835292194435,0.9969484266504923,2.0,152,1,95,29,1.1602584130772677,81,4.366380459698169,20,40
C_254,V11,259509.65,2024-03-19 00:00:00,1,182570.8592121212,102941.535881061,0.747395526342709,1.4214110056166356,1.0,165,1,95,29,1.1602584130772677,81,4.366380459698169,4,40
C_494,V8,248525.42,2024-03-19 00:00:00,1,179937.1240782123,101867.69807590247,0.6733009964521437,1.3811715625754517,1.0,179,1,95,29,1.1602584130772677,81,4.366380459698169,4,40
C_50,V8,263181.4,2024-03-19 00:00:00,1,179937.1240782123,101867.69807590247,0.8171722766080933,1.4626216725789862,0.0,179,1,95,29,1.1602584130772677,81,4.366380459698169,4,40
C_280,V8,273970.11,2024-03-19 00:00:00,1,179937.1240782123,101867.69807590247,0.9230802758637752,1.52257956118802,0.0,179,1,95,29,1.1602584130772677,81,4.366380459698169,4,40
A_1370,V32,55699.23,2024-03-19 00:00:00,0,67081.75597222222,63875.16720999454,-0.17819675896961493,0.8303062268798864,16.0,72,1,95,29,1.1602584130772677,81,4.366380459698169,30,40
C_973,V8,247335.07,2024-03-19 00:00:00,1,179937.1240782123,101867.69807590247,0.6616158564387405,1.3745562329664658,0.0,179,1,95,29,1.1602584130772677,81,4.366380459698169,4,40
C_1030,V8,247225.07,2024-03-20 00:00:00,1,179937.1240782123,101867.69807590247,0.6605360350404339,1.3739449117105422,1.0,179,1,105,29,1.1602679103157696,93,4.466564088299175,4,40
C_492,V9,251331.19,2024-03-20 00:00:00,1,188269.0858278146,100038.44686257221,0.6303723795955819,1.3349502067463812,0.0,151,1,105,29,1.1602679103157696,93,4.466564088299175,4,40
C_878,V1,96087.4,2024-03-20 00:00:00,1,86403.7311111111,33948.99747755859,0.28523327270612986,1.1120617906493753,5.0,162,1,105,29,1.1602679103157696,93,4.466564088299175,18,40
C_811,V11,290645.39,2024-03-20 00:00:00,1,182570.8592121212,102941.535881061,1.0498530064651532,1.5919506503042922,1.0,165,1,105,29,1.1602679103157696,93,4.466564088299175,4,40
C_452,V3,97116.68,2024-03-20 00:00:00,1,83925.30547297298,30830.50022220062,0.4278537999110532,1.1571661525274068,0.0,148,1,105,29,1.1602679103157696,93,4.466564088299175,16,40
C_667,V3,92810.8,2024-03-20 00:00:00,1,83925.30547297298,30830.50022220062,0.2881953347384929,1.105860665222397,4.0,148,1,105,29,1.1602679103157696,93,4.466564088299175,16,40
C_463,V10,276625.33,2024-03-20 00:00:00,1,184110.51882978724,99924.56226640988,0.9258372839930645,1.502487903843445,2.0,188,1,105,29,1.1602679103157696,93,4.466564088299175,4,40
C_1111,V2,90437.49,2024-03-20 00:00:00,1,89201.08671052632,40922.37405936534,0.030212642967319958,1.0138494886726446,0.0,152,1,105,29,1.1602679103157696,93,4.466564088299175,20,40
C_1053,V2,86569.32,2024-03-20 00:00:00,1,89201.08671052632,40922.37405936534,-0.06430962184859311,0.9704853685870599,1.0,152,1,105,29,1.1602679103157696,93,4.466564088299175,20,40
D_704,V40,58725.47,2024-03-20 00:00:00,0,57973.75227272727,46945.974214180664,0.016012059133848632,1.012949045883649,1.0,66,1,105,29,1.1602679103157696,93,4.466564088299175,19,40
C_68,V11,279385.0,2024-03-20 00:00:00,1,182570.8592121212,102941.535881061,0.9404678052592088,1.5302741682407714,0.0,165,1,105,29,1.1602679103157696,93,4.466564088299175,4,40
C_304,V9,261347.84,2024-03-20 00:00:00,1,188269.0858278146,100038.44686257221,0.7304993826342955,1.3881538261953088,2.0,151,1,105,29,1.1602679103157696,93,4.466564088299175,4,40
C_467,V11,277245.08,2024-03-20 00:00:00,1,182570.8592121212,102941.535881061,0.9196802854872806,1.518553194322695,0.0,165,1,105,29,1.1602679103157696,93,4.466564088299175,4,40
D_145,V13,6863.39,2024-03-20 00:00:00,0,91248.5117,99126.94924086498,-0.8512747650509517,0.07521563537309318,3.0,100,1,105,29,1.1602679103157696,93,4.466564088299175,24,40
D_171,V8,13048.2,2024-03-20 00:00:00,0,179937.1240782123,101867.69807590247,-1.6382748305457207,0.07251492737763811,0.0,179,1,105,29,1.1602679103157696,93,4.466564088299175,4,40
C_692,V10,255340.9,2024-03-20 00:00:00,1,184110.51882978724,99924.56226640988,0.7128344294956942,1.3868817205080197,0.0,188,1,105,29,1.1602679103157696,93,4.466564088299175,4,40
D_899,V14,39135.59,2024-03-20 00:00:00,0,101404.49841584158,100941.99680096707,-0.6168720009236442,0.385931636956347,1.0,101,1,105,29,1.1602679103157696,93,4.466564088299175,21,40
D_663,V40,37831.01,2024-03-20 00:00:00,0,57973.75227272727,46945.974214180664,-0.4290530456943275,0.652542848687542,0.0,66,1,105,29,1.1602679103157696,93,4.466564088299175,19,40
C_398,V6,180569.92,2024-03-20 00:00:00,1,144506.03180487806,76560.92735485801,0.4710420628254159,1.2495580162757491,1.0,205,1,105,29,1.1602679103157696,93,4.466564088299175,9,40
C_415,V5,204758.96,2024-03-20 00:00:00,1,144407.3437244898,59983.82205994232,1.0061147837564866,1.4179164078680275,0.0,196,1,105,29,1.1602679103157696,93,4.466564088299175,3,40
C_81,V5,188658.35,2024-03-20 00:00:00,1,144407.3437244898,59983.82205994232,0.7377033848877731,1.30642278094355,0.0,196,1,105,29,1.1602679103157696,93,4.466564088299175,3,40
C_124,V5,171860.32,2024-03-20 00:00:00,1,144407.3437244898,59983.82205994232,0.4576653782197885,1.1900996546839746,1.0,196,1,105,29,1.1602679103157696,93,4.466564088299175,3,40
B_3,V20,84713.25,2024-03-20 02:00:00,1,84574.58505376344,95035.94061676953,0.0014590636581591784,1.001627714974115,3.0,93,1,83,27,1.1549806420835083,70,4.2403732510167265,26,40
B_457,V12,6346.26,2024-03-20 05:00:00,1,101944.13491379311,108863.03469822774,-0.8781401054883868,0.06225172005870145,3.0,116,1,82,26,1.156213207487388,70,4.22832521991489,18,40
B_455,V15,23255.73,2024-03-20 06:00:00,1,101414.6991919192,81219.53730128995,-0.9623054930304908,0.22931094677946093,3.0,99,1,81,26,1.1669161686878173,69,4.226065286134452,31,40
B_454,V12,160095.28,2024-03-20 12:00:00,1,101944.13491379311,108863.03469822774,0.5341630525398262,1.5704062791753608,0.0,116,1,80,25,1.176131425183289,69,4.220254600530407,18,40
B_453,V12,113640.3,2024-03-20 18:00:00,1,101944.13491379311,108863.03469822774,0.10743828408187135,1.114720188423867,0.0,116,1,79,25,1.1721970303721556,68,4.2055325035549265,18,40
B_1,V19,83864.63,2024-03-20 21:00:00,1,75791.63586956522,77277.72834882235,0.10446592876107819,1.1065010345375272,15.0,92,1,78,25,1.1727762289665873,67,4.191667113338142,32,40
B_456,V12,122134.99,2024-03-21 00:00:00,1,101944.13491379311,108863.03469822774,0.18546855389088013,1.1980462834570758,0.0,116,1,94,27,1.1973971790688884,81,4.3911850635507115,18,40
C_163,V4,97845.35,2024-03-21 00:00:00,1,81228.63022988506,33321.06049362434,0.498670235992588,1.2045524486950314,2.0,174,1,94,27,1.1973971790688884,81,4.3911850635507115,16,40
C_747,V9,254315.37,2024-03-21 00:00:00,1,188269.0858278146,100038.44686257221,0.6602024125834639,1.3508007333283323,0.0,151,1,94,27,1.1973971790688884,81,4.3911850635507115,4,40
A_1184,V14,26886.82,2024-03-21 00:00:00,0,101404.49841584158,100941.99680096707,-0.7382154362107036,0.26514163847154604,1.0,101,1,94,27,1.1973971790688884,81,4.3911850635507115,21,40
C_950,V5,204405.37,2024-03-21 00:00:00,1,144407.3437244898,59983.82205994232,1.000220125943771,1.4154678651392598,0.0,196,1,94,27,1.1973971790688884,81,4.3911850635507115,3,40
C_84,V11,262423.47,2024-03-21 00:00:00,1,182570.8592121212,102941.535881061,0.7757008325512774,1.4373708584251375,1.0,165,1,94,27,1.1973971790688884,81,4.3911850635507115,4,40
C_332,V11,250850.23,2024-03-21 00:00:00,1,182570.8592121212,102941.535881061,0.663276557192726,1.3739808045036643,0.0,165,1,94,27,1.1973971790688884,81,4.3911850635507115,4,40
A_566,V11,97375.77,2024-03-21 00:00:00,0,182570.8592121212,102941.535881061,-0.8275985090415388,0.5333558546219542,0.0,165,1,94,27,1.1973971790688884,81,4.3911850635507115,4,40
C_379,V11,243597.7,2024-03-21 00:00:00,1,182570.8592121212,102941.535881061,0.5928243389922776,1.334256555480305,0.0,165,1,94,27,1.1973971790688884,81,4.3911850635507115,4,40
C_1019,V7,161351.09,2024-03-21 00:00:00,1,144842.31624309393,63932.34127505827,0.2582185355506593,1.1139698688560864,3.0,181,1,94,27,1.1973971790688884,81,4.3911850635507115,3,40
C_852,V9,278117.33,2024-03-21 00:00:00,1,188269.0858278146,100038.44686257221,0.8981281583415109,1.4772252786582178,1.0,151,1,94,27,1.1973971790688884,81,4.3911850635507115,4,40
C_1012,V11,271750.38,2024-03-21 00:00:00,1,182570.8592121212,102941.535881061,0.86630390464556,1.4884570994277202,0.0,165,1,94,27,1.1973971790688884,81,4.3911850635507115,4,40
C_677,V9,258289.76,2024-03-21 00:00:00,1,188269.0858278146,100038.44686257221,0.6999306410437809,1.371910778413428,0.0,151,1,94,27,1.1973971790688884,81,4.3911850635507115,4,40
A_1482,V5,33083.81,2024-03-21 00:00:00,0,144407.3437244898,59983.82205994232,-1.8558616980349651,0.22909901981231165,1.0,196,1,94,27,1.1973971790688884,81,4.3911850635507115,3,40
C_853,V2,101491.1,2024-03-21 00:00:00,1,89201.08671052632,40922.37405936534,0.3003176930534913,1.1377659844365897,1.0,152,1,94,27,1.1973971790688884,81,4.3911850635507115,20,40
B_2,V21,32562.08,2024-03-21 12:00:00,1,99317.54854545454,98935.44463436803,-0.6747308213081408,0.3278549724787561,5.0,110,1,79,26,1.204395275173717,67,4.216727582892363,23,40
B_0,V22,3378.91,2024-03-21 18:00:00,1,85951.16571428571,86159.38158415664,-0.958355269511356,0.03931151672468454,4.0,91,1,78,26,1.2129093224449523,66,4.209567546065045,29,40
C_714,V2,96929.92,2024-03-22 00:00:00,1,89201.08671052632,40922.37405936534,0.1888610963079896,1.086632875692153,1.0,152,1,102,32,1.1956819059661443,86,4.465424738280922,20,40
C_162,V9,275177.71,2024-03-22 00:00:00,1,188269.0858278146,100038.44686257221,0.8687435496477198,1.4616114333302435,1.0,151,1,102,32,1.1956819059661443,86,4.465424738280922,4,40
C_940,V7,178213.83,2024-03-22 00:00:00,1,144842.31624309393,63932.34127505827,0.5219735601387219,1.2303904289301106,1.0,181,1,102,32,1.1956819059661443,86,4.465424738280922,3,40
C_213,V8,263592.34,2024-03-22 00:00:00,1,179937.1240782123,101867.69807590247,0.8212062930210037,1.4649054576417968,2.0,179,1,102,32,1.1956819059661443,86,4.465424738280922,4,40
D_504,V25,37808.24,2024-03-22 00:00:00,0,84963.20919354838,94781.91364408535,-0.49750495506624415,0.44499019479923446,8.0,62,1,102,32,1.1956819059661443,86,4.465424738280922,26,40
C_412,V5,160502.62,2024-03-22 00:00:00,1,144407.3437244898,59983.82205994232,0.2683224809673742,1.1114497671008245,0.0,196,1,102,32,1.1956819059661443,86,4.465424738280922,3,40
C_901,V1,96973.77,2024-03-22 00:00:00,1,86403.7311111111,33948.99747755859,0.311341374793204,1.122320140957302,0.0,162,1,102,32,1.1956819059661443,86,4.465424738280922,18,40
C_499,V5,182749.76,2024-03-22 00:00:00,1,144407.3437244898,59983.82205994232,0.6392019674109388,1.2655069318477892,1.0,196,1,102,32,1.1956819059661443,86,4.465424738280922,3,40
A_1429,V33,19816.48,2024-03-22 00:00:00,0,88242.64793103449,64151.09930319075,-1.0666239869664118,0.2245655122449978,10.0,58,1,102,32,1.1956819059661443,86,4.465424738280922,32,40
C_529,V1,96733.46,2024-03-22 00:00:00,1,86403.7311111111,33948.99747755859,0.3042630237518278,1.1195389275108882,0.0,162,1,102,32,1.1956819059661443,86,4.465424738280922,18,40
C_539,V3,94364.89,2024-03-22 00:00:00,1,83925.30547297298,30830.50022220062,0.3386012504026601,1.1243779821856759,2.0,148,1,102,32,1.1956819059661443,86,4.465424738280922,16,40
C_437,V10,258271.64,2024-03-22 00:00:00,1,184110.51882978724,99924.56226640988,0.7421636615112862,1.402800007525735,2.0,188,1,102,32,1.1956819059661443,86,4.465424738280922,4,40
C_1056,V6,169221.97,2024-03-22 00:00:00,1,144506.03180487806,76560.92735485801,0.3228228317785898,1.1710293117672883,0.0,205,1,102,32,1.1956819059661443,86,4.465424738280922,9,40
C_517,V6,178157.86,2024-03-22 00:00:00,1,144506.03180487806,76560.92735485801,0.43953737004488624,1.2328663717939987,2.0,205,1,102,32,1.1956819059661443,86,4.465424738280922,9,40
C_761,V9,247668.86,2024-03-22 00:00:00,1,188269.0858278146,100038.44686257221,0.5937635206418624,1.3154976740516786,0.0,151,1,102,32,1.1956819059661443,86,4.465424738280922,4,40
D_639,V22,76858.19,2024-03-22 00:00:00,0,85951.16571428571,86159.38158415664,-0.10553546243761934,0.8941972475188692,0.0,91,1,102,32,1.1956819059661443,86,4.465424738280922,29,40
D_61,V37,61355.08,2024-03-22 00:00:00,0,72052.50544117647,51928.02541711314,-0.20600088977697525,0.8515210970559853,13.0,68,1,102,32,1.1956819059661443,86,4.465424738280922,25,40
C_330,V4,95068.45,2024-03-22 00:00:00,1,81228.63022988506,33321.06049362434,0.41533505326787845,1.1703666473791667,1.0,174,1,102,32,1.1956819059661443,86,4.465424738280922,16,40
C_542,V1,96515.25,2024-03-22 00:00:00,1,86403.7311111111,33948.99747755859,0.29783563004894914,1.1170134870958328,2.0,162,1,102,32,1.1956819059661443,86,4.465424738280922,18,40
C_334,V10,228501.9,2024-03-23 00:00:00,1,184110.51882978724,99924.56226640988,0.44424449723746995,1.241105941944089,0.0,188,1,103,31,1.1615375291555379,92,4.459045052323091,4,40
C_57,V10,256347.1,2024-03-23 00:00:00,1,184110.51882978724,99924.56226640988,0.7229039249999317,1.3923468864378616,1.0,188,1,103,31,1.1615375291555379,92,4.459045052323091,4,40
C_1032,V2,89025.21,2024-03-23 00:00:00,1,89201.08671052632,40922.37405936534,-0.004297707961987093,0.9980171236229002,1.0,152,1,103,31,1.1615375291555379,92,4.459045052323091,20,40
C_1134,V6,180503.74,2024-03-23 00:00:00,1,144506.03180487806,76560.92735485801,0.4701776645234598,1.2491000454824013,0.0,205,1,103,31,1.1615375291555379,92,4.459045052323091,9,40
A_862,V11,66440.84,2024-03-23 00:00:00,0,182570.8592121212,102941.535881061,-1.128105289210059,0.3639161056184769,2.0,165,1,103,31,1.1615375291555379,92,4.459045052323091,4,40
D_576,V36,93817.24,2024-03-23 00:00:00,0,77526.48523809524,111324.58196102447,0.146334332818563,1.2101158668035883,6.0,63,1,103,31,1.1615375291555379,92,4.459045052323091,20,40
C_1171,V6,160749.01,2024-03-23 00:00:00,1,144506.03180487806,76560.92735485801,0.2121547713896638,1.1123957636681157,1.0,205,1,103,31,1.1615375291555379,92,4.459045052323091,9,40
A_329,V16,189636.49,2024-03-23 00:00:00,0,96281.34727272727,92447.62699932391,1.0098056159120181,1.969587316591273,8.0,121,1,103,31,1.1615375291555379,92,4.459045052323091,26,40
C_774,V11,257325.35,2024-03-23 00:00:00,1,182570.8592121212,102941.535881061,0.7261768922639477,1.4094469493298332,0.0,165,1,103,31,1.1615375291555379,92,4.459045052323091,4,40
C_1000,V11,285080.7,2024-03-23 00:00:00,1,182570.8592121212,102941.535881061,0.9957967317447656,1.5614711995060468,0.0,165,1,103,31,1.1615375291555379,92,4.459045052323091,4,40
C_580,V7,172959.93,2024-03-23 00:00:00,1,144842.31624309393,63932.34127505827,0.43979578098283023,1.194117440046162,0.0,181,1,103,31,1.1615375291555379,92,4.459045052323091,3,40
C_579,V7,199857.05,2024-03-23 00:00:00,1,144842.31624309393,63932.34127505827,0.860501463864027,1.3798154805056744,1.0,181,1,103,31,1.1615375291555379,92,4.459045052323091,3,40
A_1413,V26,136311.53,2024-03-24 00:00:00,0,82902.77408450704,83596.62150892465,0.6388788933401794,1.6442138069740029,14.0,71,1,114,33,1.1589089737594167,100,4.555113937775987,30,40
C_485,V11,269705.16,2024-03-24 00:00:00,1,182570.8592121212,102941.535881061,0.8464363155824436,1.477254825381621,1.0,165,1,114,33,1.1589089737594167,100,4.555113937775987,4,40
C_888,V11,285561.53,2024-03-24 00:00:00,1,182570.8592121212,102941.535881061,1.000467590062804,1.56410484744103,0.0,165,1,114,33,1.1589089737594167,100,4.555113937775987,4,40
C_657,V2,97316.16,2024-03-24 00:00:00,1,89201.08671052632,40922.37405936534,0.1982992232678954,1.0909628192421668,1.0,152,1,114,33,1.1589089737594167,100,4.555113937775987,20,40
C_527,V1,86272.83,2024-03-24 00:00:00,1,86403.7311111111,33948.99747755859,-0.0038557031174341182,0.9984734503607043,2.0,162,1,114,33,1.1589089737594167,100,4.555113937775987,18,40
C_996,V5,163423.38,2024-03-24 00:00:00,1,144407.3437244898,59983.82205994232,0.31701413161662206,1.1316754682249397,2.0,196,1,114,33,1.1589089737594167,100,4.555113937775987,3,40
C_1139,V4,98114.74,2024-03-24 00:00:00,1,81228.63022988506,33321.06049362434,0.5067546700284586,1.2078688493635759,0.0,174,1,114,33,1.1589089737594167,100,4.555113937775987,16,40
A_651,V32,96472.33,2024-03-24 00:00:00,0,67081.75597222222,63875.16720999454,0.4601179956705216,1.438109221987652,5.0,72,1,114,33,1.1589089737594167,100,4.555113937775987,30,40
C_1128,V4,96572.45,2024-03-24 00:00:00,1,81228.63022988506,33321.06049362434,0.46047031734579363,1.188882058513547,0.0,174,1,114,33,1.1589089737594167,100,4.555113937775987,16,40
C_284,V4,98269.82,2024-03-24 00:00:00,1,81228.63022988506,33321.06049362434,0.5114086439335139,1.2097780049212352,0.0,174,1,114,33,1.1589089737594167,100,4.555113937775987,16,40
A_607,V12,42349.32,2024-03-24 00:00:00,0,101944.13491379311,108863.03469822774,-0.5474242717440206,0.4154128594347484,3.0,116,1,114,33,1.1589089737594167,100,4.555113937775987,18,40
A_1388,V35,82020.65,2024-03-24 00:00:00,0,75008.17954545454,56348.584614378604,0.12444582338156406,1.0934748319743532,11.0,66,1,114,33,1.1589089737594167,100,4.555113937775987,29,40
C_349,V6,189114.18,2024-03-24 00:00:00,1,144506.03180487806,76560.92735485801,0.5826413954858656,1.3086849659700515,0.0,205,1,114,33,1.1589089737594167,100,4.555113937775987,9,40
C_128,V10,297865.95,2024-03-24 00:00:00,1,184110.51882978724,99924.56226640988,1.1384017121357928,1.6178561335718478,1.0,188,1,114,33,1.1589089737594167,100,4.555113937775987,4,40
C_952,V6,174644.15,2024-03-24 00:00:00,1,144506.03180487806,76560.92735485801,0.3936436716833724,1.2085512228623922,1.0,205,1,114,33,1.1589089737594167,100,4.555113937775987,9,40
C_726,V6,182992.39,2024-03-24 00:00:00,1,144506.03180487806,76560.92735485801,0.502682723969852,1.266321698774404,0.0,205,1,114,33,1.1589089737594167,100,4.555113937775987,9,40
D_331,V23,18678.86,2024-03-24 00:00:00,0,74902.77192307693,98110.10534391222,-0.573063688621113,0.24937142042970034,24.0,52,1,114,33,1.1589089737594167,100,4.555113937775987,26,40
C_436,V1,88889.69,2024-03-24 00:00:00,1,86403.7311111111,33948.99747755859,0.07322412587901223,1.0287595234304172,0.0,162,1,114,33,1.1589089737594167,100,4.555113937775987,18,40
C_145,V9,291685.19,2024-03-24 00:00:00,1,188269.0858278146,100038.44686257221,1.03375325849464,1.5492912148920215,2.0,151,1,114,33,1.1589089737594167,100,4.555113937775987,4,40
A_425,V19,21177.8,2024-03-24 00:00:00,0,75791.63586956522,77277.72834882235,-0.7067124037425685,0.2794176473351023,3.0,92,1,114,33,1.1589089737594167,100,4.555113937775987,32,40
A_653,V19,41164.66,2024-03-24 00:00:00,0,75791.63586956522,77277.72834882235,-0.44807900711390125,0.5431221586070977,0.0,92,1,114,33,1.1589089737594167,100,4.555113937775987,32,40
A_1001,V21,73958.12,2024-03-24 00:00:00,0,99317.54854545454,98935.44463436803,-0.25632039476629137,0.744655666873263,2.0,110,1,114,33,1.1589089737594167,100,4.555113937775987,23,40
C_34,V9,229955.76,2024-03-24 00:00:00,1,188269.0858278146,100038.44686257221,0.4167023657123165,1.2214142198368663,0.0,151,1,114,33,1.1589089737594167,100,4.555113937775987,4,40
C_688,V7,172192.08,2024-03-24 00:00:00,1,144842.31624309393,63932.34127505827,0.4277856156342602,1.188816194397303,0.0,181,1,114,33,1.1589089737594167,100,4.555113937775987,3,40
C_138,V8,255309.26,2024-03-24 00:00:00,1,179937.1240782123,101867.69807590247,0.7398949564038587,1.4188725224734848,2.0,179,1,114,33,1.1589089737594167,100,4.555113937775987,4,40
C_193,V7,173749.64,2024-03-24 00:00:00,1,144842.31624309393,63932.34127505827,0.45214786495420406,1.1995696073983277,0.0,181,1,114,33,1.1589089737594167,100,4.555113937775987,3,40
C_314,V7,196001.86,2024-03-24 00:00:00,1,144842.31624309393,63932.34127505827,0.8002013149415118,1.3531992023093802,0.0,181,1,114,33,1.1589089737594167,100,4.555113937775987,3,40
C_277,V7,173428.44,2024-03-24 00:00:00,1,144842.31624309393,63932.34127505827,0.4471238822623231,1.1973520387294294,1.0,181,1,114,33,1.1589089737594167,100,4.555113937775987,3,40
C_966,V4,78914.45,2024-03-24 00:00:00,1,81228.63022988506,33321.06049362434,-0.06944889348387834,0.9714983285860965,2.0,174,1,114,33,1.1589089737594167,100,4.555113937775987,16,40
D_627,V21,91598.36,2024-03-25 00:00:00,0,99317.54854545454,98935.44463436803,-0.07802168931763988,0.9222684115050143,1.0,110,1,104,31,1.1342870199624544,94,4.451592667254173,23,40
A_454,V15,155469.86,2024-03-25 00:00:00,0,101414.6991919192,81219.53730128995,0.6655356219518913,1.5329959881831374,4.0,99,1,104,31,1.1342870199624544,94,4.451592667254173,31,40
C_191,V10,258813.99,2024-03-25 00:00:00,1,184110.51882978724,99924.56226640988,0.7475912016491544,1.405745776500143,1.0,188,1,104,31,1.1342870199624544,94,4.451592667254173,4,40
C_1177,V11,283237.55,2024-03-25 00:00:00,1,182570.8592121212,102941.535881061,0.9778920824739376,1.551375722536299,0.0,165,1,104,31,1.1342870199624544,94,4.451592667254173,4,40
C_315,V11,251288.48,2024-03-25 00:00:00,1,182570.8592121212,102941.535881061,0.6675337866873088,1.3763812292015956,0.0,165,1,104,31,1.1342870199624544,94,4.451592667254173,4,40
C_226,V6,170650.58,2024-03-25 00:00:00,1,144506.03180487806,76560.92735485801,0.341482367259959,1.180915405074699,1.0,205,1,104,31,1.1342870199624544,94,4.451592667254173,9,40
C_1101,V10,247226.9,2024-03-25 00:00:00,1,184110.51882978724,99924.56226640988,0.6316339857256867,1.3428106050690043,0.0,188,1,104,31,1.1342870199624544,94,4.451592667254173,4,40
C_604,V10,256284.29,2024-03-25 00:00:00,1,184110.51882978724,99924.56226640988,0.7222753571082391,1.392005734507775,0.0,188,1,104,31,1.1342870199624544,94,4.451592667254173,4,40
C_173,V10,277476.86,2024-03-25 00:00:00,1,184110.51882978724,99924.56226640988,0.934358927311215,1.507112981108639,0.0,188,1,104,31,1.1342870199624544,94,4.451592667254173,4,40
C_690,V9,260689.39,2024-03-25 00:00:00,1,188269.0858278146,100038.44686257221,0.7239174789887813,1.3846564569924171,1.0,151,1,104,31,1.1342870199624544,94,4.451592667254173,4,40
D_874,V13,83812.56,2024-03-25 00:00:00,0,91248.5117,99126.94924086498,-0.07501367431633069,0.9184987233197435,5.0,100,1,104,31,1.1342870199624544,94,4.451592667254173,24,40
C_441,V5,171668.17,2024-03-25 00:00:00,1,144407.3437244898,59983.82205994232,0.4544620678922529,1.188769052898481,1.0,196,1,104,31,1.1342870199624544,94,4.451592667254173,3,40
D_245,V12,39406.67,2024-03-25 00:00:00,0,101944.13491379311,108863.03469822774,-0.5744547782667401,0.38654782332990273,1.0,116,1,104,31,1.1342870199624544,94,4.451592667254173,18,40
C_786,V11,227131.19,2024-03-25 00:00:00,1,182570.8592121212,102941.535881061,0.43286606849634496,1.2440646164210198,1.0,165,1,104,31,1.1342870199624544,94,4.451592667254173,4,40
C_335,V1,105110.13,2024-03-25 00:00:00,1,86403.7311111111,33948.99747755859,0.5509985354565663,1.2164858179447942,1.0,162,1,104,31,1.1342870199624544,94,4.451592667254173,18,40
C_460,V10,247860.09,2024-03-25 00:00:00,1,184110.51882978724,99924.56226640988,0.6379706025596442,1.3462497706574725,0.0,188,1,104,31,1.1342870199624544,94,4.451592667254173,4,40
C_445,V7,192467.24,2024-03-25 00:00:00,1,144842.31624309393,63932.34127505827,0.744915294697503,1.3287961432543958,1.0,181,1,104,31,1.1342870199624544,94,4.451592667254173,3,40
D_399,V2,18049.08,2024-03-26 00:00:00,0,89201.08671052632,40922.37405936534,-1.7386642315296368,0.20233921274254354,0.0,152,1,109,30,1.0826372780027587,101,4.4803578357788965,20,40
C_1120,V1,92238.82,2024-03-26 00:00:00,1,86403.7311111111,33948.99747755859,0.17187302864296164,1.0675204796527475,1.0,162,1,109,30,1.0826372780027587,101,4.4803578357788965,18,40
D_600,V26,51930.14,2024-03-26 00:00:00,0,82902.77408450704,83596.62150892465,-0.37049659458553474,0.6263905422094004,2.0,71,1,109,30,1.0826372780027587,101,4.4803578357788965,30,40
A_1414,V25,169207.53,2024-03-26 00:00:00,0,84963.20919354838,94781.91364408535,0.8888133690719123,1.9915153875503675,4.0,62,1,109,30,1.0826372780027587,101,4.4803578357788965,26,40
D_511,V27,76582.83,2024-03-26 00:00:00,0,83207.86098360656,89047.01535564796,-0.07439841255469774,0.920368685434692,8.0,61,1,109,30,1.0826372780027587,101,4.4803578357788965,28,40
C_465,V2,91066.1,2024-03-26 00:00:00,1,89201.08671052632,40922.37405936534,0.04557330211258276,1.020896521126492,2.0,152,1,109,30,1.0826372780027587,101,4.4803578357788965,20,40
A_1027,V24,97263.0,2024-03-26 00:00:00,0,69961.0374137931,66357.40093125252,0.4114318941243295,1.3902253792972654,7.0,58,1,109,30,1.0826372780027587,101,4.4803578357788965,31,40
A_1034,V38,206675.19,2024-03-26 00:00:00,0,71190.65382978723,52355.46745943829,2.58773257143782,2.903081736156061,7.0,47,1,109,30,1.0826372780027587,101,4.4803578357788965,25,40
A_928,V21,28935.91,2024-03-26 00:00:00,0,99317.54854545454,98935.44463436803,-0.7113823303996688,0.2913444711362961,1.0,110,1,109,30,1.0826372780027587,101,4.4803578357788965,23,40
C_943,V8,237716.36,2024-03-26 00:00:00,1,179937.1240782123,101867.69807590247,0.5671932302377745,1.3211005795340718,0.0,179,1,109,30,1.0826372780027587,101,4.4803578357788965,4,40
D_840,V39,50393.01,2024-03-26 00:00:00,0,59686.60327868852,62062.45272865382,-0.14974341371758385,0.8442793349350793,9.0,61,1,109,30,1.0826372780027587,101,4.4803578357788965,26,40
C_5,V9,261934.01,2024-03-26 00:00:00,1,188269.0858278146,100038.44686257221,0.7363587712893053,1.3912672788578635,1.0,151,1,109,30,1.0826372780027587,101,4.4803578357788965,4,40
C_955,V9,269686.69,2024-03-26 00:00:00,1,188269.0858278146,100038.44686257221,0.813855001457892,1.4324457802959003,0.0,151,1,109,30,1.0826372780027587,101,4.4803578357788965,4,40
A_637,V7,61902.91,2024-03-26 00:00:00,0,144842.31624309393,63932.34127505827,-1.29727939427202,0.4273784362690709,1.0,181,1,109,30,1.0826372780027587,101,4.4803578357788965,3,40
C_638,V7,186571.87,2024-03-26 00:00:00,1,144842.31624309393,63932.34127505827,0.6527040965585453,1.2880944377638528,0.0,181,1,109,30,1.0826372780027587,101,4.4803578357788965,3,40
A_168,V30,26147.24,2024-03-26 00:00:00,0,73122.4169117647,57615.25065897187,-0.8153112424792922,0.35757683522298883,27.0,68,1,109,30,1.0826372780027587,101,4.4803578357788965,29,40
D_967,V5,97709.07,2024-03-26 00:00:00,0,144407.3437244898,59983.82205994232,-0.7785014962255719,0.6766165131456308,1.0,196,1,109,30,1.0826372780027587,101,4.4803578357788965,3,40
A_875,V12,47970.67,2024-03-26 00:00:00,0,101944.13491379311,108863.03469822774,-0.495787842728851,0.4705537938673089,1.0,116,1,109,30,1.0826372780027587,101,4.4803578357788965,18,40
A_1023,V14,187311.13,2024-03-26 00:00:00,0,101404.49841584158,100941.99680096707,0.8510410261896981,1.8471496410567245,5.0,101,1,109,30,1.0826372780027587,101,4.4803578357788965,21,40
C_174,V6,180262.58,2024-03-26 00:00:00,1,144506.03180487806,76560.92735485801,0.4670277960662272,1.247431199357836,0.0,205,1,109,30,1.0826372780027587,101,4.4803578357788965,9,40
A_948,V8,138363.84,2024-03-26 00:00:00,0,179937.1240782123,101867.69807590247,-0.40810656132304757,0.7689523313017227,2.0,179,1,109,30,1.0826372780027587,101,4.4803578357788965,4,40
C_31,V4,84286.71,2024-03-26 00:00:00,1,81228.63022988506,33321.06049362434,0.09177342951826338,1.0376350324562997,2.0,174,1,109,30,1.0826372780027587,101,4.4803578357788965,16,40
A_721,V3,228621.24,2024-03-26 00:00:00,0,83925.30547297298,30830.50022220062,4.693120136360956,2.7240712993570715,4.0,148,1,109,30,1.0826372780027587,101,4.4803578357788965,16,40
D_373,V3,7149.5,2024-03-26 00:00:00,0,83925.30547297298,30830.50022220062,-2.4901741699124185,0.08518783186878605,0.0,148,1,109,30,1.0826372780027587,101,4.4803578357788965,16,40
C_942,V6,175711.55,2024-03-26 00:00:00,1,144506.03180487806,76560.92735485801,0.4075853269796489,1.2159377146245458,1.0,205,1,109,30,1.0826372780027587,101,4.4803578357788965,9,40
C_1077,V2,98453.05,2024-03-27 00:00:00,1,89201.08671052632,40922.37405936534,0.22608016817118645,1.1037079246755113,0.0,152,1,87,26,1.0690924756713585,79,4.259275436050428,20,40
A_478,V15,123057.74,2024-03-27 00:00:00,0,101414.6991919192,81219.53730128995,0.266472514553743,1.2133993156929814,2.0,99,1,87,26,1.0690924756713585,79,4.259275436050428,31,40
D_790,V2,65619.8,2024-03-27 00:00:00,0,89201.08671052632,40922.37405936534,-0.576230265772275,0.7356307729991312,1.0,152,1,87,26,1.0690924756713585,79,4.259275436050428,20,40
C_800,V10,261093.22,2024-03-27 00:00:00,1,184110.51882978724,99924.56226640988,0.7704004803592746,1.4181253930199937,2.0,188,1,87,26,1.0690924756713585,79,4.259275436050428,4,40
C_721,V3,97277.03,2024-03-27 00:00:00,1,83925.30547297298,30830.50022220062,0.4330546496538284,1.1590767573025884,1.0,148,1,87,26,1.0690924756713585,79,4.259275436050428,16,40
D_222,V34,127278.06,2024-03-27 00:00:00,0,87031.30054545455,69584.65178653522,0.5783772720561506,1.4624232520835894,26.0,55,1,87,26,1.0690924756713585,79,4.259275436050428,32,40
C_965,V3,110199.52,2024-03-27 00:00:00,1,83925.30547297298,30830.50022220062,0.8521873518210424,1.3130510080118785,0.0,148,1,87,26,1.0690924756713585,79,4.259275436050428,16,40
C_263,V3,100089.24,2024-03-27 00:00:00,1,83925.30547297298,30830.50022220062,0.5242668832374229,1.1925848449534338,0.0,148,1,87,26,1.0690924756713585,79,4.259275436050428,16,40
A_1216,V18,56083.46,2024-03-27 00:00:00,0,93668.06014705882,102265.70386062763,-0.3675155131457089,0.59874050099307,15.0,136,1,87,26,1.0690924756713585,79,4.259275436050428,23,40
C_827,V2,103994.28,2024-03-27 00:00:00,1,89201.08671052632,40922.37405936534,0.36148518125641327,1.1658278840211047,0.0,152,1,87,26,1.0690924756713585,79,4.259275436050428,20,40
A_896,V34,26006.37,2024-03-27 00:00:00,0,87031.30054545455,69584.65178653522,-0.876975769842007,0.2988128526651734,0.0,55,1,87,26,1.0690924756713585,79,4.259275436050428,32,40
C_776,V8,279391.18,2024-03-27 00:00:00,1,179937.1240782123,101867.69807590247,0.9762965248430324,1.552706973195737,1.0,179,1,87,26,1.0690924756713585,79,4.259275436050428,4,40
C_317,V9,271967.66,2024-03-27 00:00:00,1,188269.0858278146,100038.44686257221,0.8366557072947948,1.4445611941173295,0.0,151,1,87,26,1.0690924756713585,79,4.259275436050428,4,40
C_1001,V4,105020.33,2024-03-27 00:00:00,1,81228.63022988506,33321.06049362434,0.7139924547783325,1.2928820395068368,1.0,174,1,87,26,1.0690924756713585,79,4.259275436050428,16,40
A_441,V11,34735.88,2024-03-27 00:00:00,0,182570.8592121212,102941.535881061,-1.4360922620259575,0.19025867485767398,2.0,165,1,87,26,1.0690924756713585,79,4.259275436050428,4,40
A_657,V9,43381.71,2024-03-27 00:00:00,0,188269.0858278146,100038.44686257221,-1.448302448401695,0.230422745117753,1.0,151,1,87,26,1.0690924756713585,79,4.259275436050428,4,40
C_38,V7,167297.96,2024-03-27 00:00:00,1,144842.31624309393,63932.34127505827,0.3512352601797535,1.155027130966954,1.0,181,1,87,26,1.0690924756713585,79,4.259275436050428,3,40
A_682,V16,42898.39,2024-03-27 00:00:00,0,96281.34727272727,92447.62699932391,-0.5774337489416438,0.44554782070784954,4.0,121,1,87,26,1.0690924756713585,79,4.259275436050428,26,40
A_1143,V32,59050.62,2024-03-27 00:00:00,0,67081.75597222222,63875.16720999454,-0.12572977251154804,0.8802652655542628,3.0,72,1,87,26,1.0690924756713585,79,4.259275436050428,30,40
D_825,V36,37117.65,2024-03-27 00:00:00,0,77526.48523809524,111324.58196102447,-0.3629788816396444,0.4787676252622887,4.0,63,1,87,26,1.0690924756713585,79,4.259275436050428,20,40
C_257,V5,174542.46,2024-03-28 00:00:00,1,144407.3437244898,59983.82205994232,0.5023790225700167,1.2086729582121774,2.0,196,1,74,25,1.0804968965272923,65,4.091749992857613,3,40
D_138,V40,36792.09,2024-03-28 00:00:00,0,57973.75227272727,46945.974214180664,-0.4511826933955886,0.6346226341239216,8.0,66,1,74,25,1.0804968965272923,65,4.091749992857613,19,40
D_895,V3,57109.53,2024-03-28 00:00:00,0,83925.30547297298,30830.50022220062,-0.8697525348981862,0.6804723462823125,0.0,148,1,74,25,1.0804968965272923,65,4.091749992857613,16,40
C_593,V2,93194.75,2024-03-28 00:00:00,1,89201.08671052632,40922.37405936534,0.09758880789448812,1.0447597521169034,0.0,152,1,74,25,1.0804968965272923,65,4.091749992857613,20,40
C_267,V1,95532.74,2024-03-28 00:00:00,1,86403.7311111111,33948.99747755859,0.26889571626399383,1.1056424662342952,2.0,162,1,74,25,1.0804968965272923,65,4.091749992857613,18,40
C_916,V3,101750.72,2024-03-28 00:00:00,1,83925.30547297298,30830.50022220062,0.5781559249001968,1.2123817368890029,1.0,148,1,74,25,1.0804968965272923,65,4.091749992857613,16,40
C_385,V8,253014.57,2024-03-28 00:00:00,1,179937.1240782123,101867.69807590247,0.7173689985449467,1.4061198609029852,1.0,179,1,74,25,1.0804968965272923,65,4.091749992857613,4,40
C_94,V4,96775.07,2024-03-28 00:00:00,1,81228.63022988506,33321.06049362434,0.46655097373373755,1.1913764684896428,1.0,174,1,74,25,1.0804968965272923,65,4.091749992857613,16,40
A_932,V37,61165.29,2024-03-28 00:00:00,0,72052.50544117647,51928.02541711314,-0.20965568588523142,0.848887082252154,6.0,68,1,74,25,1.0804968965272923,65,4.091749992857613,25,40
C_689,V11,265740.8,2024-03-28 00:00:00,1,182570.8592121212,102941.535881061,0.8079258984252407,1.455540854690256,0.0,165,1,74,25,1.0804968965272923,65,4.091749992857613,4,40
C_196,V11,273598.49,2024-03-28 00:00:00,1,182570.8592121212,102941.535881061,0.8842567361372504,1.498579743782526,1.0,165,1,74,25,1.0804968965272923,65,4.091749992857613,4,40
A_635,V39,83148.35,2024-03-28 00:00:00,0,59686.60327868852,62062.45272865382,0.37802838369125297,1.3930589508137974,2.0,61,1,74,25,1.0804968965272923,65,4.091749992857613,26,40
C_184,V6,184525.11,2024-03-28 00:00:00,1,144506.03180487806,76560.92735485801,0.5227020737035121,1.2769282414516459,0.0,205,1,74,25,1.0804968965272923,65,4.091749992857613,9,40
C_131,V6,202266.04,2024-03-28 00:00:00,1,144506.03180487806,76560.92735485801,0.7544220762286878,1.3996968692368656,2.0,205,1,74,25,1.0804968965272923,65,4.091749992857613,9,40
C_470,V6,177383.97,2024-03-28 00:00:00,1,144506.03180487806,76560.92735485801,0.4294293434220314,1.2275109922644756,0.0,205,1,74,25,1.0804968965272923,65,4.091749992857613,9,40
C_969,V10,261607.55,2024-03-28 00:00:00,1,184110.51882978724,99924.56226640988,0.7755476117672394,1.420918971625336,1.0,188,1,74,25,1.0804968965272923,65,4.091749992857613,4,40
C_708,V10,253212.79,2024-03-28 00:00:00,1,184110.51882978724,99924.56226640988,0.6915374765265804,1.3753229108608762,0.0,188,1,74,25,1.0804968965272923,65,4.091749992857613,4,40
C_1133,V10,241470.6,2024-03-28 00:00:00,1,184110.51882978724,99924.56226640988,0.5740281052138192,1.311545315224094,0.0,188,1,74,25,1.0804968965272923,65,4.091749992857613,4,40
D_923,V2,17159.62,2024-03-28 00:00:00,0,89201.08671052632,40922.37405936534,-1.7603989985288024,0.19236792134342606,1.0,152,1,74,25,1.0804968965272923,65,4.091749992857613,20,40
C_325,V7,179933.28,2024-03-28 00:00:00,1,144842.31624309393,63932.34127505827,0.548867978070087,1.2422615324411226,0.0,181,1,74,25,1.0804968965272923,65,4.091749992857613,3,40
A_1483,V7,87305.12,2024-03-28 00:00:00,0,144842.31624309393,63932.34127505827,-0.8999560338251927,0.6027556000821865,1.0,181,1,74,25,1.0804968965272923,65,4.091749992857613,3,40
C_153,V1,99059.63,2024-03-28 00:00:00,1,86403.7311111111,33948.99747755859,0.3727805546157882,1.1464607172102126,0.0,162,1,74,25,1.0804968965272923,65,4.091749992857613,18,40
C_30,V6,173364.95,2024-03-28 00:00:00,1,144506.03180487806,76560.92735485801,0.3769356283491052,1.1996990584796428,0.0,205,1,74,25,1.0804968965272923,65,4.091749992857613,9,40
C_1163,V1,89957.74,2024-03-29 00:00:00,1,86403.7311111111,33948.99747755859,0.10468362748003586,1.0411205363780365,0.0,162,0,57,23,0.9933061617687623,49,3.790796110066293,18,40
A_17,V25,228419.67,2024-03-29 00:00:00,0,84963.20919354838,94781.91364408535,1.513526597685506,2.6884222447084776,3.0,62,0,57,23,0.9933061617687623,49,3.790796110066293,26,40
A_1116,V25,59065.74,2024-03-29 00:00:00,0,84963.20919354838,94781.91364408535,-0.27322930049180266,0.69518377868319,0.0,62,0,57,23,0.9933061617687623,49,3.790796110066293,26,40
C_1096,V1,96573.94,2024-03-29 00:00:00,1,86403.7311111111,33948.99747755859,0.29956434888136724,1.1176927323089743,1.0,162,0,57,23,0.9933061617687623,49,3.790796110066293,18,40
A_1422,V6,59573.13,2024-03-29 00:00:00,0,144506.03180487806,76560.92735485801,-1.109335994262805,0.412250734486327,0.0,205,0,57,23,0.9933061617687623,49,3.790796110066293,9,40
C_866,V3,84271.48,2024-03-29 00:00:00,1,83925.30547297298,30830.50022220062,0.011227949484525929,1.0041128288095342,0.0,148,0,57,23,0.9933061617687623,49,3.790796110066293,16,40
C_456,V5,188350.37,2024-03-29 00:00:00,1,144407.3437244898,59983.82205994232,0.7325690860864488,1.3042900786906415,1.0,196,0,57,23,0.9933061617687623,49,3.790796110066293,3,40
D_953,V27,30520.79,2024-03-29 00:00:00,0,83207.86098360656,89047.01535564796,-0.5916703564159201,0.3667973535416267,3.0,61,0,57,23,0.9933061617687623,49,3.790796110066293,28,40
C_375,V3,85902.57,2024-03-29 00:00:00,1,83925.30547297298,30830.50022220062,0.06413131092476891,1.0235476173517903,1.0,148,0,57,23,0.9933061617687623,49,3.790796110066293,16,40
C_403,V8,268871.63,2024-03-29 00:00:00,1,179937.1240782123,101867.69807590247,0.873030750383425,1.494244932125288,1.0,179,0,57,23,0.9933061617687623,49,3.790796110066293,4,40
A_741,V18,116276.21,2024-03-29 00:00:00,0,93668.06014705882,102265.70386062763,0.22107048530431087,1.2413513044483242,2.0,136,0,57,23,0.9933061617687623,49,3.790796110066293,23,40
C_1098,V11,264672.36,2024-03-29 00:00:00,1,182570.8592121212,102941.535881061,0.7975469040585732,1.4496886932201873,1.0,165,0,57,23,0.9933061617687623,49,3.790796110066293,4,40
C_871,V11,249208.76,2024-03-29 00:00:00,1,182570.8592121212,102941.535881061,0.6473310591927881,1.3649899884650718,0.0,165,0,57,23,0.9933061617687623,49,3.790796110066293,4,40
D_312,V6,17375.56,2024-03-29 00:00:00,0,144506.03180487806,76560.92735485801,-1.6604920512990635,0.12024023871351472,0.0,205,0,57,23,0.9933061617687623,49,3.790796110066293,9,40
A_1051,V40,59648.35,2024-03-29 00:00:00,0,57973.75227272727,46945.974214180664,0.03566998204469802,1.0288676995013228,1.0,66,0,57,23,0.9933061617687623,49,3.790796110066293,19,40
C_512,V6,176682.12,2024-03-29 00:00:00,1,144506.03180487806,76560.92735485801,0.4202622544491142,1.2226541351881521,0.0,205,0,57,23,0.9933061617687623,49,3.790796110066293,9,40
C_954,V6,177672.98,2024-03-29 00:00:00,1,144506.03180487806,76560.92735485801,0.4332041961456374,1.2295109641439772,1.0,205,0,57,23,0.9933061617687623,49,3.790796110066293,9,40
A_556,V36,36546.93,2024-03-29 00:00:00,0,77526.48523809524,111324.58196102447,-0.36810546611328154,0.47140610697948543,2.0,63,0,57,23,0.9933061617687623,49,3.790796110066293,20,40
D_200,V23,59624.48,2024-03-29 00:00:00,0,74902.77192307693,98110.10534391222,-0.15572438889075202,0.7960143857806237,5.0,52,0,57,23,0.9933061617687623,49,3.790796110066293,26,40
A_415,V30,18799.78,2024-03-30 00:00:00,0,73122.4169117647,57615.25065897187,-0.9428353336161714,0.2570965744487158,4.0,68,0,44,22,0.926838969922858,34,3.496047129233925,29,40
C_259,V3,109370.59,2024-03-30 00:00:00,1,83925.30547297298,30830.50022220062,0.8253015371825733,1.3031741285838074,1.0,148,0,44,22,0.926838969922858,34,3.496047129233925,16,40
C_126,V3,100256.48,2024-03-30 00:00:00,1,83925.30547297298,30830.50022220062,0.5296912057256152,1.1945775455621106,0.0,148,0,44,22,0.926838969922858,34,3.496047129233925,16,40
C_130,V5,148939.0,2024-03-30 00:00:00,1,144407.3437244898,59983.82205994232,0.07554671531711406,1.0313739231311596,0.0,196,0,44,22,0.926838969922858,34,3.496047129233925,3,40
A_1372,V15,36807.96,2024-03-30 00:00:00,0,101414.6991919192,81219.53730128995,-0.7954483107179975,0.36294144095328446,3.0,99,0,44,22,0.926838969922858,34,3.496047129233925,31,40
C_872,V5,197619.89,2024-03-30 00:00:00,1,144407.3437244898,59983.82205994232,0.8871001771470686,1.3684797214836155,0.0,196,0,44,22,0.926838969922858,34,3.496047129233925,3,40
C_861,V9,234922.15,2024-03-30 00:00:00,1,188269.0858278146,100038.44686257221,0.46634668258686396,1.2477932910428042,3.0,151,0,44,22,0.926838969922858,34,3.496047129233925,4,40
C_821,V9,270671.16,2024-03-30 00:00:00,1,188269.0858278146,100038.44686257221,0.8236958195638975,1.4376748106841923,0.0,151,0,44,22,0.926838969922858,34,3.496047129233925,4,40
A_564,V34,111176.09,2024-03-30 00:00:00,0,87031.30054545455,69584.65178653522,0.3469794251351318,1.2774118264509833,3.0,55,0,44,22,0.926838969922858,34,3.496047129233925,32,40
D_88,V34,34929.61,2024-03-30 00:00:00,0,87031.30054545455,69584.65178653522,-0.7487418628381116,0.4013407640736468,0.0,55,0,44,22,0.926838969922858,34,3.496047129233925,32,40
C_1089,V4,89404.68,2024-03-30 00:00:00,1,81228.63022988506,33321.06049362434,0.24536447173425213,1.1006412284160227,0.0,174,0,44,22,0.926838969922858,34,3.496047129233925,16,40
A_985,V4,128299.68,2024-03-30 00:00:00,0,81228.63022988506,33321.06049362434,1.4126092166215605,1.5794689651658351,2.0,174,0,44,22,0.926838969922858,34,3.496047129233925,16,40
C_974,V5,187708.47,2024-03-30 00:00:00,1,144407.3437244898,59983.82205994232,0.7218680457573045,1.2998450446749847,0.0,196,0,44,22,0.926838969922858,34,3.496047129233925,3,40
C_446,V9,267957.54,2024-03-30 00:00:00,1,188269.0858278146,100038.44686257221,0.796570319722542,1.4232613684845548,0.0,151,0,44,22,0.926838969922858,34,3.496047129233925,4,40
A_1377,V5,37986.58,2024-03-30 00:00:00,0,144407.3437244898,59983.82205994232,-1.7741281889299334,0.2630497589008631,1.0,196,0,44,22,0.926838969922858,34,3.496047129233925,3,40
C_106,V10,234951.98,2024-03-30 00:00:00,1,184110.51882978724,99924.56226640988,0.5087933459375009,1.2761394913982282,2.0,188,0,44,22,0.926838969922858,34,3.496047129233925,4,40
C_568,V10,272950.56,2024-03-30 00:00:00,1,184110.51882978724,99924.56226640988,0.8890622094610566,1.4825284248094508,0.0,188,0,44,22,0.926838969922858,34,3.496047129233925,4,40
D_183,V14,67677.57,2024-03-30 00:00:00,0,101404.49841584158,100941.99680096707,-0.33411855685582786,0.6673954672799814,4.0,101,0,44,22,0.926838969922858,34,3.496047129233925,21,40
A_1166,V8,25881.18,2024-03-30 00:00:00,0,179937.1240782123,101867.69807590247,-1.5122991359271625,0.14383377693073218,0.0,179,0,44,22,0.926838969922858,34,3.496047129233925,4,40
C_90,V6,164239.5,2024-03-30 00:00:00,1,144506.03180487806,76560.92735485801,0.25774518585012884,1.1365502283775775,1.0,205,0,44,22,0.926838969922858,34,3.496047129233925,9,40
C_834,V8,252323.55,2024-03-30 00:00:00,1,179937.1240782123,101867.69807590247,0.7105855605207841,1.4022795407732742,1.0,179,0,44,22,0.926838969922858,34,3.496047129233925,4,40
A_193,V12,24249.3,2024-03-30 00:00:00,0,101944.13491379311,108863.03469822774,-0.71368689511797,0.23786618184875327,4.0,116,0,44,22,0.926838969922858,34,3.496047129233925,18,40
A_1103,V6,76292.08,2024-03-31 00:00:00,0,144506.03180487806,76560.92735485801,-0.8909644017804333,0.5279471804736401,1.0,205,0,42,23,0.6959079344669963,30,3.5380823572125295,9,40
A_1418,V3,62456.48,2024-03-31 00:00:00,0,83925.30547297298,30830.50022220062,-0.6963276298022654,0.7441824067915517,1.0,148,0,42,23,0.6959079344669963,30,3.5380823572125295,16,40
A_1428,V32,79581.29,2024-03-31 00:00:00,0,67081.75597222222,63875.16720999454,0.19568384537984618,1.1863151542693504,4.0,72,0,42,23,0.6959079344669963,30,3.5380823572125295,30,40
D_438,V10,35340.47,2024-04-01 00:00:00,0,184110.51882978724,99924.56226640988,-1.4888087237693384,0.19195143369966214,2.0,188,0,67,29,0.9511671817338685,56,3.8609351716569047,4,40
A_1230,V40,67479.72,2024-04-01 00:00:00,0,57973.75227272727,46945.974214180664,0.2024830755631826,1.1639501223318567,3.0,66,0,67,29,0.9511671817338685,56,3.8609351716569047,19,40
A_19,V40,48816.05,2024-04-01 00:00:00,0,57973.75227272727,46945.974214180664,-0.19506480291888806,0.8420225716594265,0.0,66,0,67,29,0.9511671817338685,56,3.8609351716569047,19,40
D_677,V23,268442.06,2024-04-01 00:00:00,0,74902.77192307693,98110.10534391222,1.9726542413165478,3.583825662019783,3.0,52,0,67,29,0.9511671817338685,56,3.8609351716569047,26,40
D_52,V27,55138.67,2024-04-01 00:00:00,0,83207.86098360656,89047.01535564796,-0.31521411085358053,0.6626538249437541,3.0,61,0,67,29,0.9511671817338685,56,3.8609351716569047,28,40
A_157,V3,42601.63,2024-04-01 00:00:00,0,83925.30547297298,30830.50022220062,-1.3403069969075763,0.5076075940661908,1.0,148,0,67,29,0.9511671817338685,56,3.8609351716569047,16,40
A_300,V6,92159.37,2024-04-01 00:00:00,0,144506.03180487806,76560.92735485801,-0.6837166149469533,0.6377500724285793,1.0,205,0,67,29,0.9511671817338685,56,3.8609351716569047,9,40
A_192,V25,141654.74,2024-04-02 00:00:00,0,84963.20919354838,94781.91364408535,0.5981197309393884,1.6672283699752992,4.0,62,0,69,29,0.9229467024750779,58,3.891145363663989,26,40
A_1423,V9,92089.95,2024-04-02 00:00:00,0,188269.0858278146,100038.44686257221,-0.9614121113638237,0.48913745163011363,3.0,151,0,69,29,0.9229467024750779,58,3.891145363663989,4,40
D_602,V33,8440.42,2024-04-02 00:00:00,0,88242.64793103449,64151.09930319075,-1.2439534917459099,0.09564903761227647,11.0,58,0,69,29,0.9229467024750779,58,3.891145363663989,32,40
A_667,V37,88875.71,2024-04-02 00:00:00,0,72052.50544117647,51928.02541711314,0.3239653435375175,1.2334682324728388,5.0,68,0,69,29,0.9229467024750779,58,3.891145363663989,25,40
A_696,V40,15629.69,2024-04-02 00:00:00,0,57973.75227272727,46945.974214180664,-0.9019550882991081,0.269594769917673,1.0,66,0,69,29,0.9229467024750779,58,3.891145363663989,19,40
D_892,V12,52455.67,2024-04-02 00:00:00,0,101944.13491379311,108863.03469822774,-0.4545896636200896,0.5145480463031177,3.0,116,0,69,29,0.9229467024750779,58,3.891145363663989,18,40
A_361,V37,164242.3,2024-04-03 00:00:00,0,72052.50544117647,51928.02541711314,1.775303769295129,2.279449125956616,1.0,68,0,70,28,0.9822055079772536,59,3.906118957957571,25,40
D_925,V19,22586.97,2024-04-03 00:00:00,0,75791.63586956522,77277.72834882235,-0.6884775022359177,0.29801008687533814,10.0,92,0,70,28,0.9822055079772536,59,3.906118957957571,32,40
D_295,V27,36828.05,2024-04-03 00:00:00,0,83207.86098360656,89047.01535564796,-0.5208404791321929,0.4425976940996188,2.0,61,0,70,28,0.9822055079772536,59,3.906118957957571,28,40
A_1411,V4,25076.17,2024-04-03 00:00:00,0,81228.63022988506,33321.06049362434,-1.6851436975402216,0.30870717900639,4.0,174,0,70,28,0.9822055079772536,59,3.906118957957571,16,40
A_1425,V35,48281.49,2024-04-03 00:00:00,0,75008.17954545454,56348.584614378604,-0.4743014474437624,0.6436744181522753,10.0,66,0,70,28,0.9822055079772536,59,3.906118957957571,29,40
A_171,V18,49792.31,2024-04-03 00:00:00,0,93668.06014705882,102265.70386062763,-0.42903260289736245,0.5315769147446011,5.0,136,0,70,28,0.9822055079772536,59,3.906118957957571,23,40
B_271,V12,81347.12,2024-04-03 01:00:00,1,101944.13491379311,108863.03469822774,-0.18919944470998395,0.7979499960325599,1.0,116,0,64,26,1.0021722383365923,55,3.8217173885440716,18,40
B_270,V14,104329.5,2024-04-03 09:00:00,1,101404.49841584158,100941.99680096707,0.028976765866439998,1.028834743971848,4.0,101,0,63,26,1.0055365233350837,54,3.801820112707328,21,40
B_104,V20,64200.12,2024-04-03 11:00:00,1,84574.58505376344,95035.94061676953,-0.21438469001145757,0.7590857333022165,14.0,93,0,62,26,1.0051482040399655,53,3.780024932592583,26,40
B_102,V19,51630.5,2024-04-03 14:00:00,1,75791.63586956522,77277.72834882235,-0.312649242369856,0.6812073416849248,0.0,92,0,61,26,1.008615302559646,51,3.761236245153514,32,40
B_103,V19,92151.07,2024-04-03 15:00:00,1,75791.63586956522,77277.72834882235,0.2116938836854462,1.2158314451365264,0.0,92,0,60,26,1.012802412294479,50,3.7440424985087906,32,40
D_478,V35,39897.99,2024-04-04 00:00:00,0,75008.17954545454,56348.584614378604,-0.6230780543588168,0.5319080976725303,1.0,66,0,69,30,0.9690954239427451,58,3.888955116246237,29,40
A_338,V6,39550.13,2024-04-04 00:00:00,0,144506.03180487806,76560.92735485801,-1.3708628482981677,0.27369000322007114,3.0,205,0,69,30,0.9690954239427451,58,3.888955116246237,9,40
D_933,V3,38207.98,2024-04-04 00:00:00,0,83925.30547297298,30830.50022220062,-1.4828122259212553,0.4552563083133002,3.0,148,0,69,30,0.9690954239427451,58,3.888955116246237,16,40
D_335,V7,48617.06,2024-04-04 00:00:00,0,144842.31624309393,63932.34127505827,-1.5050872412425191,0.3356527678391791,7.0,181,0,69,30,0.9690954239427451,58,3.888955116246237,3,40
D_954,V7,65241.48,2024-04-04 00:00:00,0,144842.31624309393,63932.34127505827,-1.2450598491424045,0.4504279637626061,0.0,181,0,69,30,0.9690954239427451,58,3.888955116246237,3,40
A_395,V33,31397.52,2024-04-04 00:00:00,0,88242.64793103449,64151.09930319075,-0.886099263289536,0.35580487362147883,2.0,58,0,69,30,0.9690954239427451,58,3.888955116246237,32,40
A_630,V3,53043.92,2024-04-04 00:00:00,0,83925.30547297298,30830.50022220062,-1.00161799621857,0.6320297277601703,0.0,148,0,69,30,0.9690954239427451,58,3.888955116246237,16,40
A_189,V27,32608.92,2024-04-04 00:00:00,0,83207.86098360656,89047.01535564796,-0.5682208725429755,0.3918923972102498,1.0,61,0,69,30,0.9690954239427451,58,3.888955116246237,28,40
A_126,V21,91517.96,2024-04-04 00:00:00,0,99317.54854545454,98935.44463436803,-0.07883433222488323,0.9214588950433112,9.0,110,0,69,30,0.9690954239427451,58,3.888955116246237,23,40
B_228,V15,135305.17,2024-04-04 00:00:00,1,101414.6991919192,81219.53730128995,0.4172647945231282,1.3341639517166701,5.0,99,0,69,30,0.9690954239427451,58,3.888955116246237,31,40
D_731,V2,56462.29,2024-04-04 00:00:00,0,89201.08671052632,40922.37405936534,-0.8000023815982011,0.6329705064325267,7.0,152,0,69,30,0.9690954239427451,58,3.888955116246237,20,40
D_508,V10,44253.95,2024-04-04 00:00:00,0,184110.51882978724,99924.56226640988,-1.3996075244182062,0.24036491731358303,3.0,188,0,69,30,0.9690954239427451,58,3.888955116246237,4,40
D_178,V1,128320.14,2024-04-04 00:00:00,0,86403.7311111111,33948.99747755859,1.2346513108460822,1.4851054838072268,6.0,162,0,69,30,0.9690954239427451,58,3.888955116246237,18,40
D_307,V19,30682.96,2024-04-04 00:00:00,0,75791.63586956522,77277.72834882235,-0.5837140029783193,0.40482772037119297,0.0,92,0,69,30,0.9690954239427451,58,3.888955116246237,32,40
D_277,V19,19960.77,2024-04-04 00:00:00,0,75791.63586956522,77277.72834882235,-0.722460980692574,0.26336028257878963,0.0,92,0,69,30,0.9690954239427451,58,3.888955116246237,32,40
B_377,V14,288006.38,2024-04-04 01:00:00,1,101404.49841584158,100941.99680096707,1.8485867023750846,2.840145598604026,0.0,101,0,54,27,1.0945139005401394,39,3.6440832781935946,21,40
B_105,V20,53098.82,2024-04-04 01:00:00,1,84574.58505376344,95035.94061676953,-0.33119505793739173,0.6278268127408858,0.0,93,0,54,27,1.0945139005401394,39,3.6440832781935946,26,40
B_375,V12,81204.92,2024-04-04 03:00:00,1,101944.13491379311,108863.03469822774,-0.19050566122487042,0.7965551280957992,1.0,116,0,52,26,1.067300054508876,38,3.607393119507447,18,40
B_101,V19,62304.42,2024-04-04 05:00:00,1,75791.63586956522,77277.72834882235,-0.17452688673507075,0.8220379102162687,0.0,92,0,51,26,1.0728731071767525,37,3.5832271003386396,32,40
B_227,V12,27783.22,2024-04-04 06:00:00,1,101944.13491379311,108863.03469822774,-0.6812251182805042,0.27253110237672507,0.0,116,0,50,26,1.0767713770786553,35,3.5611954411114173,18,40
B_440,V14,58009.84,2024-04-04 08:00:00,1,101404.49841584158,100941.99680096707,-0.4298927096587432,0.5720581320168108,0.0,101,0,49,26,1.0939426528762506,34,3.546951248653675,21,40
B_442,V14,284383.07,2024-04-04 09:00:00,1,101404.49841584158,100941.99680096707,1.8126920874455892,2.804414695875837,0.0,101,0,48,26,1.1052668071574252,33,3.525076522302224,21,40
B_269,V13,123686.25,2024-04-04 09:00:00,1,91248.5117,99126.94924086498,0.3272310034497083,1.3554730068763754,10.0,100,0,48,26,1.1052668071574252,33,3.525076522302224,24,40
B_148,V16,234327.74,2024-04-04 11:00:00,1,96281.34727272727,92447.62699932391,1.493222746599387,2.433755996166653,8.0,121,0,46,26,1.0617156162376786,31,3.474803085158928,26,40
B_230,V13,555141.16,2024-04-04 12:00:00,1,91248.5117,99126.94924086498,4.67973615768864,6.083771295402998,0.0,100,0,45,26,1.031584657690836,30,3.4483366409426157,24,40
B_473,V18,262127.39,2024-04-04 14:00:00,1,93668.06014705882,102265.70386062763,1.64725490793683,2.798441551441474,1.0,136,0,44,26,0.9242003339434035,29,3.506362239886765,23,40
B_472,V16,137357.89,2024-04-04 14:00:00,1,96281.34727272727,92447.62699932391,0.44431749892373346,1.426615510431243,0.0,121,0,44,26,0.9242003339434035,29,3.506362239886765,26,40
B_229,V15,58840.67,2024-04-04 15:00:00,1,101414.6991919192,81219.53730128995,-0.5241781279282799,0.5801929136104444,0.0,99,0,42,26,0.8696241003214036,27,3.4637264305392605,31,40
B_149,V18,38724.2,2024-04-04 16:00:00,1,93668.06014705882,102265.70386062763,-0.5372604970424987,0.41341505870992695,0.0,136,0,41,26,0.8769589341793697,26,3.4363468141201943,23,40
B_374,V12,27725.68,2024-04-04 17:00:00,1,101944.13491379311,108863.03469822774,-0.6817536674947557,0.2719666811314282,0.0,116,0,40,26,0.8880690152120511,25,3.4133079843601335,18,40
B_471,V16,69333.68,2024-04-04 17:00:00,1,96281.34727272727,92447.62699932391,-0.29148802039996063,0.7201079114077571,0.0,121,0,40,26,0.8880690152120511,25,3.4133079843601335,26,40
B_231,V12,262178.24,2024-04-04 17:00:00,1,101944.13491379311,108863.03469822774,1.4718736590130754,2.5717582327170714,0.0,116,0,40,26,0.8880690152120511,25,3.4133079843601335,18,40
B_376,V14,194503.9,2024-04-04 21:00:00,1,101404.49841584158,100941.99680096707,0.9222967866480708,1.9180804102197933,0.0,101,0,37,25,0.8623846671137131,21,3.3502412691387558,21,40
B_470,V17,55332.4,2024-04-04 22:00:00,1,105661.17514285714,95526.67662806554,-0.526850195873714,0.523672732699186,16.0,105,0,36,25,0.8318543079836946,20,3.324221830530825,24,40
B_443,V13,81472.06,2024-04-04 22:00:00,1,91248.5117,99126.94924086498,-0.09862457334050964,0.8928492709950577,0.0,100,0,36,25,0.8318543079836946,20,3.324221830530825,24,40
D_225,V5,21926.51,2024-04-05 00:00:00,0,144407.3437244898,59983.82205994232,-2.0418637501682633,0.1518368636775767,6.0,196,0,39,25,0.7966478805935847,26,3.4044979284010743,3,40
A_162,V11,55224.87,2024-04-05 00:00:00,0,182570.8592121212,102941.535881061,-1.237058987542873,0.3024829250154974,7.0,165,0,39,25,0.7966478805935847,26,3.4044979284010743,4,40
B_378,V13,238709.53,2024-04-05 00:00:00,1,91248.5117,99126.94924086498,1.4875826588694316,2.6160088481876227,0.0,100,0,39,25,0.7966478805935847,26,3.4044979284010743,24,40
A_53,V18,48566.77,2024-04-05 00:00:00,0,93668.06014705882,102265.70386062763,-0.4410163664659058,0.5184931921357063,0.0,136,0,39,25,0.7966478805935847,26,3.4044979284010743,23,40
A_449,V2,98626.86,2024-04-05 00:00:00,0,89201.08671052632,40922.37405936534,0.23032737417496954,1.1056564216940175,1.0,152,0,39,25,0.7966478805935847,26,3.4044979284010743,20,40
A_201,V19,86644.8,2024-04-05 00:00:00,0,75791.63586956522,77277.72834882235,0.14044180542730397,1.1431823026858539,0.0,92,0,39,25,0.7966478805935847,26,3.4044979284010743,32,40
A_526,V36,63424.07,2024-04-05 00:00:00,0,77526.48523809524,111324.58196102447,-0.1266772200035078,0.8180849643867316,7.0,63,0,39,25,0.7966478805935847,26,3.4044979284010743,20,40
A_73,V28,41787.34,2024-04-05 00:00:00,0,87976.94703125,91319.31227399668,-0.5057977341630535,0.47497516605106754,23.0,64,0,39,25,0.7966478805935847,26,3.4044979284010743,26,40
B_147,V18,61510.51,2024-04-05 05:00:00,1,93668.06014705882,102265.70386062763,-0.31444789880863044,0.6566790560664275,0.0,136,0,31,21,0.8019563149541361,19,3.1704988278000523,23,40
B_441,V13,143274.44,2024-04-05 12:00:00,1,91248.5117,99126.94924086498,0.5248361203719181,1.570139251495852,0.0,100,0,30,20,0.8065627164482883,19,3.1317986069680397,24,40
B_439,V15,61606.47,2024-04-05 21:00:00,1,101414.6991919192,81219.53730128995,-0.4901251643318907,0.6074648253759592,1.0,99,0,29,20,0.7822233815825183,17,3.090294502278228,31,40
D_709,V1,15640.8,2024-04-06 00:00:00,0,86403.7311111111,33948.99747755859,-2.08432802264231,0.18101786555977942,2.0,162,0,38,25,0.8489890905403567,24,3.3216747070894583,18,40
A_1048,V10,111098.99,2024-04-06 00:00:00,0,184110.51882978724,99924.56226640988,-0.7306591744275845,0.6034331295844234,2.0,188,0,38,25,0.8489890905403567,24,3.3216747070894583,4,40
D_434,V32,9960.13,2024-04-06 00:00:00,0,67081.75597222222,63875.16720999454,-0.8942556898323816,0.14847526544860967,6.0,72,0,38,25,0.8489890905403567,24,3.3216747070894583,30,40
A_865,V16,40444.32,2024-04-06 00:00:00,0,96281.34727272727,92447.62699932391,-0.6039789782182013,0.4200595555220346,1.0,121,0,38,25,0.8489890905403567,24,3.3216747070894583,26,40
D_528,V36,115825.37,2024-04-06 00:00:00,0,77526.48523809524,111324.58196102447,0.34402591109124725,1.493991061934846,1.0,63,0,38,25,0.8489890905403567,24,3.3216747070894583,20,40
A_89,V27,45587.07,2024-04-06 00:00:00,0,83207.86098360656,89047.01535564796,-0.42247759069478713,0.5478631657868909,2.0,61,0,38,25,0.8489890905403567,24,3.3216747070894583,28,40
A_1032,V15,81274.85,2024-04-07 00:00:00,0,101414.6991919192,81219.53730128995,-0.24796498350176913,0.8014030435879101,1.0,99,0,38,24,0.8675203936072572,26,3.323403881263754,31,40
A_489,V40,171215.82,2024-04-07 00:00:00,0,57973.75227272727,46945.974214180664,2.4121270778951964,2.9532824770782864,5.0,66,0,38,24,0.8675203936072572,26,3.323403881263754,19,40
D_299,V28,8358.21,2024-04-07 00:00:00,0,87976.94703125,91319.31227399668,-0.8718622949115924,0.09500346714195479,2.0,64,0,38,24,0.8675203936072572,26,3.323403881263754,26,40
A_86,V14,54387.86,2024-04-07 00:00:00,0,101404.49841584158,100941.99680096707,-0.4657741488351685,0.5363403449482333,2.0,101,0,38,24,0.8675203936072572,26,3.323403881263754,21,40
A_1029,V31,115638.61,2024-04-07 00:00:00,0,67268.36175438597,41034.01405489689,1.1787554935622544,1.719038310817039,20.0,57,0,38,24,0.8675203936072572,26,3.323403881263754,18,40
D_807,V35,326437.71,2024-04-07 00:00:00,0,75008.17954545454,56348.584614378604,4.461958897748268,4.351970145229801,3.0,66,0,38,24,0.8675203936072572,26,3.323403881263754,29,40
A_735,V7,82246.33,2024-04-07 00:00:00,0,144842.31624309393,63932.34127505827,-0.9790820406802971,0.5678296529883647,3.0,181,0,38,24,0.8675203936072572,26,3.323403881263754,3,40
A_1190,V21,124686.7,2024-04-08 00:00:00,0,99317.54854545454,98935.44463436803,0.2564186690587105,1.2554220921073505,4.0,110,0,37,24,0.7751723154208608,24,3.3499487994803334,23,40
A_127,V26,15352.59,2024-04-08 00:00:00,0,82902.77408450704,83596.62150892465,-0.8080395454468231,0.18518565854855423,0.0,71,0,37,24,0.7751723154208608,24,3.3499487994803334,30,40
A_43,V26,27262.6,2024-04-08 00:00:00,0,82902.77408450704,83596.62150892465,-0.6655712576531504,0.3288463076748493,13.0,71,0,37,24,0.7751723154208608,24,3.3499487994803334,30,40
A_125,V14,50503.9,2024-04-08 00:00:00,0,101404.49841584158,100941.99680096707,-0.5042509141689553,0.4980390687780524,1.0,101,0,37,24,0.7751723154208608,24,3.3499487994803334,21,40
D_669,V34,110391.08,2024-04-08 00:00:00,0,87031.30054545455,69584.65178653522,0.3356982201762685,1.2683920717727761,9.0,55,0,37,24,0.7751723154208608,24,3.3499487994803334,32,40
A_1233,V4,88909.11,2024-04-08 00:00:00,0,81228.63022988506,33321.06049362434,0.2304923422002813,1.0945403758256873,5.0,174,0,37,24,0.7751723154208608,24,3.3499487994803334,16,40
A_603,V13,25401.04,2024-04-08 00:00:00,0,91248.5117,99126.94924086498,-0.664267466484162,0.2783690512614546,2.0,100,0,37,24,0.7751723154208608,24,3.3499487994803334,24,40
A_211,V1,126204.51,2024-04-08 00:00:00,0,86403.7311111111,33948.99747755859,1.172335253196933,1.460620366235604,2.0,162,0,37,24,0.7751723154208608,24,3.3499487994803334,18,40
A_265,V8,64660.26,2024-04-08 00:00:00,0,179937.1240782123,101867.69807590247,-1.1316220414667455,0.3593471941048726,9.0,179,0,37,24,0.7751723154208608,24,3.3499487994803334,4,40
A_863,V40,47289.32,2024-04-08 00:00:00,0,57973.75227272727,46945.974214180664,-0.22758510961713835,0.815688177114403,1.0,66,0,37,24,0.7751723154208608,24,3.3499487994803334,19,40
A_1493,V17,95618.27,2024-04-09 00:00:00,0,105661.17514285714,95526.67662806554,-0.10513084267671371,0.9049432294075188,4.0,105,0,34,23,0.7325109807963802,20,3.2180580991879593,24,40
A_1105,V7,22034.8,2024-04-09 00:00:00,0,144842.31624309393,63932.34127505827,-1.9208681072172227,0.15212852461219872,2.0,181,0,34,23,0.7325109807963802,20,3.2180580991879593,3,40
A_174,V35,97671.46,2024-04-09 00:00:00,0,75008.17954545454,56348.584614378604,0.4021907279288538,1.3021267609094755,2.0,66,0,34,23,0.7325109807963802,20,3.2180580991879593,29,40
A_1315,V35,33742.7,2024-04-09 00:00:00,0,75008.17954545454,56348.584614378604,-0.7323120450283659,0.44984760804579105,0.0,66,0,34,23,0.7325109807963802,20,3.2180580991879593,29,40
A_1332,V8,69838.59,2024-04-09 00:00:00,0,179937.1240782123,101867.69807590247,-1.0807886638168063,0.38812558682474535,1.0,179,0,34,23,0.7325109807963802,20,3.2180580991879593,4,40
D_27,V24,22351.08,2024-04-10 00:00:00,0,69961.0374137931,66357.40093125252,-0.7174669182145776,0.31947440106416136,15.0,58,0,35,22,0.7283297412029186,24,3.219196777508049,31,40
A_897,V15,62559.9,2024-04-10 00:00:00,0,101414.6991919192,81219.53730128995,-0.4783863845641181,0.6168660325617986,3.0,99,0,35,22,0.7283297412029186,24,3.219196777508049,31,40
A_867,V29,60001.94,2024-04-10 00:00:00,0,74548.44014492753,60050.95281301047,-0.24223192525016402,0.8048610409864042,25.0,69,0,35,22,0.7283297412029186,24,3.219196777508049,30,40
A_185,V5,262477.95,2024-04-10 00:00:00,0,144407.3437244898,59983.82205994232,1.9683413607116025,1.8176093100324586,5.0,196,0,35,22,0.7283297412029186,24,3.219196777508049,3,40
A_1327,V9,139068.11,2024-04-10 00:00:00,0,188269.0858278146,100038.44686257221,-0.4918157523941906,0.7386628066191404,8.0,151,0,35,22,0.7283297412029186,24,3.219196777508049,4,40
A_77,V29,28617.59,2024-04-10 00:00:00,0,74548.44014492753,60050.95281301047,-0.7648518989540078,0.38387397604014317,0.0,69,0,35,22,0.7283297412029186,24,3.219196777508049,30,40
A_358,V39,39285.94,2024-04-10 00:00:00,0,59686.60327868852,62062.45272865382,-0.3287065476018839,0.6581926202760945,13.0,61,0,35,22,0.7283297412029186,24,3.219196777508049,26,40
D_806,V39,12611.86,2024-04-10 00:00:00,0,59686.60327868852,62062.45272865382,-0.7584937867460083,0.21129781239688458,0.0,61,0,35,22,0.7283297412029186,24,3.219196777508049,26,40
A_1322,V4,87997.75,2024-04-10 00:00:00,0,81228.63022988506,33321.06049362434,0.2031422928185999,1.0833208245680883,2.0,174,0,35,22,0.7283297412029186,24,3.219196777508049,16,40
D_829,V1,249847.17,2024-04-10 00:00:00,0,86403.7311111111,33948.99747755859,4.814240089323343,2.8915913143542116,2.0,162,0,35,22,0.7283297412029186,24,3.219196777508049,18,40
A_633,V24,27846.42,2024-04-11 00:00:00,0,69961.0374137931,66357.40093125252,-0.6346538919378718,0.39802185627187064,1.0,58,0,28,20,0.6085556683160209,16,3.0713592335744035,31,40
D_75,V2,109583.44,2024-04-11 00:00:00,0,89201.08671052632,40922.37405936534,0.49806140764214846,1.2284851626354227,6.0,152,0,28,20,0.6085556683160209,16,3.0713592335744035,20,40
A_736,V19,18410.02,2024-04-11 00:00:00,0,75791.63586956522,77277.72834882235,-0.7425279516836104,0.24289985153284008,6.0,92,0,28,20,0.6085556683160209,16,3.0713592335744035,32,40
D_868,V14,127047.6,2024-04-11 00:00:00,0,101404.49841584158,100941.99680096707,0.25403546949096284,1.2528669745205119,3.0,101,0,28,20,0.6085556683160209,16,3.0713592335744035,21,40
A_1072,V22,28461.98,2024-04-11 00:00:00,0,85951.16571428571,86159.38158415664,-0.6672345764640504,0.3311374386377965,20.0,91,0,28,20,0.6085556683160209,16,3.0713592335744035,29,40
A_1349,V16,29850.46,2024-04-11 00:00:00,0,96281.34727272727,92447.62699932391,-0.718570836895318,0.3100304556913869,5.0,121,0,28,20,0.6085556683160209,16,3.0713592335744035,26,40
D_913,V1,91293.31,2024-04-12 00:00:00,0,86403.7311111111,33948.99747755859,0.14402295293603398,1.0565776760835293,2.0,162,0,37,24,0.6493390514387484,24,3.2618697056250023,18,40
A_1447,V32,29114.45,2024-04-12 00:00:00,0,67081.75597222222,63875.16720999454,-0.5943892320183165,0.4340079589463465,6.0,72,0,37,24,0.6493390514387484,24,3.2618697056250023,30,40
A_1167,V10,123063.44,2024-04-12 00:00:00,0,184110.51882978724,99924.56226640988,-0.6109255474293017,0.668417928341427,0.0,188,0,37,24,0.6493390514387484,24,3.2618697056250023,4,40
A_280,V10,169792.37,2024-04-12 00:00:00,0,184110.51882978724,99924.56226640988,-0.1432881487483039,0.9222256764769541,6.0,188,0,37,24,0.6493390514387484,24,3.2618697056250023,4,40
D_960,V14,61556.31,2024-04-12 00:00:00,0,101404.49841584158,100941.99680096707,-0.3947593164329337,0.6070312849069698,1.0,101,0,37,24,0.6493390514387484,24,3.2618697056250023,21,40
A_514,V5,131972.47,2024-04-12 00:00:00,0,144407.3437244898,59983.82205994232,-0.20730033527587577,0.9138839667864647,2.0,196,0,37,24,0.6493390514387484,24,3.2618697056250023,3,40
D_168,V32,10561.05,2024-04-13 00:00:00,0,67081.75597222222,63875.16720999454,-0.8848481122295416,0.15743315621041484,1.0,72,0,44,29,0.6344394825698929,27,3.4352243333222545,30,40
A_135,V11,26901.06,2024-04-13 00:00:00,0,182570.8592121212,102941.535881061,-1.512200936957497,0.14734505151062186,8.0,165,0,44,29,0.6344394825698929,27,3.4352243333222545,4,40
A_1373,V27,58173.28,2024-04-13 00:00:00,0,83207.86098360656,89047.01535564796,-0.28113575449852757,0.6991236187148511,7.0,61,0,44,29,0.6344394825698929,27,3.4352243333222545,28,40
A_379,V29,19353.19,2024-04-13 00:00:00,0,74548.44014492753,60050.95281301047,-0.9191249836086809,0.2596020836960882,3.0,69,0,44,29,0.6344394825698929,27,3.4352243333222545,30,40
A_943,V35,102608.09,2024-04-13 00:00:00,0,75008.17954545454,56348.584614378604,0.48979793983260084,1.3679404390474754,4.0,66,0,44,29,0.6344394825698929,27,3.4352243333222545,29,40
A_497,V30,17216.27,2024-04-13 00:00:00,0,73122.4169117647,57615.25065897187,-0.9703190726982703,0.2354412680246361,14.0,68,0,44,29,0.6344394825698929,27,3.4352243333222545,29,40
A_821,V37,49142.21,2024-04-13 00:00:00,0,72052.50544117647,51928.02541711314,-0.4411847758965724,0.6820238612834604,10.0,68,0,44,29,0.6344394825698929,27,3.4352243333222545,25,40
D_787,V27,6661.95,2024-04-14 00:00:00,0,83207.86098360656,89047.01535564796,-0.8596026613045853,0.08006298753822033,1.0,61,0,50,28,0.6671901715095603,36,3.558659025751171,28,40
D_778,V6,64340.13,2024-04-14 00:00:00,0,144506.03180487806,76560.92735485801,-1.04707267142474,0.44523874856744583,10.0,205,0,50,28,0.6671901715095603,36,3.558659025751171,9,40
D_401,V16,44568.86,2024-04-14 00:00:00,0,96281.34727272727,92447.62699932391,-0.559364578482117,0.46289752236466797,3.0,121,0,50,28,0.6671901715095603,36,3.558659025751171,26,40
A_674,V34,116611.76,2024-04-14 00:00:00,0,87031.30054545455,69584.65178653522,0.425094235594546,1.3398676039718944,6.0,55,0,50,28,0.6671901715095603,36,3.558659025751171,32,40
A_1432,V2,20570.44,2024-04-14 00:00:00,0,89201.08671052632,40922.37405936534,-1.677052498432009,0.23060491921847134,3.0,152,0,50,28,0.6671901715095603,36,3.558659025751171,20,40
A_264,V39,36831.1,2024-04-14 00:00:00,0,59686.60327868852,62062.45272865382,-0.3682602606499277,0.6170644820169979,4.0,61,0,50,28,0.6671901715095603,36,3.558659025751171,26,40
A_1003,V25,65189.49,2024-04-15 00:00:00,0,84963.20919354838,94781.91364408535,-0.20862113679897729,0.7672582446038945,13.0,62,0,51,26,0.7213506707259325,41,3.5654755785951213,26,40
D_885,V30,36343.02,2024-04-15 00:00:00,0,73122.4169117647,57615.25065897187,-0.6383510987110282,0.49700932389215025,2.0,68,0,51,26,0.7213506707259325,41,3.5654755785951213,29,40
A_645,V25,30177.85,2024-04-15 00:00:00,0,84963.20919354838,94781.91364408535,-0.5780088107363969,0.35518308575384827,0.0,62,0,51,26,0.7213506707259325,41,3.5654755785951213,26,40
B_295,V15,398543.4,2024-04-15 01:00:00,1,101414.6991919192,81219.53730128995,3.658295188393956,3.9297998552058098,5.0,99,0,48,26,0.7302841224127755,36,3.499268203643312,31,40
B_303,V18,49134.63,2024-04-15 01:00:00,1,93668.06014705882,102265.70386062763,-0.43546363054538667,0.5245555994995517,9.0,136,0,48,26,0.7302841224127755,36,3.499268203643312,23,40
B_302,V16,45989.26,2024-04-15 02:00:00,1,96281.34727272727,92447.62699932391,-0.5440003697739617,0.4776499670259578,1.0,121,0,46,26,0.6651640451964774,34,3.519938230926285,26,40
B_301,V18,33089.58,2024-04-15 11:00:00,1,93668.06014705882,102265.70386062763,-0.5923578042528594,0.35326051044015955,0.0,136,0,45,26,0.6690967561313514,33,3.4946489004208243,23,40
B_293,V14,27507.54,2024-04-15 20:00:00,1,101404.49841584158,100941.99680096707,-0.7320662230936817,0.2712628055650163,3.0,101,0,44,26,0.6756752861443933,31,3.4725345697566885,21,40
D_48,V28,149711.36,2024-04-16 00:00:00,0,87976.94703125,91319.31227399668,0.6760206073707082,1.7016919017992327,9.0,64,0,52,31,0.706578855408917,34,3.6090934018209357,26,40
D_427,V9,31149.23,2024-04-16 00:00:00,0,188269.0858278146,100038.44686257221,-1.5705790141328528,0.1654497041473069,6.0,151,0,52,31,0.706578855408917,34,3.6090934018209357,4,40
A_702,V16,24159.88,2024-04-16 00:00:00,0,96281.34727272727,92447.62699932391,-0.78012480675624,0.250927409689808,0.0,121,0,52,31,0.706578855408917,34,3.6090934018209357,26,40
D_412,V38,31923.62,2024-04-16 00:00:00,0,71190.65382978723,52355.46745943829,-0.7499939498440813,0.44841801366669287,21.0,47,0,52,31,0.706578855408917,34,3.6090934018209357,25,40
D_346,V29,22380.07,2024-04-16 00:00:00,0,74548.44014492753,60050.95281301047,-0.8687206277432674,0.3002044006835211,3.0,69,0,52,31,0.706578855408917,34,3.6090934018209357,30,40
A_757,V25,108813.52,2024-04-16 00:00:00,0,84963.20919354838,94781.91364408535,0.25163090993394394,1.2806983203024103,1.0,62,0,52,31,0.706578855408917,34,3.6090934018209357,26,40
D_976,V7,81791.9,2024-04-16 00:00:00,0,144842.31624309393,63932.34127505827,-0.9861899125815158,0.5646922627946929,7.0,181,0,52,31,0.706578855408917,34,3.6090934018209357,3,40
A_1065,V15,47786.68,2024-04-16 00:00:00,0,101414.6991919192,81219.53730128995,-0.6602765873486467,0.4711960808904786,0.0,99,0,52,31,0.706578855408917,34,3.6090934018209357,31,40
A_0,V8,84770.25,2024-04-16 00:00:00,0,179937.1240782123,101867.69807590247,-0.934211154905537,0.4711077790449431,7.0,179,0,52,31,0.706578855408917,34,3.6090934018209357,4,40
D_175,V6,56643.38,2024-04-16 00:00:00,0,144506.03180487806,76560.92735485801,-1.1476024029233505,0.39197663457985377,2.0,205,0,52,31,0.706578855408917,34,3.6090934018209357,9,40
B_294,V13,7671.71,2024-04-16 06:00:00,1,91248.5117,99126.94924086498,-0.8431204553311378,0.08407398414604338,8.0,100,0,42,28,0.754879216189709,23,3.3623542153825197,24,40
B_292,V12,107890.5,2024-04-16 06:00:00,1,101944.13491379311,108863.03469822774,0.05462194289133484,1.058319262525224,11.0,116,0,42,28,0.754879216189709,23,3.3623542153825197,18,40
A_1249,V30,26349.01,2024-04-17 00:00:00,0,73122.4169117647,57615.25065897187,-0.8118092790975675,0.36033614282267973,2.0,68,0,49,29,0.7548752222826685,32,3.558529515711283,29,40
A_1089,V28,143013.89,2024-04-17 00:00:00,0,87976.94703125,91319.31227399668,0.6026801879916666,1.6255652106680905,1.0,64,0,49,29,0.7548752222826685,32,3.558529515711283,26,40
A_516,V7,24542.26,2024-04-17 00:00:00,0,144842.31624309393,63932.34127505827,-1.8816481955093045,0.16944005865489953,1.0,181,0,49,29,0.7548752222826685,32,3.558529515711283,3,40
A_706,V33,128842.83,2024-04-17 00:00:00,0,88242.64793103449,64151.09930319075,0.6328737876072307,1.4600805046125835,13.0,58,0,49,29,0.7548752222826685,32,3.558529515711283,32,40
D_773,V26,22180.31,2024-04-17 00:00:00,0,82902.77408450704,83596.62150892465,-0.7263659298969944,0.26754282594409695,9.0,71,0,49,29,0.7548752222826685,32,3.558529515711283,30,40
D_812,V1,28938.85,2024-04-17 00:00:00,0,86403.7311111111,33948.99747755859,-1.6926328536282271,0.334922053779514,5.0,162,0,49,29,0.7548752222826685,32,3.558529515711283,18,40
D_936,V4,89765.55,2024-04-17 00:00:00,0,81228.63022988506,33321.06049362434,0.2561942341995432,1.1050838191181929,7.0,174,0,49,29,0.7548752222826685,32,3.558529515711283,16,40
D_657,V4,85500.65,2024-04-17 00:00:00,0,81228.63022988506,33321.06049362434,0.12820394978072605,1.0525795791268244,0.0,174,0,49,29,0.7548752222826685,32,3.558529515711283,16,40
A_1407,V2,61633.78,2024-04-17 00:00:00,0,89201.08671052632,40922.37405936534,-0.6736323029116784,0.6909454954793887,3.0,152,0,49,29,0.7548752222826685,32,3.558529515711283,20,40
D_616,V36,26201.76,2024-04-17 00:00:00,0,77526.48523809524,111324.58196102447,-0.46103262461330974,0.3379673662770252,11.0,63,0,49,29,0.7548752222826685,32,3.558529515711283,20,40
D_838,V10,115552.9,2024-04-17 00:00:00,0,184110.51882978724,99924.56226640988,-0.6860868958335897,0.627624500272738,5.0,188,0,49,29,0.7548752222826685,32,3.558529515711283,4,40
B_23,V16,9469.59,2024-04-17 09:00:00,1,96281.34727272727,92447.62699932391,-0.9390270044071303,0.09835229684603188,1.0,121,0,38,25,0.7714407324778264,21,3.272358432444215,26,40
B_65,V15,30569.17,2024-04-17 09:00:00,1,101414.6991919192,81219.53730128995,-0.8722612721597204,0.30142443668559504,1.0,99,0,38,25,0.7714407324778264,21,3.272358432444215,31,40
B_19,V16,7280.03,2024-04-17 18:00:00,1,96281.34727272727,92447.62699932391,-0.9627110770761166,0.07561126422664734,0.0,121,0,36,25,0.8041033427569078,18,3.235944477735931,26,40
A_1336,V5,49458.35,2024-04-18 00:00:00,0,144407.3437244898,59983.82205994232,-1.582883643959268,0.3424895592900045,0.0,196,0,43,30,0.8754142010806162,23,3.4201998713944595,3,40
A_1438,V4,185729.91,2024-04-18 00:00:00,0,81228.63022988506,33321.06049362434,3.136098975335263,2.286479816224356,1.0,174,0,43,30,0.8754142010806162,23,3.4201998713944595,16,40
A_1164,V31,76167.59,2024-04-18 00:00:00,0,67268.36175438597,41034.01405489689,0.2168691409172806,1.132277577987186,11.0,57,0,43,30,0.8754142010806162,23,3.4201998713944595,18,40
A_1226,V29,16970.97,2024-04-18 00:00:00,0,74548.44014492753,60050.95281301047,-0.9587943013978584,0.22764718242025234,2.0,69,0,43,30,0.8754142010806162,23,3.4201998713944595,30,40
D_82,V26,42132.17,2024-04-18 00:00:00,0,82902.77408450704,83596.62150892465,-0.4877005272231876,0.508205693471241,1.0,71,0,43,30,0.8754142010806162,23,3.4201998713944595,30,40
D_31,V16,27124.09,2024-04-18 00:00:00,0,96281.34727272727,92447.62699932391,-0.7480614857939755,0.28171405006536554,0.0,121,0,43,30,0.8754142010806162,23,3.4201998713944595,26,40
A_1444,V2,64780.57,2024-04-18 00:00:00,0,89201.08671052632,40922.37405936534,-0.5967376168714922,0.7262225850189169,1.0,152,0,43,30,0.8754142010806162,23,3.4201998713944595,20,40
A_1220,V37,28206.7,2024-04-18 00:00:00,0,72052.50544117647,51928.02541711314,-0.8443410036870661,0.3914688095644087,5.0,68,0,43,30,0.8754142010806162,23,3.4201998713944595,25,40
A_801,V14,187189.67,2024-04-18 00:00:00,0,101404.49841584158,100941.99680096707,0.8498377728303841,1.8459518756308113,2.0,101,0,43,30,0.8754142010806162,23,3.4201998713944595,21,40
A_1491,V5,115415.29,2024-04-18 00:00:00,0,144407.3437244898,59983.82205994232,-0.48332315957390504,0.799228680443809,6.0,196,0,43,30,0.8754142010806162,23,3.4201998713944595,3,40
B_22,V17,28741.44,2024-04-18 02:00:00,1,105661.17514285714,95526.67662806554,-0.8052088971277097,0.27201257177548216,9.0,105,0,33,24,0.8887191119738833,17,3.134738522781902,24,40
B_64,V15,82246.2,2024-04-18 05:00:00,1,101414.6991919192,81219.53730128995,-0.23600556988207416,0.8109809492547815,0.0,99,0,32,24,0.9102301817882482,15,3.1093657182336334,31,40
B_20,V18,7729.6,2024-04-18 05:00:00,1,93668.06014705882,102265.70386062763,-0.8403366580014011,0.08252031127316385,2.0,136,0,32,24,0.9102301817882482,15,3.1093657182336334,23,40
B_63,V13,50056.92,2024-04-18 08:00:00,1,91248.5117,99126.94924086498,-0.4155396335286939,0.5485719218374732,2.0,100,0,30,24,0.9411371378237453,12,3.055745249660799,24,40
B_21,V16,292140.86,2024-04-18 09:00:00,1,96281.34727272727,92447.62699932391,2.1185767607852632,3.034209990461576,0.0,121,0,29,23,0.9541965454985081,12,3.019205933717318,26,40
D_421,V38,123785.22,2024-04-19 00:00:00,0,71190.65382978723,52355.46745943829,1.004547646591301,1.7387602807480664,3.0,47,0,35,23,0.934347834161541,21,3.22622854276934,25,40
A_1110,V6,78571.93,2024-04-19 00:00:00,0,144506.03180487806,76560.92735485801,-0.8611865464054885,0.5437239213804658,3.0,205,0,35,23,0.934347834161541,21,3.22622854276934,9,40
A_1478,V21,94401.77,2024-04-20 00:00:00,0,99317.54854545454,98935.44463436803,-0.04968622597690275,0.9504948610560463,12.0,110,0,43,24,0.8422533299795241,31,3.4416431242689307,23,40
A_954,V32,28286.0,2024-04-20 00:00:00,0,67081.75597222222,63875.16720999454,-0.6073588580335476,0.4216582874399604,7.0,72,0,43,24,0.8422533299795241,31,3.4416431242689307,30,40
A_1348,V27,51020.36,2024-04-20 00:00:00,0,83207.86098360656,89047.01535564796,-0.36146230609467517,0.6131601778571613,6.0,61,0,43,24,0.8422533299795241,31,3.4416431242689307,28,40
D_66,V29,8220.29,2024-04-20 00:00:00,0,74548.44014492753,60050.95281301047,-1.1045127933051544,0.11026628750020631,2.0,69,0,43,24,0.8422533299795241,31,3.4416431242689307,30,40
D_404,V4,21790.85,2024-04-20 00:00:00,0,81228.63022988506,33321.06049362434,-1.7837366402133974,0.2682623315941547,0.0,174,0,43,24,0.8422533299795241,31,3.4416431242689307,16,40
A_327,V4,274029.11,2024-04-20 00:00:00,0,81228.63022988506,33321.06049362434,5.7859711228543125,3.373511725025462,2.0,174,0,43,24,0.8422533299795241,31,3.4416431242689307,16,40
D_105,V30,27869.87,2024-04-20 00:00:00,0,73122.4169117647,57615.25065897187,-0.785412906848323,0.3811346785617189,3.0,68,0,43,24,0.8422533299795241,31,3.4416431242689307,29,40
A_292,V23,16755.63,2024-04-20 00:00:00,0,74902.77192307693,98110.10534391222,-0.5926662605548246,0.2236954103887764,19.0,52,0,43,24,0.8422533299795241,31,3.4416431242689307,26,40
D_804,V20,80636.08,2024-04-20 00:00:00,0,84574.58505376344,95035.94061676953,-0.04144183333557854,0.9534203038470364,15.0,93,0,43,24,0.8422533299795241,31,3.4416431242689307,26,40
B_181,V17,128039.42,2024-04-20 12:00:00,1,105661.17514285714,95526.67662806554,0.23425928115337666,1.2117810354262386,2.0,105,0,36,22,0.884566590626937,23,3.2744458880798,24,40
B_183,V18,36392.58,2024-04-20 15:00:00,1,93668.06014705882,102265.70386062763,-0.5600599020490158,0.38852295456860864,2.0,136,0,35,22,0.8750638516006491,21,3.23588322414874,23,40
B_184,V18,133495.1,2024-04-20 16:00:00,1,93668.06014705882,102265.70386062763,0.3894428816950898,1.4251781729251365,0.0,136,0,34,22,0.887920263984873,20,3.2101004306758685,23,40
B_182,V16,110616.19,2024-04-21 00:00:00,1,96281.34727272727,92447.62699932391,0.15505738908786132,1.1488730087424126,2.0,121,0,42,27,1.0020441686918102,23,3.3930011425119373,26,40
D_546,V40,101553.22,2024-04-21 00:00:00,0,57973.75227272727,46945.974214180664,0.928269999435006,1.751680102439577,13.0,66,0,42,27,1.0020441686918102,23,3.3930011425119373,19,40
A_1446,V10,32793.67,2024-04-21 00:00:00,0,184110.51882978724,99924.56226640988,-1.5142956956935993,0.17811851321653613,4.0,188,0,42,27,1.0020441686918102,23,3.3930011425119373,4,40
A_109,V36,108356.39,2024-04-21 00:00:00,0,77526.48523809524,111324.58196102447,0.2769345932788246,1.3976512931797787,4.0,63,0,42,27,1.0020441686918102,23,3.3930011425119373,20,40
A_99,V30,25295.83,2024-04-21 00:00:00,0,73122.4169117647,57615.25065897187,-0.8300884969910352,0.3459333694775716,1.0,68,0,42,27,1.0020441686918102,23,3.3930011425119373,29,40
D_681,V9,25608.74,2024-04-21 00:00:00,0,188269.0858278146,100038.44686257221,-1.6259620672559993,0.13602129030429658,5.0,151,0,42,27,1.0020441686918102,23,3.3930011425119373,4,40
A_436,V32,328040.85,2024-04-22 00:00:00,0,67081.75597222222,63875.16720999454,4.085390614779187,4.890092025077739,2.0,72,0,49,28,1.017496502265592,32,3.5518117451743954,30,40
D_187,V39,9118.65,2024-04-22 00:00:00,0,59686.60327868852,62062.45272865382,-0.8147782802187221,0.15277292937067583,8.0,61,0,49,28,1.017496502265592,32,3.5518117451743954,26,40
A_349,V15,93623.49,2024-04-22 00:00:00,0,101414.6991919192,81219.53730128995,-0.0959265901309846,0.9231656513339892,3.0,99,0,49,28,1.017496502265592,32,3.5518117451743954,31,40
A_487,V10,139429.52,2024-04-22 00:00:00,0,184110.51882978724,99924.56226640988,-0.4471428312873935,0.7573101394535985,1.0,188,0,49,28,1.017496502265592,32,3.5518117451743954,4,40
A_921,V22,49327.19,2024-04-22 00:00:00,0,85951.16571428571,86159.38158415664,-0.4250674734827336,0.5738911822648997,11.0,91,0,49,28,1.017496502265592,32,3.5518117451743954,29,40
A_76,V24,106139.7,2024-04-22 00:00:00,0,69961.0374137931,66357.40093125252,0.5452009403253717,1.5171041885506098,11.0,58,0,49,28,1.017496502265592,32,3.5518117451743954,31,40
D_978,V25,38869.05,2024-04-22 00:00:00,0,84963.20919354838,94781.91364408535,-0.4863129589646746,0.457475569641993,6.0,62,0,49,28,1.017496502265592,32,3.5518117451743954,26,40
D_227,V33,53043.08,2024-04-22 00:00:00,0,88242.64793103449,64151.09930319075,-0.548689260575511,0.6010979967810831,5.0,58,0,49,28,1.017496502265592,32,3.5518117451743954,32,40
A_919,V30,15116.62,2024-04-23 00:00:00,0,73122.4169117647,57615.25065897187,-1.0067610482865075,0.20672748400475682,2.0,68,0,44,26,0.9586649071637093,29,3.443433301220174,29,40
D_625,V18,35180.34,2024-04-23 00:00:00,0,93668.06014705882,102265.70386062763,-0.5719136135136199,0.3755812212140003,2.0,136,0,44,26,0.9586649071637093,29,3.443433301220174,23,40
A_437,V10,234406.68,2024-04-23 00:00:00,0,184110.51882978724,99924.56226640988,0.503336283824143,1.2731776995262913,1.0,188,0,44,26,0.9586649071637093,29,3.443433301220174,4,40
A_133,V23,205675.76,2024-04-23 00:00:00,0,74902.77192307693,98110.10534391222,1.332907091592945,2.7458665260705497,3.0,52,0,44,26,0.9586649071637093,29,3.443433301220174,26,40
A_567,V21,28493.21,2024-04-23 00:00:00,0,99317.54854545454,98935.44463436803,-0.7158569201389309,0.28688709629057535,3.0,110,0,44,26,0.9586649071637093,29,3.443433301220174,23,40
A_1061,V17,148513.11,2024-04-23 00:00:00,0,105661.17514285714,95526.67662806554,0.44858135746340516,1.4055465903404658,2.0,105,0,44,26,0.9586649071637093,29,3.443433301220174,24,40
D_525,V25,149107.6,2024-04-23 00:00:00,0,84963.20919354838,94781.91364408535,0.6767505696999047,1.7549460109766108,1.0,62,0,44,26,0.9586649071637093,29,3.443433301220174,26,40
B_46,V20,129604.43,2024-04-23 10:00:00,1,84574.58505376344,95035.94061676953,0.4738141258967559,1.532409499947442,3.0,93,0,39,25,0.9328092601092688,23,3.326440547774945,26,40
B_47,V21,41580.62,2024-04-23 12:00:00,1,99317.54854545454,98935.44463436803,-0.5835759386627299,0.41865915892810335,0.0,110,0,38,24,0.9200961483990474,23,3.289908738878986,23,40
B_404,V14,54033.25,2024-04-23 13:00:00,1,101404.49841584158,100941.99680096707,-0.469287121614243,0.532843394530951,5.0,101,0,37,24,0.9328995595106376,22,3.264873474755979,21,40
B_402,V15,121020.73,2024-04-23 18:00:00,1,101414.6991919192,81219.53730128995,0.24139252779566897,1.1933135694403705,1.0,99,0,37,24,0.9398033468541173,23,3.269072377862345,31,40
B_49,V22,64345.49,2024-04-23 23:00:00,1,85951.16571428571,86159.38158415664,-0.2507611423840144,0.7486197638566939,1.0,91,0,37,24,0.9437161953445528,23,3.269094370957304,29,40
A_569,V10,32560.13,2024-04-24 00:00:00,0,184110.51882978724,99924.56226640988,-1.5166328354074332,0.17685004288135897,1.0,188,0,43,26,0.9374966215149332,31,3.43761183718417,4,40
D_329,V15,57900.05,2024-04-24 00:00:00,0,101414.6991919192,81219.53730128995,-0.5357591889659672,0.5709180182294052,0.0,99,0,43,26,0.9374966215149332,31,3.43761183718417,31,40
D_862,V21,24460.58,2024-04-24 00:00:00,0,99317.54854545454,98935.44463436803,-0.7566167232115304,0.2462841066269235,0.0,110,0,43,26,0.9374966215149332,31,3.43761183718417,23,40
A_820,V11,31595.21,2024-04-24 00:00:00,0,182570.8592121212,102941.535881061,-1.46660122484798,0.17305629759343738,11.0,165,0,43,26,0.9374966215149332,31,3.43761183718417,4,40
D_237,V3,100625.53,2024-04-24 00:00:00,0,83925.30547297298,30830.50022220062,0.5416611065523762,1.1989748557727793,20.0,148,0,43,26,0.9374966215149332,31,3.43761183718417,16,40
B_198,V13,301885.65,2024-04-24 05:00:00,1,91248.5117,99126.94924086498,2.124901603564759,3.30835359418148,5.0,100,0,38,25,1.0336846201324554,24,3.322557125913123,24,40
B_403,V14,16052.52,2024-04-24 10:00:00,1,101404.49841584158,100941.99680096707,-0.8455463095090503,0.1583002919050026,0.0,101,0,37,25,0.9773988075241833,22,3.3059700122041047,21,40
B_45,V22,87304.64,2024-04-24 18:00:00,1,85951.16571428571,86159.38158415664,0.015708777756424937,1.0157351972981117,0.0,91,0,39,26,1.1647295446465697,23,3.290645057749691,29,40
B_48,V19,166890.57,2024-04-24 18:00:00,1,75791.63586956522,77277.72834882235,1.178835833312765,2.2019364821565133,13.0,92,0,39,26,1.1647295446465697,23,3.290645057749691,32,40
B_199,V12,495567.57,2024-04-24 18:00:00,1,101944.13491379311,108863.03469822774,3.6157343991276387,4.861120350854036,8.0,116,0,39,26,1.1647295446465697,23,3.290645057749691,18,40
B_405,V15,169403.53,2024-04-24 20:00:00,1,101414.6991919192,81219.53730128995,0.837089153398164,1.6703876357389258,0.0,99,0,36,26,1.0407564493163453,18,3.2375407228485558,31,40
A_1043,V35,50179.03,2024-04-25 00:00:00,0,75008.17954545454,56348.584614378604,-0.44062701997485415,0.6689718552326278,12.0,66,0,44,27,0.96304888337393,29,3.423105124124306,29,40
A_107,V1,126210.29,2024-04-25 00:00:00,0,86403.7311111111,33948.99747755859,1.1725055035777712,1.4606872607207286,8.0,162,0,44,27,0.96304888337393,29,3.423105124124306,18,40
A_67,V37,46282.63,2024-04-25 00:00:00,0,72052.50544117647,51928.02541711314,-0.49625185980640507,0.6423369649625794,7.0,68,0,44,27,0.96304888337393,29,3.423105124124306,25,40
A_870,V40,83234.88,2024-04-25 00:00:00,0,57973.75227272727,46945.974214180664,0.5380778665740386,1.435709110207888,4.0,66,0,44,27,0.96304888337393,29,3.423105124124306,19,40
A_641,V10,61473.54,2024-04-25 00:00:00,0,184110.51882978724,99924.56226640988,-1.2272833502084963,0.3338929600425101,1.0,188,0,44,27,0.96304888337393,29,3.423105124124306,4,40
B_200,V13,29963.93,2024-04-25 13:00:00,1,91248.5117,99126.94924086498,-0.6182371588368919,0.3283735928200041,1.0,100,0,39,26,0.9862330569389809,24,3.2792521110521475,24,40
A_972,V35,130761.64,2024-04-26 00:00:00,0,75008.17954545454,56348.584614378604,0.9894209662074238,1.7432751670181945,1.0,66,0,44,28,0.9732824896336257,28,3.4072814964203397,29,40
A_1424,V34,290606.67,2024-04-26 00:00:00,0,87031.30054545455,69584.65178653522,2.925536575830955,3.339066854244812,12.0,55,0,44,28,0.9732824896336257,28,3.4072814964203397,32,40
A_1099,V5,52332.52,2024-04-26 00:00:00,0,144407.3437244898,59983.82205994232,-1.5349686897875636,0.3623926336267859,8.0,196,0,44,28,0.9732824896336257,28,3.4072814964203397,3,40
A_1183,V25,93490.72,2024-04-26 00:00:00,0,84963.20919354838,94781.91364408535,0.08996886124932665,1.1003541477921397,3.0,62,0,44,28,0.9732824896336257,28,3.4072814964203397,26,40
A_237,V23,10706.05,2024-04-26 00:00:00,0,74902.77192307693,98110.10534391222,-0.6543267624806178,0.14293071931003246,3.0,52,0,44,28,0.9732824896336257,28,3.4072814964203397,26,40
A_158,V14,32850.29,2024-04-26 00:00:00,0,101404.49841584158,100941.99680096707,-0.6791378360899306,0.3239497908218764,1.0,101,0,44,28,0.9732824896336257,28,3.4072814964203397,21,40
D_150,V30,53378.27,2024-04-26 00:00:00,0,73122.4169117647,57615.25065897187,-0.3426836471645728,0.729975051144144,0.0,68,0,44,28,0.9732824896336257,28,3.4072814964203397,29,40
A_479,V30,83351.2,2024-04-26 00:00:00,0,73122.4169117647,57615.25065897187,0.17753295244390394,1.1398701472139463,3.0,68,0,44,28,0.9732824896336257,28,3.4072814964203397,29,40
D_843,V26,117810.9,2024-04-26 00:00:00,0,82902.77408450704,83596.62150892465,0.4175731950910381,1.4210559326275154,8.0,71,0,44,28,0.9732824896336257,28,3.4072814964203397,30,40
A_750,V10,92566.06,2024-04-26 00:00:00,0,184110.51882978724,99924.56226640988,-0.9161265321252042,0.5027716928758714,1.0,188,0,44,28,0.9732824896336257,28,3.4072814964203397,4,40
A_882,V32,17677.06,2024-04-26 00:00:00,0,67081.75597222222,63875.16720999454,-0.773444903320561,0.26351123688656675,4.0,72,0,44,28,0.9732824896336257,28,3.4072814964203397,30,40
A_412,V9,126715.23,2024-04-26 00:00:00,0,188269.0858278146,100038.44686257221,-0.6152958433723983,0.6730502588493502,5.0,151,0,44,28,0.9732824896336257,28,3.4072814964203397,4,40
D_46,V32,15163.52,2024-04-27 00:00:00,0,67081.75597222222,63875.16720999454,-0.8127951040258831,0.226041995148186,1.0,72,0,39,25,1.0020418871537515,23,3.278222592046783,30,40
A_775,V6,44329.96,2024-04-27 00:00:00,0,144506.03180487806,76560.92735485801,-1.3084319486965175,0.30676680190799943,8.0,205,0,39,25,1.0020418871537515,23,3.278222592046783,9,40
A_1199,V10,135926.84,2024-04-27 00:00:00,0,184110.51882978724,99924.56226640988,-0.48219572386618686,0.7382853656520295,1.0,188,0,39,25,1.0020418871537515,23,3.278222592046783,4,40
B_82,V18,50868.18,2024-04-27 01:00:00,1,93668.06014705882,102265.70386062763,-0.41851236552405047,0.5430627778280025,4.0,136,0,36,24,1.0620954036515302,20,3.1992333048861483,23,40
B_348,V21,159148.74,2024-04-27 06:00:00,1,99317.54854545454,98935.44463436803,0.6047436986002386,1.6024070259863223,3.0,110,0,35,24,1.0770322862445423,18,3.169618783396418,23,40
B_81,V18,73615.99,2024-04-27 18:00:00,1,93668.06014705882,102265.70386062763,-0.1960762339068483,0.7859157536589367,0.0,136,0,34,23,1.0604957030089328,18,3.126835808451653,23,40
B_351,V22,121616.97,2024-04-27 22:00:00,1,85951.16571428571,86159.38158415664,0.4139466844268549,1.414937820232104,3.0,91,0,33,22,1.0688955493742391,18,3.0890723054655704,29,40
D_147,V12,156468.02,2024-04-28 00:00:00,0,101944.13491379311,108863.03469822774,0.5008438759168504,1.534825768118435,3.0,116,0,37,25,0.9378639718438171,20,3.1470367162121864,18,40
A_259,V40,123749.04,2024-04-28 00:00:00,0,57973.75227272727,46945.974214180664,1.4010548885897067,2.1345333123262784,3.0,66,0,37,25,0.9378639718438171,20,3.1470367162121864,19,40
A_722,V33,105201.71,2024-04-28 00:00:00,0,88242.64793103449,64151.09930319075,0.2643570865672672,1.1921731758213219,6.0,58,0,37,25,0.9378639718438171,20,3.1470367162121864,32,40
A_459,V3,33812.51,2024-04-28 00:00:00,0,83925.30547297298,30830.50022220062,-1.6253764854714599,0.40288333686854283,4.0,148,0,37,25,0.9378639718438171,20,3.1470367162121864,16,40
A_1304,V1,35697.57,2024-04-28 00:00:00,0,86403.7311111111,33948.99747755859,-1.4935541937706645,0.41314369642670545,0.0,162,0,37,25,0.9378639718438171,20,3.1470367162121864,18,40
D_572,V1,81378.05,2024-04-28 00:00:00,0,86403.7311111111,33948.99747755859,-0.1480318552139259,0.9418240060877326,3.0,162,0,37,25,0.9378639718438171,20,3.1470367162121864,18,40
A_320,V7,32536.8,2024-04-28 00:00:00,0,144842.31624309393,63932.34127505827,-1.7566032683936488,0.22463445911023416,11.0,181,0,37,25,0.9378639718438171,20,3.1470367162121864,3,40
B_80,V16,625709.14,2024-04-28 16:00:00,1,96281.34727272727,92447.62699932391,5.726724234975869,6.49869013088796,7.0,121,0,30,21,0.9517431026058485,16,2.8773277327774602,26,40
B_350,V19,64836.04,2024-04-28 16:00:00,1,75791.63586956522,77277.72834882235,-0.1417672897011661,0.8554398360228441,3.0,92,0,30,21,0.9517431026058485,16,2.8773277327774602,32,40
B_352,V19,186907.59,2024-04-28 18:00:00,1,75791.63586956522,77277.72834882235,1.4378595055145997,2.4660389212700986,0.0,92,0,28,21,0.7600078605400294,14,2.979756185971607,32,40
B_349,V19,40857.29,2024-04-28 21:00:00,1,75791.63586956522,77277.72834882235,-0.45205642763527154,0.5390667514230941,0.0,92,0,27,21,0.711608281708861,12,2.9416635284291033,32,40
A_1122,V16,116449.77,2024-04-29 00:00:00,0,96281.34727272727,92447.62699932391,0.2181581639651633,1.2094612698851943,0.0,121,0,32,20,0.6459162663045821,23,3.128882624328903,26,40
D_808,V1,255933.71,2024-04-29 00:00:00,0,86403.7311111111,33948.99747755859,4.993519631362286,2.9620335218783933,1.0,162,0,32,20,0.6459162663045821,23,3.128882624328903,18,40
A_704,V6,47803.56,2024-04-29 00:00:00,0,144506.03180487806,76560.92735485801,-1.2630621399676938,0.3308043864920511,2.0,205,0,32,20,0.6459162663045821,23,3.128882624328903,9,40
D_765,V31,63672.68,2024-04-29 00:00:00,0,67268.36175438597,41034.01405489689,-0.08762472335395444,0.9465331369202196,11.0,57,0,32,20,0.6459162663045821,23,3.128882624328903,18,40
A_465,V11,71698.94,2024-04-29 00:00:00,0,182570.8592121212,102941.535881061,-1.0770272780167542,0.3927162724278146,5.0,165,0,32,20,0.6459162663045821,23,3.128882624328903,4,40
A_1288,V14,19637.17,2024-04-29 00:00:00,0,101404.49841584158,100941.99680096707,-0.8100346830108992,0.1936499529786077,3.0,101,0,32,20,0.6459162663045821,23,3.128882624328903,21,40
D_578,V35,17240.19,2024-04-29 00:00:00,0,75008.17954545454,56348.584614378604,-1.0251715241697452,0.2298410688461494,3.0,66,0,32,20,0.6459162663045821,23,3.128882624328903,29,40
A_1113,V25,41409.73,2024-04-29 00:00:00,0,84963.20919354838,94781.91364408535,-0.4595077057569036,0.4873785137653513,3.0,62,0,32,20,0.6459162663045821,23,3.128882624328903,26,40
D_920,V29,14423.42,2024-04-30 00:00:00,0,74548.44014492753,60050.95281301047,-1.001216735318243,0.19347455825235185,10.0,69,0,42,23,0.7742480728793555,33,3.3641936940261883,30,40
A_66,V16,50029.04,2024-04-30 00:00:00,0,96281.34727272727,92447.62699932391,-0.5003028035566772,0.5196076063485328,1.0,121,0,42,23,0.7742480728793555,33,3.3641936940261883,26,40
D_256,V40,49105.03,2024-04-30 00:00:00,0,57973.75227272727,46945.974214180664,-0.18890934764542108,0.8470071552699018,2.0,66,0,42,23,0.7742480728793555,33,3.3641936940261883,19,40
D_229,V30,77286.59,2024-04-30 00:00:00,0,73122.4169117647,57615.25065897187,0.07227428096428667,1.0569335141061427,4.0,68,0,42,23,0.7742480728793555,33,3.3641936940261883,29,40
A_778,V27,28521.84,2024-04-30 00:00:00,0,83207.86098360656,89047.01535564796,-0.6141183581149633,0.3427740707281073,10.0,61,0,42,23,0.7742480728793555,33,3.3641936940261883,28,40
A_1313,V28,131651.22,2024-04-30 00:00:00,0,87976.94703125,91319.31227399668,0.4782536533351976,1.4964115945242178,13.0,64,0,42,23,0.7742480728793555,33,3.3641936940261883,26,40
D_468,V25,71609.03,2024-05-01 00:00:00,0,84963.20919354838,94781.91364408535,-0.14089226296306948,0.8428140587629634,2.0,62,0,51,28,0.7352504100731426,39,3.536426888744476,26,40
D_641,V31,52796.36,2024-05-01 00:00:00,0,67268.36175438597,41034.01405489689,-0.3526744680780477,0.7848500212142665,2.0,57,0,51,28,0.7352504100731426,39,3.536426888744476,18,40
A_659,V40,272272.74,2024-05-01 00:00:00,0,57973.75227272727,46945.974214180664,4.564702865611778,4.696401956478625,1.0,66,0,51,28,0.7352504100731426,39,3.536426888744476,19,40
A_247,V2,34002.56,2024-05-01 00:00:00,0,89201.08671052632,40922.37405936534,-1.3488263853917026,0.38118570152224385,13.0,152,0,51,28,0.7352504100731426,39,3.536426888744476,20,40
A_483,V8,133271.83,2024-05-01 00:00:00,0,179937.1240782123,101867.69807590247,-0.45809257367206124,0.7406536590437708,15.0,179,0,51,28,0.7352504100731426,39,3.536426888744476,4,40
A_299,V32,60508.86,2024-05-01 00:00:00,0,67081.75597222222,63875.16720999454,-0.10290060063581549,0.9020031917748824,4.0,72,0,51,28,0.7352504100731426,39,3.536426888744476,30,40
D_207,V6,54641.21,2024-05-01 00:00:00,0,144506.03180487806,76560.92735485801,-1.1737533903550035,0.3781214610634297,2.0,205,0,51,28,0.7352504100731426,39,3.536426888744476,9,40
A_558,V18,12432.05,2024-05-02 00:00:00,0,93668.06014705882,102265.70386062763,-0.7943544387405882,0.13272312095885125,0.0,136,0,50,28,0.730787459176238,35,3.5165889399932904,23,40
D_53,V36,3620.27,2024-05-02 00:00:00,0,77526.48523809524,111324.58196102447,-0.6638745015855394,0.04669660042347255,11.0,63,0,50,28,0.730787459176238,35,3.5165889399932904,20,40
A_389,V10,31684.72,2024-05-02 00:00:00,0,184110.51882978724,99924.56226640988,-1.525393456615309,0.1720952616185455,5.0,188,0,50,28,0.730787459176238,35,3.5165889399932904,4,40
D_549,V18,15338.96,2024-05-02 00:00:00,0,93668.06014705882,102265.70386062763,-0.7659296446457122,0.1637569542805073,4.0,136,0,50,28,0.730787459176238,35,3.5165889399932904,23,40
A_84,V5,133249.15,2024-05-02 00:00:00,0,144407.3437244898,59983.82205994232,-0.18601695131044169,0.922724730187475,6.0,196,0,50,28,0.730787459176238,35,3.5165889399932904,3,40
A_1371,V18,18953.95,2024-05-03 00:00:00,0,93668.06014705882,102265.70386062763,-0.7305809938773584,0.2023501673897723,1.0,136,0,54,29,0.8512407488675876,39,3.584416778341318,23,40
A_1095,V28,85192.86,2024-05-03 00:00:00,0,87976.94703125,91319.31227399668,-0.030487051149109674,0.9683433505187302,3.0,64,0,54,29,0.8512407488675876,39,3.584416778341318,26,40
D_342,V11,47273.23,2024-05-03 00:00:00,0,182570.8592121212,102941.535881061,-1.3143024703456208,0.25892944402278106,4.0,165,0,54,29,0.8512407488675876,39,3.584416778341318,4,40
A_562,V5,33011.47,2024-05-03 00:00:00,0,144407.3437244898,59983.82205994232,-1.857067669771077,0.2285980792285874,1.0,196,0,54,29,0.8512407488675876,39,3.584416778341318,3,40
A_918,V8,28814.49,2024-05-03 00:00:00,0,179937.1240782123,101867.69807590247,-1.483504127692009,0.1601355474144847,2.0,179,0,54,29,0.8512407488675876,39,3.584416778341318,4,40
A_869,V14,113403.18,2024-05-03 00:00:00,0,101404.49841584158,100941.99680096707,0.11886591407442211,1.118313915631661,4.0,101,0,54,29,0.8512407488675876,39,3.584416778341318,21,40
B_4,V21,111830.51,2024-05-03 11:00:00,1,99317.54854545454,98935.44463436803,0.12647474346575382,1.1259780941001083,6.0,110,0,48,27,0.9252922188386411,32,3.4601837278371597,23,40
B_282,V13,19964.25,2024-05-03 12:00:00,1,91248.5117,99126.94924086498,-0.7191136530706461,0.218787472152577,7.0,100,0,47,27,0.920930968330478,31,3.4288058584452794,24,40
B_7,V19,82075.32,2024-05-03 13:00:00,1,75791.63586956522,77277.72834882235,0.08131195045124663,1.082893068150406,4.0,92,0,46,27,0.9352347971156328,30,3.414890404471357,32,40
B_280,V14,176212.35,2024-05-03 14:00:00,1,101404.49841584158,100941.99680096707,0.7410900602808509,1.7377001518930664,0.0,101,0,45,26,0.9326930359744883,30,3.384757230647083,21,40
B_5,V21,158274.0,2024-05-03 16:00:00,1,99317.54854545454,98935.44463436803,0.5959022650594165,1.5935996077063457,0.0,110,0,44,25,0.9137173244880764,30,3.3514837544652765,23,40
A_147,V18,43541.8,2024-05-04 00:00:00,0,93668.06014705882,102265.70386062763,-0.4901523003554754,0.46484719641298977,1.0,136,0,48,26,0.8570419198308459,35,3.450134562463059,23,40
A_1212,V32,19435.34,2024-05-04 00:00:00,0,67081.75597222222,63875.16720999454,-0.745918517865723,0.28972184756463837,0.0,72,0,48,26,0.8570419198308459,35,3.450134562463059,30,40
D_135,V32,28915.24,2024-05-04 00:00:00,0,67081.75597222222,63875.16720999454,-0.5975079225832197,0.4310383433258659,3.0,72,0,48,26,0.8570419198308459,35,3.450134562463059,30,40
D_519,V17,202043.78,2024-05-04 00:00:00,0,105661.17514285714,95526.67662806554,1.008949534409865,1.9121675256716342,11.0,105,0,48,26,0.8570419198308459,35,3.450134562463059,24,40
D_308,V25,78057.39,2024-05-04 00:00:00,0,84963.20919354838,94781.91364408535,-0.07285932588525479,0.918709074572628,3.0,62,0,48,26,0.8570419198308459,35,3.450134562463059,26,40
D_228,V27,468175.6,2024-05-04 00:00:00,0,83207.86098360656,89047.01535564796,4.323147882396645,5.626511341048616,4.0,61,0,48,26,0.8570419198308459,35,3.450134562463059,28,40
A_375,V33,29564.8,2024-05-04 00:00:00,0,88242.64793103449,64151.09930319075,-0.914667619117431,0.33503601327889265,6.0,58,0,48,26,0.8570419198308459,35,3.450134562463059,32,40
D_265,V10,63809.45,2024-05-04 00:00:00,0,184110.51882978724,99924.56226640988,-1.2039068492710059,0.3465804334545326,2.0,188,0,48,26,0.8570419198308459,35,3.450134562463059,4,40
D_917,V30,133922.04,2024-05-04 00:00:00,0,73122.4169117647,57615.25065897187,1.0552512944326364,1.8314521620563593,4.0,68,0,48,26,0.8570419198308459,35,3.450134562463059,29,40
A_1214,V6,88667.05,2024-05-04 00:00:00,0,144506.03180487806,76560.92735485801,-0.72933093162701,0.6135829439755118,3.0,205,0,48,26,0.8570419198308459,35,3.450134562463059,9,40
D_272,V11,40198.39,2024-05-04 00:00:00,0,182570.8592121212,102941.535881061,-1.383028579911974,0.2201784556145396,1.0,165,0,48,26,0.8570419198308459,35,3.450134562463059,4,40
A_779,V5,83640.87,2024-05-04 00:00:00,0,144407.3437244898,59983.82205994232,-1.0130308240935746,0.5791969344899811,1.0,196,0,48,26,0.8570419198308459,35,3.450134562463059,3,40
D_977,V21,50362.13,2024-05-04 00:00:00,0,99317.54854545454,98935.44463436803,-0.4948168364688604,0.5070767821073326,0.0,110,0,48,26,0.8570419198308459,35,3.450134562463059,23,40
B_6,V20,840.29,2024-05-04 03:00:00,1,84574.58505376344,95035.94061676953,-0.8810710289109233,0.009935373186787182,10.0,93,0,35,21,0.8226175218998355,23,3.1555874974097455,26,40
B_284,V13,4033.69,2024-05-04 04:00:00,1,91248.5117,99126.94924086498,-0.8798207000941984,0.044205058469370416,0.0,100,0,34,20,0.8437078211268443,23,3.1537728863367995,24,40
B_281,V12,7576.62,2024-05-04 11:00:00,1,101944.13491379311,108863.03469822774,-0.8668383013304704,0.0743205647469783,6.0,116,0,33,20,0.8667382035599406,21,3.1473526073018965,18,40
B_283,V15,129664.67,2024-05-04 17:00:00,1,101414.6991919192,81219.53730128995,0.34781807344227134,1.2785463299387447,9.0,99,0,32,20,0.8930880507339735,20,3.1369923036961915,31,40
D_958,V26,65529.4,2024-05-05 00:00:00,0,82902.77408450704,83596.62150892465,-0.20782139217504295,0.7904272238945761,9.0,71,0,36,23,0.8573363686492599,23,3.268752246619156,30,40
D_513,V40,14495.9,2024-05-05 00:00:00,0,57973.75227272727,46945.974214180664,-0.9261055265111097,0.2500381533638605,4.0,66,0,36,23,0.8573363686492599,23,3.268752246619156,19,40
A_163,V27,107172.61,2024-05-05 00:00:00,0,83207.86098360656,89047.01535564796,0.2691216521859681,1.2879951574041457,1.0,61,0,36,23,0.8573363686492599,23,3.268752246619156,28,40
A_80,V15,83652.61,2024-05-05 00:00:00,0,101414.6991919192,81219.53730128995,-0.21868962927480035,0.82484872328983,0.0,99,0,36,23,0.8573363686492599,23,3.268752246619156,31,40
A_1204,V12,70217.81,2024-05-05 00:00:00,0,101944.13491379311,108863.03469822774,-0.29143072826336835,0.6887803921136365,0.0,116,0,36,23,0.8573363686492599,23,3.268752246619156,18,40
A_995,V18,57748.29,2024-05-05 00:00:00,0,93668.06014705882,102265.70386062763,-0.3512362165892375,0.6165140325880945,1.0,136,0,36,23,0.8573363686492599,23,3.268752246619156,23,40
D_614,V35,76288.04,2024-05-05 00:00:00,0,75008.17954545454,56348.584614378604,0.022712864048670893,1.0170493859857577,6.0,66,0,36,23,0.8573363686492599,23,3.268752246619156,29,40
D_944,V16,64992.96,2024-05-05 00:00:00,0,96281.34727272727,92447.62699932391,-0.3384407999153529,0.6750246731719405,5.0,121,0,36,23,0.8573363686492599,23,3.268752246619156,26,40
D_163,V38,8937.26,2024-05-05 00:00:00,0,71190.65382978723,52355.46745943829,-1.1890296815387003,0.12553803036193226,16.0,47,0,36,23,0.8573363686492599,23,3.268752246619156,25,40
A_925,V33,72970.17,2024-05-05 00:00:00,0,88242.64793103449,64151.09930319075,-0.23806668989669177,0.8269169703526847,1.0,58,0,36,23,0.8573363686492599,23,3.268752246619156,32,40
A_290,V32,20615.27,2024-05-05 00:00:00,0,67081.75597222222,63875.16720999454,-0.7274463700907797,0.3073110175815737,1.0,72,0,36,23,0.8573363686492599,23,3.268752246619156,30,40
B_430,V12,147109.48,2024-05-05 15:00:00,1,101944.13491379311,108863.03469822774,0.41487847856645876,1.443025997507373,0.0,116,0,25,19,0.9149122085131509,11,2.8844425131001663,18,40
A_1160,V37,57248.16,2024-05-06 00:00:00,0,72052.50544117647,51928.02541711314,-0.28508806630323774,0.7945228986358844,11.0,68,0,33,22,0.7421122526950049,20,3.131838526544936,25,40
D_436,V32,22296.29,2024-05-06 00:00:00,0,67081.75597222222,63875.16720999454,-0.701129512435974,0.3323699164839396,0.0,72,0,33,22,0.7421122526950049,20,3.131838526544936,30,40
D_417,V9,29820.9,2024-05-06 00:00:00,0,188269.0858278146,100038.44686257221,-1.5838570763538964,0.1583942550877317,10.0,151,0,33,22,0.7421122526950049,20,3.131838526544936,4,40
A_1123,V32,198278.79,2024-05-06 00:00:00,0,67081.75597222222,63875.16720999454,2.053927775542076,2.9557341097033003,1.0,72,0,33,22,0.7421122526950049,20,3.131838526544936,30,40
D_471,V30,112182.73,2024-05-06 00:00:00,0,73122.4169117647,57615.25065897187,0.6779391689235669,1.5341560164696177,2.0,68,0,33,22,0.7421122526950049,20,3.131838526544936,29,40
B_429,V12,487471.41,2024-05-06 04:00:00,1,101944.13491379311,108863.03469822774,3.541364934295266,4.781703515446968,0.0,116,0,28,19,0.7173921338232865,16,2.953037596872077,18,40
B_428,V12,146999.93,2024-05-06 09:00:00,1,101944.13491379311,108863.03469822774,0.4138721774468678,1.4419513998809863,0.0,116,1,27,19,0.571673814477924,14,3.1365187355799278,18,40
D_698,V13,45023.39,2024-05-07 00:00:00,0,91248.5117,99126.94924086498,-0.4663177444302856,0.49340965404859255,2.0,100,1,32,23,0.5946123276467512,16,3.2877535222128236,24,40
A_939,V15,78183.26,2024-05-07 00:00:00,0,101414.6991919192,81219.53730128995,-0.2860291246996003,0.7709187100514477,2.0,99,1,32,23,0.5946123276467512,16,3.2877535222128236,31,40
D_258,V26,14214.82,2024-05-07 00:00:00,0,82902.77408450704,83596.62150892465,-0.8216496216602778,0.1714616753817538,2.0,71,1,32,23,0.5946123276467512,16,3.2877535222128236,30,40
A_853,V33,86749.93,2024-05-07 00:00:00,0,88242.64793103449,64151.09930319075,-0.023268419073547774,0.9830727993905931,2.0,58,1,32,23,0.5946123276467512,16,3.2877535222128236,32,40
D_660,V7,138746.8,2024-05-07 00:00:00,0,144842.31624309393,63932.34127505827,-0.09534174378387957,0.9579095784243022,0.0,181,1,32,23,0.5946123276467512,16,3.2877535222128236,3,40
A_94,V7,36162.99,2024-05-07 00:00:00,0,144842.31624309393,63932.34127505827,-1.699884975126304,0.2496697185481918,9.0,181,1,32,23,0.5946123276467512,16,3.2877535222128236,3,40
D_112,V39,56958.86,2024-05-07 00:00:00,0,59686.60327868852,62062.45272865382,-0.04395087863729434,0.9542829142268003,15.0,61,1,32,23,0.5946123276467512,16,3.2877535222128236,26,40
A_888,V19,73424.65,2024-05-08 00:00:00,0,75791.63586956522,77277.72834882235,-0.030629203147353453,0.9687570455572968,4.0,92,0,29,23,0.5940414711832098,11,3.187829059072752,32,40
A_1063,V6,24386.28,2024-05-08 00:00:00,0,144506.03180487806,76560.92735485801,-1.5689227786564626,0.16875497126622735,4.0,205,0,29,23,0.5940414711832098,11,3.187829059072752,9,40
D_195,V10,66453.67,2024-05-08 00:00:00,0,184110.51882978724,99924.56226640988,-1.17744495163414,0.3609424897604425,4.0,188,0,29,23,0.5940414711832098,11,3.187829059072752,4,40
A_160,V27,85262.59,2024-05-08 00:00:00,0,83207.86098360656,89047.01535564796,0.023074394282534837,1.0246816143391033,3.0,61,0,29,23,0.5940414711832098,11,3.187829059072752,28,40
A_996,V38,58731.97,2024-05-08 00:00:00,0,71190.65382978723,52355.46745943829,-0.23795883172292417,0.8249839249474776,3.0,47,0,29,23,0.5940414711832098,11,3.187829059072752,25,40
A_708,V31,47628.35,2024-05-09 00:00:00,0,67268.36175438597,41034.01405489689,-0.47861593828410653,0.7080244075140882,8.0,57,0,32,23,0.597284174659845,17,3.275696462600713,18,40
A_81,V1,49945.11,2024-05-09 00:00:00,0,86403.7311111111,33948.99747755859,-1.073891717818558,0.5780367505081834,10.0,162,0,32,23,0.597284174659845,17,3.275696462600713,18,40
A_394,V13,101711.13,2024-05-09 00:00:00,0,91248.5117,99126.94924086498,0.10554660295228666,1.1146484852915657,2.0,100,0,32,23,0.597284174659845,17,3.275696462600713,24,40
A_889,V6,35901.08,2024-05-09 00:00:00,0,144506.03180487806,76560.92735485801,-1.4185242660036934,0.24843829086791958,1.0,205,0,32,23,0.597284174659845,17,3.275696462600713,9,40
D_489,V34,106411.2,2024-05-09 00:00:00,0,87031.30054545455,69584.65178653522,0.27850424558781595,1.2226633023956937,13.0,55,0,32,23,0.597284174659845,17,3.275696462600713,32,40
D_319,V14,19548.12,2024-05-10 00:00:00,0,101404.49841584158,100941.99680096707,-0.810916864071717,0.19277179546850085,0.0,101,0,40,26,0.5983427746343717,25,3.4790083468711037,21,40
A_14,V7,66152.98,2024-05-10 00:00:00,0,144842.31624309393,63932.34127505827,-1.2308028123315413,0.456720970741749,3.0,181,0,40,26,0.5983427746343717,25,3.4790083468711037,3,40
D_496,V6,89342.71,2024-05-10 00:00:00,0,144506.03180487806,76560.92735485801,-0.7205059186820201,0.6182585641966255,1.0,205,0,40,26,0.5983427746343717,25,3.4790083468711037,9,40
D_775,V25,30456.2,2024-05-10 00:00:00,0,84963.20919354838,94781.91364408535,-0.5750721000013248,0.3584591710919219,6.0,62,0,40,26,0.5983427746343717,25,3.4790083468711037,26,40
A_498,V14,20119.27,2024-05-10 00:00:00,0,101404.49841584158,100941.99680096707,-0.8052587201875389,0.19840413305297622,6.0,101,0,40,26,0.5983427746343717,25,3.4790083468711037,21,40
D_129,V9,30342.13,2024-05-10 00:00:00,0,188269.0858278146,100038.44686257221,-1.5786468316319715,0.16116277775402876,4.0,151,0,40,26,0.5983427746343717,25,3.4790083468711037,4,40
A_1019,V20,59677.5,2024-05-10 00:00:00,0,84574.58505376344,95035.94061676953,-0.2619727117917165,0.7056114357596688,5.0,93,0,40,26,0.5983427746343717,25,3.4790083468711037,26,40
D_459,V19,28556.87,2024-05-10 00:00:00,0,75791.63586956522,77277.72834882235,-0.6112259722540456,0.37677631437894227,2.0,92,0,40,26,0.5983427746343717,25,3.4790083468711037,32,40
A_105,V31,28413.46,2024-05-10 00:00:00,0,67268.36175438597,41034.01405489689,-0.9468719007237489,0.4223833742282747,1.0,57,0,40,26,0.5983427746343717,25,3.4790083468711037,18,40
D_562,V21,23397.08,2024-05-11 00:00:00,0,99317.54854545454,98935.44463436803,-0.7673660482345823,0.23557613701223187,7.0,110,0,35,26,0.6412855597869543,17,3.35219980656024,23,40
A_438,V17,182444.65,2024-05-11 00:00:00,0,105661.17514285714,95526.67662806554,0.803782501233619,1.7266789156415867,7.0,105,0,35,26,0.6412855597869543,17,3.35219980656024,24,40
A_955,V29,60119.93,2024-05-11 00:00:00,0,74548.44014492753,60050.95281301047,-0.24026712653050547,0.8064437490492765,11.0,69,0,35,26,0.6412855597869543,17,3.35219980656024,30,40
D_992,V16,28177.9,2024-05-11 00:00:00,0,96281.34727272727,92447.62699932391,-0.7366626145050842,0.2926590470440433,6.0,121,0,35,26,0.6412855597869543,17,3.35219980656024,26,40
A_371,V26,123555.37,2024-05-11 00:00:00,0,82902.77408450704,83596.62150892465,0.4862889060922983,1.490346746748287,4.0,71,0,35,26,0.6412855597869543,17,3.35219980656024,30,40
A_1137,V37,49510.14,2024-05-11 00:00:00,0,72052.50544117647,51928.02541711314,-0.4340995283487001,0.6871302054890226,5.0,68,0,35,26,0.6412855597869543,17,3.35219980656024,25,40
A_286,V18,119024.33,2024-05-12 00:00:00,0,93668.06014705882,102265.70386062763,0.2479425746183971,1.2706899141844046,7.0,136,1,33,24,0.5849944337344163,15,3.3238918921827847,23,40
A_698,V39,32180.03,2024-05-12 00:00:00,0,59686.60327868852,62062.45272865382,-0.4432008222125406,0.5391409309860812,5.0,61,1,33,24,0.5849944337344163,15,3.3238918921827847,26,40
A_1076,V3,42130.53,2024-05-12 00:00:00,0,83925.30547297298,30830.50022220062,-1.355586824246655,0.5019943361329948,14.0,148,1,33,24,0.5849944337344163,15,3.3238918921827847,16,40
D_968,V18,33775.62,2024-05-12 00:00:00,0,93668.06014705882,102265.70386062763,-0.5856494624944808,0.3605845937492365,0.0,136,1,33,24,0.5849944337344163,15,3.3238918921827847,23,40
D_744,V35,46701.67,2024-05-13 00:00:00,0,75008.17954545454,56348.584614378604,-0.5023375014947603,0.6226127293086765,8.0,66,1,41,26,0.584284694556698,26,3.5647695522022294,29,40
A_381,V9,20509.94,2024-05-13 00:00:00,0,188269.0858278146,100038.44686257221,-1.6769299620205955,0.10893892096462787,3.0,151,1,41,26,0.584284694556698,26,3.5647695522022294,4,40
A_1217,V19,70283.17,2024-05-13 00:00:00,0,75791.63586956522,77277.72834882235,-0.0712804931869607,0.9273086915851998,3.0,92,1,41,26,0.584284694556698,26,3.5647695522022294,32,40
A_60,V33,21442.33,2024-05-13 00:00:00,0,88242.64793103449,64151.09930319075,-1.0412803112697517,0.24299006787160404,6.0,58,1,41,26,0.584284694556698,26,3.5647695522022294,32,40
D_950,V7,36918.92,2024-05-13 00:00:00,0,144842.31624309393,63932.34127505827,-1.6880612539672957,0.2548886683734727,3.0,181,1,41,26,0.584284694556698,26,3.5647695522022294,3,40
A_1078,V37,75882.3,2024-05-13 00:00:00,0,72052.50544117647,51928.02541711314,0.07375055718957181,1.0531382135453398,2.0,68,1,41,26,0.584284694556698,26,3.5647695522022294,25,40
D_688,V31,119636.95,2024-05-13 00:00:00,0,67268.36175438597,41034.01405489689,1.2761927698027593,1.7784760681514813,3.0,57,1,41,26,0.584284694556698,26,3.5647695522022294,18,40
D_664,V30,61116.36,2024-05-13 00:00:00,0,73122.4169117647,57615.25065897187,-0.208379697992291,0.8357973762870906,7.0,68,1,41,26,0.584284694556698,26,3.5647695522022294,29,40
D_418,V25,18261.87,2024-05-14 00:00:00,0,84963.20919354838,94781.91364408535,-0.7037274613018892,0.214936032163843,4.0,62,0,45,27,0.6123204804975863,31,3.622624246691184,26,40
D_822,V13,100928.37,2024-05-14 00:00:00,0,91248.5117,99126.94924086498,0.09765014180288843,1.1060702476065962,5.0,100,0,45,27,0.6123204804975863,31,3.622624246691184,24,40
D_419,V16,168425.47,2024-05-14 00:00:00,0,96281.34727272727,92447.62699932391,0.7803698666914797,1.7492871203370406,3.0,121,0,45,27,0.6123204804975863,31,3.622624246691184,26,40
A_115,V31,45783.25,2024-05-14 00:00:00,0,67268.36175438597,41034.01405489689,-0.5235799779584104,0.6805958731578856,1.0,57,0,45,27,0.6123204804975863,31,3.622624246691184,18,40
D_146,V4,62703.71,2024-05-14 00:00:00,0,81228.63022988506,33321.06049362434,-0.5559356160892128,0.7719314962107359,24.0,174,0,45,27,0.6123204804975863,31,3.622624246691184,16,40
A_1364,V27,119619.17,2024-05-14 00:00:00,0,83207.86098360656,89047.01535564796,0.4088952333296894,1.4375773034985642,6.0,61,0,45,27,0.6123204804975863,31,3.622624246691184,28,40
D_680,V12,9348.17,2024-05-14 00:00:00,0,101944.13491379311,108863.03469822774,-0.8505652502267632,0.0916980492291761,7.0,116,0,45,27,0.6123204804975863,31,3.622624246691184,18,40
D_612,V18,38861.49,2024-05-14 00:00:00,0,93668.06014705882,102265.70386062763,-0.5359180268658211,0.4148807507942124,2.0,136,0,45,27,0.6123204804975863,31,3.622624246691184,23,40
A_1270,V6,41153.76,2024-05-14 00:00:00,0,144506.03180487806,76560.92735485801,-1.3499173202086343,0.2847872486618384,4.0,205,0,45,27,0.6123204804975863,31,3.622624246691184,9,40
A_926,V26,84430.37,2024-05-14 00:00:00,0,82902.77408450704,83596.62150892465,0.01827319830301484,1.0184140701958495,3.0,71,0,45,27,0.6123204804975863,31,3.622624246691184,30,40
D_280,V7,80984.13,2024-05-14 00:00:00,0,144842.31624309393,63932.34127505827,-0.9988244782696244,0.559115408984992,1.0,181,0,45,27,0.6123204804975863,31,3.622624246691184,3,40
D_21,V8,28784.94,2024-05-14 00:00:00,0,179937.1240782123,101867.69807590247,-1.4837942069858265,0.15997132429527983,11.0,179,0,45,27,0.6123204804975863,31,3.622624246691184,4,40
D_624,V15,70330.31,2024-05-14 00:00:00,0,101414.6991919192,81219.53730128995,-0.3827158773477544,0.6934854323383092,7.0,99,0,45,27,0.6123204804975863,31,3.622624246691184,31,40
D_305,V22,57033.13,2024-05-15 00:00:00,0,85951.16571428571,86159.38158415664,-0.33563031154916834,0.6635450023398396,17.0,91,0,34,23,0.5894579391665405,18,3.354594006007783,29,40
A_34,V15,16107.27,2024-05-15 00:00:00,0,101414.6991919192,81219.53730128995,-1.050318454253372,0.15882422670595195,1.0,99,0,34,23,0.5894579391665405,18,3.354594006007783,31,40
A_1146,V25,39017.35,2024-05-15 00:00:00,0,84963.20919354838,94781.91364408535,-0.4847483309711011,0.4592210104741694,1.0,62,0,34,23,0.5894579391665405,18,3.354594006007783,26,40
A_762,V5,62346.13,2024-05-15 00:00:00,0,144407.3437244898,59983.82205994232,-1.3680329607794237,0.43173495652680144,11.0,196,0,34,23,0.5894579391665405,18,3.354594006007783,3,40
A_362,V18,40464.51,2024-05-16 00:00:00,0,93668.06014705882,102265.70386062763,-0.5202431303502881,0.4319944060127369,2.0,136,0,39,24,0.5666638607942722,24,3.4802533245890346,23,40
D_348,V7,75468.17,2024-05-16 00:00:00,0,144842.31624309393,63932.34127505827,-1.085101214163481,0.5210331547044946,2.0,181,0,39,24,0.5666638607942722,24,3.4802533245890346,3,40
A_984,V29,46140.91,2024-05-16 00:00:00,0,74548.44014492753,60050.95281301047,-0.47304923177740416,0.6189303354968188,5.0,69,0,39,24,0.5666638607942722,24,3.4802533245890346,30,40
A_69,V35,29338.3,2024-05-16 00:00:00,0,75008.17954545454,56348.584614378604,-0.8104741118854858,0.39112946145773253,3.0,66,0,39,24,0.5666638607942722,24,3.4802533245890346,29,40
B_342,V20,66543.9,2024-05-16 10:00:00,1,84574.58505376344,95035.94061676953,-0.18972291128847515,0.7867979861764955,6.0,93,0,35,22,0.5743201549375593,21,3.363647020850617,26,40
B_341,V21,58191.02,2024-05-16 13:00:00,1,99317.54854545454,98935.44463436803,-0.41568633982596365,0.5859028434489058,5.0,110,0,34,22,0.5693786690371946,19,3.3286178181466233,23,40
B_207,V19,14873.47,2024-05-16 23:00:00,1,75791.63586956522,77277.72834882235,-0.7882915152872537,0.19623898587715552,3.0,92,0,33,22,0.5689145695631006,18,3.293078541979119,32,40
A_1037,V25,35968.47,2024-05-17 00:00:00,0,84963.20919354838,94781.91364408535,-0.5169153100476116,0.4233367242677898,2.0,62,0,41,26,0.6659485756293106,25,3.4875894652670154,26,40
D_370,V21,49988.91,2024-05-17 00:00:00,0,99317.54854545454,98935.44463436803,-0.49858915718828056,0.5033189744725465,0.0,110,0,41,26,0.6659485756293106,25,3.4875894652670154,23,40
A_793,V6,38173.67,2024-05-17 00:00:00,0,144506.03180487806,76560.92735485801,-1.3888412358277846,0.2641647920050309,3.0,205,0,41,26,0.6659485756293106,25,3.4875894652670154,9,40
D_298,V23,56291.94,2024-05-17 00:00:00,0,74902.77192307693,98110.10534391222,-0.18969138975490837,0.7515234353993481,21.0,52,0,41,26,0.6659485756293106,25,3.4875894652670154,26,40
A_1460,V26,37309.54,2024-05-17 00:00:00,0,82902.77408450704,83596.62150892465,-0.5453891302354772,0.4500342766297821,3.0,71,0,41,26,0.6659485756293106,25,3.4875894652670154,30,40
A_905,V4,99038.83,2024-05-17 00:00:00,0,81228.63022988506,33321.06049362434,0.5344867486067569,1.2192451168337681,3.0,174,0,41,26,0.6659485756293106,25,3.4875894652670154,16,40
D_555,V35,51038.54,2024-05-17 00:00:00,0,75008.17954545454,56348.584614378604,-0.42537384631116254,0.6804305860867514,1.0,66,0,41,26,0.6659485756293106,25,3.4875894652670154,29,40
A_987,V15,76423.92,2024-05-17 00:00:00,0,101414.6991919192,81219.53730128995,-0.3076903948469975,0.7535709028182637,2.0,99,0,41,26,0.6659485756293106,25,3.4875894652670154,31,40
D_494,V14,93405.55,2024-05-17 00:00:00,0,101404.49841584158,100941.99680096707,-0.0792422324414777,0.921109323056275,7.0,101,0,41,26,0.6659485756293106,25,3.4875894652670154,21,40
B_340,V21,142431.11,2024-05-17 06:00:00,1,99317.54854545454,98935.44463436803,0.43577027266218216,1.4340836841248679,0.0,110,0,33,21,0.6686976856937861,20,3.2407033040888655,23,40
B_206,V21,229159.33,2024-05-17 06:00:00,1,99317.54854545454,98935.44463436803,1.3123756562548001,2.3073165421373627,0.0,110,0,33,21,0.6686976856937861,20,3.2407033040888655,23,40
B_208,V19,34738.65,2024-05-17 09:00:00,1,75791.63586956522,77277.72834882235,-0.531232678729642,0.45833806413308054,0.0,92,0,31,21,0.5970046703158335,17,3.205140665608017,32,40
B_343,V20,60758.59,2024-05-17 13:00:00,1,84574.58505376344,95035.94061676953,-0.25059724039097536,0.7183939663128155,1.0,93,0,30,21,0.6002337645383279,15,3.1725408849024523,26,40
D_547,V11,108234.92,2024-05-18 00:00:00,0,182570.8592121212,102941.535881061,-0.7221110163636182,0.5928346266893586,14.0,165,0,44,25,0.7062806045758389,32,3.5476197618045373,4,40
A_1312,V33,32829.57,2024-05-18 00:00:00,0,88242.64793103449,64151.09930319075,-0.8637765331598181,0.37203323717597736,5.0,58,0,44,25,0.7062806045758389,32,3.5476197618045373,32,40
D_134,V3,78040.25,2024-05-18 00:00:00,0,83925.30547297298,30830.50022220062,-0.19087801211617225,0.9298663817047388,6.0,148,0,44,25,0.7062806045758389,32,3.5476197618045373,16,40
A_1402,V8,61918.42,2024-05-18 00:00:00,0,179937.1240782123,101867.69807590247,-1.1585374733097742,0.34410951162904424,4.0,179,0,44,25,0.7062806045758389,32,3.5476197618045373,4,40
A_900,V9,23318.72,2024-05-18 00:00:00,0,188269.0858278146,100038.44686257221,-1.6488532374075684,0.12385780724255105,0.0,151,0,44,25,0.7062806045758389,32,3.5476197618045373,4,40
D_626,V35,101350.67,2024-05-18 00:00:00,0,75008.17954545454,56348.584614378604,0.46748331216311584,1.3511768908041832,1.0,66,0,44,25,0.7062806045758389,32,3.5476197618045373,29,40
D_440,V30,48088.06,2024-05-18 00:00:00,0,73122.4169117647,57615.25065897187,-0.43450166620424485,0.6576287327768896,5.0,68,0,44,25,0.7062806045758389,32,3.5476197618045373,29,40
D_107,V9,33173.74,2024-05-18 00:00:00,0,188269.0858278146,100038.44686257221,-1.550341897040621,0.17620292599398701,5.0,151,0,44,25,0.7062806045758389,32,3.5476197618045373,4,40
D_792,V17,35185.7,2024-05-19 00:00:00,0,105661.17514285714,95526.67662806554,-0.737749285133894,0.33300185191558196,8.0,105,0,48,25,0.7891438040206659,38,3.627635784847854,24,40
A_536,V21,50435.54,2024-05-19 00:00:00,0,99317.54854545454,98935.44463436803,-0.49407484497855264,0.5078159189662086,1.0,110,0,48,25,0.7891438040206659,38,3.627635784847854,23,40
D_934,V35,26781.09,2024-05-20 00:00:00,0,75008.17954545454,56348.584614378604,-0.8558552804868155,0.357037500773769,2.0,66,0,49,26,0.7904490643503267,38,3.647483560209367,29,40
A_1421,V36,57165.58,2024-05-20 00:00:00,0,77526.48523809524,111324.58196102447,-0.18289511610389486,0.7373588840710925,18.0,63,0,49,26,0.7904490643503267,38,3.647483560209367,20,40
A_774,V36,65359.44,2024-05-20 00:00:00,0,77526.48523809524,111324.58196102447,-0.10929244674736995,0.8430486271968469,0.0,63,0,49,26,0.7904490643503267,38,3.647483560209367,20,40
A_230,V10,59082.42,2024-05-20 00:00:00,0,184110.51882978724,99924.56226640988,-1.2512123624228595,0.3209056140296264,12.0,188,0,49,26,0.7904490643503267,38,3.647483560209367,4,40
D_943,V16,8004.58,2024-05-20 00:00:00,0,96281.34727272727,92447.62699932391,-0.9548737513794862,0.08313652737740597,6.0,121,0,49,26,0.7904490643503267,38,3.647483560209367,26,40
A_849,V9,23901.93,2024-05-20 00:00:00,0,188269.0858278146,100038.44686257221,-1.6430234370808916,0.12695553781103544,2.0,151,0,49,26,0.7904490643503267,38,3.647483560209367,4,40
D_242,V29,108804.95,2024-05-20 00:00:00,0,74548.44014492753,60050.95281301047,0.5704478913739949,1.459500564839631,4.0,69,0,49,26,0.7904490643503267,38,3.647483560209367,30,40
A_403,V23,20935.15,2024-05-20 00:00:00,0,74902.77192307693,98110.10534391222,-0.5500663939510453,0.27949393551902213,3.0,52,0,49,26,0.7904490643503267,38,3.647483560209367,26,40
D_369,V6,50292.79,2024-05-20 00:00:00,0,144506.03180487806,76560.92735485801,-1.2305495049544364,0.34803005342956805,3.0,205,0,49,26,0.7904490643503267,38,3.647483560209367,9,40
A_1104,V29,20077.93,2024-05-21 00:00:00,0,74548.44014492753,60050.95281301047,-0.9070564335274423,0.26932368587835914,1.0,69,0,46,28,0.8775566798237511,31,3.6199774680859598,30,40
A_350,V18,218138.67,2024-05-21 00:00:00,0,93668.06014705882,102265.70386062763,1.2171176458622717,2.3288230890491057,0.0,136,0,46,28,0.8775566798237511,31,3.6199774680859598,23,40
A_1117,V18,48425.13,2024-05-21 00:00:00,0,93668.06014705882,102265.70386062763,-0.4424013724810897,0.5169810599569737,5.0,136,0,46,28,0.8775566798237511,31,3.6199774680859598,23,40
A_142,V19,151997.13,2024-05-21 00:00:00,0,75791.63586956522,77277.72834882235,0.9861121651285051,2.005434014217138,3.0,92,0,46,28,0.8775566798237511,31,3.6199774680859598,32,40
D_703,V37,132668.45,2024-05-21 00:00:00,0,72052.50544117647,51928.02541711314,1.1672844632059596,1.8412490716126058,8.0,68,0,46,28,0.8775566798237511,31,3.6199774680859598,25,40
A_728,V29,92283.45,2024-05-21 00:00:00,0,74548.44014492753,60050.95281301047,0.295327779103132,1.2378825356782925,0.0,69,0,46,28,0.8775566798237511,31,3.6199774680859598,30,40
A_1016,V13,134841.31,2024-05-21 00:00:00,0,91248.5117,99126.94924086498,0.43976293904836566,1.47772089393,7.0,100,0,46,28,0.8775566798237511,31,3.6199774680859598,24,40
D_693,V10,26406.46,2024-05-21 00:00:00,0,184110.51882978724,99924.56226640988,-1.5782153760549786,0.1434264415819252,1.0,188,0,46,28,0.8775566798237511,31,3.6199774680859598,4,40
D_447,V39,28440.91,2024-05-21 00:00:00,0,59686.60327868852,62062.45272865382,-0.503447550933028,0.4764960969735375,9.0,61,0,46,28,0.8775566798237511,31,3.6199774680859598,26,40
B_73,V18,46560.77,2024-05-21 04:00:00,1,93668.06014705882,102265.70386062763,-0.46063174394725925,0.49707736927113805,0.0,136,0,37,26,0.8402330703272697,20,3.415654577978071,23,40
B_74,V16,73695.77,2024-05-21 14:00:00,1,96281.34727272727,92447.62699932391,-0.24430408547757493,0.7654131010251648,1.0,121,0,36,26,0.8494061302506423,18,3.388280922291442,26,40
B_72,V17,301489.12,2024-05-21 22:00:00,1,105661.17514285714,95526.67662806554,2.049960302285941,2.853330622735916,2.0,105,0,35,26,0.8517790493366588,16,3.3553322750091588,24,40
B_71,V17,109167.74,2024-05-21 23:00:00,1,105661.17514285714,95526.67662806554,0.036707318558532286,1.033177102898017,0.0,105,1,34,26,0.7877310021699632,15,3.3720847805929792,24,40
A_508,V8,57004.42,2024-05-22 00:00:00,0,179937.1240782123,101867.69807590247,-1.2067760401395826,0.3168001238871554,4.0,179,1,42,29,0.7795824174992361,21,3.5454904363649122,4,40
A_376,V35,125005.76,2024-05-22 00:00:00,0,75008.17954545454,56348.584614378604,0.8872750490832844,1.6665394923330445,2.0,66,1,42,29,0.7795824174992361,21,3.5454904363649122,29,40
D_748,V40,13829.08,2024-05-22 00:00:00,0,57973.75227272727,46945.974214180664,-0.940309210798788,0.23853624996868739,17.0,66,1,42,29,0.7795824174992361,21,3.5454904363649122,19,40
A_834,V24,81986.32,2024-05-22 00:00:00,0,69961.0374137931,66357.40093125252,0.18121718452295327,1.1718686737936008,30.0,58,1,42,29,0.7795824174992361,21,3.5454904363649122,31,40
A_1014,V25,71179.08,2024-05-22 00:00:00,0,84963.20919354838,94781.91364408535,-0.1454284180934602,0.8377536927090574,5.0,62,1,42,29,0.7795824174992361,21,3.5454904363649122,26,40
A_644,V6,93197.97,2024-05-22 00:00:00,0,144506.03180487806,76560.92735485801,-0.670151125729497,0.6449372659307085,2.0,205,1,42,29,0.7795824174992361,21,3.5454904363649122,9,40
A_1374,V30,60755.96,2024-05-22 00:00:00,0,73122.4169117647,57615.25065897187,-0.21463487766604647,0.830868722577775,4.0,68,1,42,29,0.7795824174992361,21,3.5454904363649122,29,40
A_791,V36,54673.01,2024-05-22 00:00:00,0,77526.48523809524,111324.58196102447,-0.2052850282525029,0.7052080927440547,2.0,63,1,42,29,0.7795824174992361,21,3.5454904363649122,20,40
A_743,V26,21516.49,2024-05-22 00:00:00,0,82902.77408450704,83596.62150892465,-0.7343065864374335,0.2595357115837381,5.0,71,1,42,29,0.7795824174992361,21,3.5454904363649122,30,40
A_143,V22,119580.11,2024-05-22 00:00:00,0,85951.16571428571,86159.38158415664,0.3903063527274124,1.3912402207234336,0.0,91,1,42,29,0.7795824174992361,21,3.5454904363649122,29,40
D_803,V22,79525.0,2024-05-22 00:00:00,0,85951.16571428571,86159.38158415664,-0.07458376571845839,0.9252239235524291,7.0,91,1,42,29,0.7795824174992361,21,3.5454904363649122,29,40
A_1041,V23,72567.81,2024-05-22 00:00:00,0,74902.77192307693,98110.10534391222,-0.023799160297828765,0.9688138278873878,2.0,52,1,42,29,0.7795824174992361,21,3.5454904363649122,26,40
A_433,V12,40831.08,2024-05-23 00:00:00,0,101944.13491379311,108863.03469822774,-0.5613704754118213,0.4005201428643711,9.0,116,0,34,26,0.8436765701438478,13,3.2966924215357327,18,40
A_1033,V2,112730.4,2024-05-23 00:00:00,0,89201.08671052632,40922.37405936534,0.5749602477875105,1.263764157959964,22.0,152,0,34,26,0.8436765701438478,13,3.2966924215357327,20,40
A_941,V39,50867.25,2024-05-23 00:00:00,0,59686.60327868852,62062.45272865382,-0.14210220171358187,0.8522247033859738,2.0,61,0,34,26,0.8436765701438478,13,3.2966924215357327,26,40
A_88,V16,140454.0,2024-05-23 00:00:00,0,96281.34727272727,92447.62699932391,0.4778075582192883,1.4587720800174622,1.0,121,0,34,26,0.8436765701438478,13,3.2966924215357327,26,40
A_763,V29,102617.16,2024-05-23 00:00:00,0,74548.44014492753,60050.95281301047,0.4674072788685613,1.376498063573751,2.0,69,0,34,26,0.8436765701438478,13,3.2966924215357327,30,40
A_819,V40,25586.48,2024-05-23 00:00:00,0,57973.75227272727,46945.974214180664,-0.6898692155317748,0.44133832395928146,1.0,66,0,34,26,0.8436765701438478,13,3.2966924215357327,19,40
D_710,V15,195348.63,2024-05-23 00:00:00,0,101414.6991919192,81219.53730128995,1.1565292957818065,1.926216863429813,0.0,99,0,34,26,0.8436765701438478,13,3.2966924215357327,31,40
D_815,V15,115925.32,2024-05-23 00:00:00,0,101414.6991919192,81219.53730128995,0.17865704032778362,1.1430707565366462,6.0,99,0,34,26,0.8436765701438478,13,3.2966924215357327,31,40
A_154,V24,35036.42,2024-05-23 00:00:00,0,69961.0374137931,66357.40093125252,-0.5263028783646415,0.5007918764969032,1.0,58,0,34,26,0.8436765701438478,13,3.2966924215357327,31,40
D_379,V21,24447.26,2024-05-23 00:00:00,0,99317.54854545454,98935.44463436803,-0.7567513550961633,0.2461499927056562,4.0,110,0,34,26,0.8436765701438478,13,3.2966924215357327,23,40
D_214,V10,54140.41,2024-05-23 00:00:00,0,184110.51882978724,99924.56226640988,-1.3006692770291959,0.29406313273670454,2.0,188,0,34,26,0.8436765701438478,13,3.2966924215357327,4,40
D_405,V17,32524.2,2024-05-23 00:00:00,0,105661.17514285714,95526.67662806554,-0.7656103207410142,0.30781308406746977,1.0,105,0,34,26,0.8436765701438478,13,3.2966924215357327,24,40
A_724,V13,55715.24,2024-05-24 00:00:00,0,91248.5117,99126.94924086498,-0.3584586584522178,0.6105812399651449,3.0,100,0,31,24,0.796331451629302,12,3.2044245827131475,24,40
A_689,V1,17715.59,2024-05-24 00:00:00,0,86403.7311111111,33948.99747755859,-2.0232149105906387,0.20503032382820396,15.0,162,0,31,24,0.796331451629302,12,3.2044245827131475,18,40
A_225,V18,70702.74,2024-05-24 00:00:00,0,93668.06014705882,102265.70386062763,-0.2245630227640532,0.7548142352341095,2.0,136,0,31,24,0.796331451629302,12,3.2044245827131475,23,40
A_976,V35,36251.08,2024-05-25 00:00:00,0,75008.17954545454,56348.584614378604,-0.687797431173343,0.48328858173995015,3.0,66,0,39,26,0.8707011308040159,21,3.449444714972581,29,40
D_406,V33,82242.58,2024-05-25 00:00:00,0,88242.64793103449,64151.09930319075,-0.09352878543658288,0.9319943353234384,7.0,58,0,39,26,0.8707011308040159,21,3.449444714972581,32,40
A_796,V40,95500.45,2024-05-25 00:00:00,0,57973.75227272727,46945.974214180664,0.7993422016096092,1.6472765515364818,2.0,66,0,39,26,0.8707011308040159,21,3.449444714972581,19,40
A_785,V8,111813.16,2024-05-25 00:00:00,0,179937.1240782123,101867.69807590247,-0.6687428559011628,0.621397830908802,3.0,179,0,39,26,0.8707011308040159,21,3.449444714972581,4,40
D_428,V14,81193.24,2024-05-25 00:00:00,0,101404.49841584158,100941.99680096707,-0.2002244737759553,0.8006788711500085,8.0,101,0,39,26,0.8707011308040159,21,3.449444714972581,21,40
A_260,V9,159486.99,2024-05-25 00:00:00,0,188269.0858278146,100038.44686257221,-0.28770746670914327,0.8471180607303773,5.0,151,0,39,26,0.8707011308040159,21,3.449444714972581,4,40
A_1239,V4,40239.56,2024-05-26 00:00:00,0,81228.63022988506,33321.06049362434,-1.2300881044774434,0.4953803173314893,0.0,174,0,38,24,0.9046804510004551,22,3.3720744758634167,16,40
D_212,V22,220805.9,2024-05-26 00:00:00,0,85951.16571428571,86159.38158415664,1.5651594364632162,2.568939341609875,4.0,91,0,38,24,0.9046804510004551,22,3.3720744758634167,29,40
D_244,V12,30668.1,2024-05-26 00:00:00,0,101944.13491379311,108863.03469822774,-0.6547252736991702,0.3008294611207643,3.0,116,0,38,24,0.9046804510004551,22,3.3720744758634167,18,40
A_1106,V12,30751.83,2024-05-26 00:00:00,0,101944.13491379311,108863.03469822774,-0.6539561491647717,0.3016507852582115,0.0,116,0,38,24,0.9046804510004551,22,3.3720744758634167,18,40
A_455,V15,102635.97,2024-05-26 00:00:00,0,101414.6991919192,81219.53730128995,0.015036477825189314,1.0120323659729602,3.0,99,0,38,24,0.9046804510004551,22,3.3720744758634167,31,40
A_1172,V20,13276.21,2024-05-26 00:00:00,0,84574.58505376344,95035.94061676953,-0.7502174900733564,0.1569744979187612,8.0,93,0,38,24,0.9046804510004551,22,3.3720744758634167,26,40
D_47,V27,65759.33,2024-05-26 00:00:00,0,83207.86098360656,89047.01535564796,-0.1959451978117541,0.7902923946159486,12.0,61,0,38,24,0.9046804510004551,22,3.3720744758634167,28,40
A_93,V4,110361.06,2024-05-26 00:00:00,0,81228.63022988506,33321.06049362434,0.874268557782883,1.3586305845252664,9.0,174,0,38,24,0.9046804510004551,22,3.3720744758634167,16,40
A_1132,V12,27329.01,2024-05-26 00:00:00,0,101944.13491379311,108863.03469822774,-0.6853973869389192,0.26807566661332066,0.0,116,0,38,24,0.9046804510004551,22,3.3720744758634167,18,40
A_1094,V23,31376.27,2024-05-27 00:00:00,0,74902.77192307693,98110.10534391222,-0.44364500604189494,0.41888771679244846,5.0,52,0,38,25,0.8375745052466579,22,3.3492356948561266,26,40
A_981,V27,219227.39,2024-05-27 00:00:00,0,83207.86098360656,89047.01535564796,1.5274852389819857,2.6346639938166105,1.0,61,0,38,25,0.8375745052466579,22,3.3492356948561266,28,40
A_1299,V26,142523.54,2024-05-27 00:00:00,0,82902.77408450704,83596.62150892465,0.7131873471917861,1.7191441713464122,5.0,71,0,38,25,0.8375745052466579,22,3.3492356948561266,30,40
A_543,V36,62194.59,2024-05-27 00:00:00,0,77526.48523809524,111324.58196102447,-0.13772122245417948,0.8022263305586881,5.0,63,0,38,25,0.8375745052466579,22,3.3492356948561266,20,40
A_823,V32,104038.98,2024-05-28 00:00:00,0,67081.75597222222,63875.16720999454,0.5785761050170708,1.5509049753871276,22.0,72,0,39,26,0.7596405300023221,21,3.3869495725450567,30,40
D_268,V6,97853.66,2024-05-28 00:00:00,0,144506.03180487806,76560.92735485801,-0.6093416586634279,0.6771550060769901,6.0,205,0,39,26,0.7596405300023221,21,3.3869495725450567,9,40
A_1437,V18,41399.13,2024-05-28 00:00:00,0,93668.06014705882,102265.70386062763,-0.511104085434225,0.44197230051208025,4.0,136,0,39,26,0.7596405300023221,21,3.3869495725450567,23,40
A_1243,V26,13786.89,2024-05-28 00:00:00,0,82902.77408450704,83596.62150892465,-0.8267685472023676,0.1662999079625312,0.0,71,0,39,26,0.7596405300023221,21,3.3869495725450567,30,40
A_505,V39,65102.87,2024-05-28 00:00:00,0,59686.60327868852,62062.45272865382,0.08726982601164356,1.0907268247315436,5.0,61,0,39,26,0.7596405300023221,21,3.3869495725450567,26,40
A_1473,V21,35390.96,2024-05-28 00:00:00,0,99317.54854545454,98935.44463436803,-0.6461379199717882,0.3563378695954545,5.0,110,0,39,26,0.7596405300023221,21,3.3869495725450567,23,40
A_924,V26,53263.94,2024-05-28 00:00:00,0,82902.77408450704,83596.62150892465,-0.354541595197692,0.6424790739406628,1.0,71,0,39,26,0.7596405300023221,21,3.3869495725450567,30,40
A_911,V19,61513.65,2024-05-28 00:00:00,0,75791.63586956522,77277.72834882235,-0.1847595861712028,0.8116045746959041,7.0,92,0,39,26,0.7596405300023221,21,3.3869495725450567,32,40
A_410,V25,25223.69,2024-05-28 00:00:00,0,84963.20919354838,94781.91364408535,-0.6302773031210382,0.2968742984771442,6.0,62,0,39,26,0.7596405300023221,21,3.3869495725450567,26,40
B_217,V19,98066.75,2024-05-28 14:00:00,1,75791.63586956522,77277.72834882235,0.2882437975672802,1.293882299710057,0.0,92,0,30,22,0.7972996034236844,14,3.101134386862666,32,40
B_215,V19,51710.68,2024-05-28 20:00:00,1,75791.63586956522,77277.72834882235,-0.31161169941705164,0.6822652281019902,0.0,92,0,29,22,0.7831694149189086,12,3.055092530890235,32,40
B_214,V20,57091.87,2024-05-28 21:00:00,1,84574.58505376344,95035.94061676953,-0.28917929044649865,0.6750396105886534,2.0,93,0,28,21,0.7861243535176599,12,3.013665913157359,26,40
B_218,V21,206648.58,2024-05-28 23:00:00,1,99317.54854545454,98935.44463436803,1.0848482766002019,2.080664518626391,0.0,110,0,27,21,0.7898771079667916,10,2.9690428452385236,23,40
A_812,V21,15278.73,2024-05-29 00:00:00,0,99317.54854545454,98935.44463436803,-0.8494222614935323,0.15383561503627363,0.0,110,0,39,26,0.7138799123968917,23,3.3703467683809065,23,40
A_664,V29,200642.54,2024-05-29 00:00:00,0,74548.44014492753,60050.95281301047,2.0997501987604594,2.691402371499259,6.0,69,0,39,26,0.7138799123968917,23,3.3703467683809065,30,40
D_637,V31,60230.62,2024-05-29 00:00:00,0,67268.36175438597,41034.01405489689,-0.17150577175313833,0.8953648203161814,15.0,57,0,39,26,0.7138799123968917,23,3.3703467683809065,18,40
A_334,V28,84762.18,2024-05-29 00:00:00,0,87976.94703125,91319.31227399668,-0.03520319796546964,0.96344803283364,26.0,64,0,39,26,0.7138799123968917,23,3.3703467683809065,26,40
D_980,V12,83933.82,2024-05-29 00:00:00,0,101944.13491379311,108863.03469822774,-0.1654386130710467,0.8233234481564634,3.0,116,0,39,26,0.7138799123968917,23,3.3703467683809065,18,40
A_929,V1,85138.13,2024-05-29 00:00:00,0,86403.7311111111,33948.99747755859,-0.03727838601306759,0.9853410676148934,5.0,162,0,39,26,0.7138799123968917,23,3.3703467683809065,18,40
D_156,V8,79010.19,2024-05-29 00:00:00,0,179937.1240782123,101867.69807590247,-0.9907551189376302,0.439096441650449,4.0,179,0,39,26,0.7138799123968917,23,3.3703467683809065,4,40
B_216,V22,17149.58,2024-05-29 13:00:00,1,85951.16571428571,86159.38158415664,-0.7985292596120199,0.1995246990867811,3.0,91,0,32,22,0.6748340136614197,18,3.1493440106761135,29,40
A_858,V2,61965.77,2024-05-30 00:00:00,0,89201.08671052632,40922.37405936534,-0.6655198242211776,0.6946672694001866,7.0,152,0,37,24,0.7046283545233537,23,3.3388904782278814,20,40
A_213,V34,268402.67,2024-05-30 00:00:00,0,87031.30054545455,69584.65178653522,2.6064478063801175,3.083943183368119,21.0,55,0,37,24,0.7046283545233537,23,3.3388904782278814,32,40
A_927,V12,100149.01,2024-05-30 00:00:00,0,101944.13491379311,108863.03469822774,-0.016489604843043165,0.9823814553258284,1.0,116,0,37,24,0.7046283545233537,23,3.3388904782278814,18,40
A_96,V16,34603.94,2024-05-30 00:00:00,0,96281.34727272727,92447.62699932391,-0.6671533074599185,0.3594006687641467,7.0,121,0,37,24,0.7046283545233537,23,3.3388904782278814,26,40
D_851,V3,14545.94,2024-05-31 00:00:00,0,83925.30547297298,30830.50022220062,-2.2502753668475552,0.17331800700656685,13.0,148,0,40,24,0.6240462718826896,27,3.4663879281589693,16,40
A_5,V6,42405.68,2024-05-31 00:00:00,0,144506.03180487806,76560.92735485801,-1.3335655897434717,0.29345063330384263,3.0,205,0,40,24,0.6240462718826896,27,3.4663879281589693,9,40
A_782,V36,32856.6,2024-05-31 00:00:00,0,77526.48523809524,111324.58196102447,-0.4012544506952081,0.4238058270443553,4.0,63,0,40,24,0.6240462718826896,27,3.4663879281589693,20,40
A_339,V12,32702.49,2024-05-31 00:00:00,0,101944.13491379311,108863.03469822774,-0.6360378347700568,0.32078519517046,1.0,116,0,40,24,0.6240462718826896,27,3.4663879281589693,18,40
A_1235,V35,112378.23,2024-05-31 00:00:00,0,75008.17954545454,56348.584614378604,0.6631823590232788,1.4981930302530548,6.0,66,0,40,24,0.6240462718826896,27,3.4663879281589693,29,40
A_898,V27,104311.77,2024-05-31 00:00:00,0,83207.86098360656,89047.01535564796,0.23699471495357596,1.2536137229489424,4.0,61,0,40,24,0.6240462718826896,27,3.4663879281589693,28,40
D_12,V25,6063.47,2024-05-31 00:00:00,0,84963.20919354838,94781.91364408535,-0.8324257628312726,0.07136499071258842,3.0,62,0,40,24,0.6240462718826896,27,3.4663879281589693,26,40
A_673,V24,21481.29,2024-05-31 00:00:00,0,69961.0374137931,66357.40093125252,-0.7305743769205387,0.30704208731012367,8.0,58,0,40,24,0.6240462718826896,27,3.4663879281589693,31,40
A_971,V23,22143.76,2024-05-31 00:00:00,0,74902.77192307693,98110.10534391222,-0.5377476050049478,0.2956294380307139,4.0,52,0,40,24,0.6240462718826896,27,3.4663879281589693,26,40
A_1361,V24,43142.85,2024-06-01 00:00:00,0,69961.0374137931,66357.40093125252,-0.4041415561170141,0.6166608577281703,1.0,58,1,42,27,0.6054938549089458,25,3.551046016723421,31,40
A_377,V4,33173.89,2024-06-01 00:00:00,0,81228.63022988506,33321.06049362434,-1.4421299138773125,0.40839641773717006,6.0,174,1,42,27,0.6054938549089458,25,3.551046016723421,16,40
D_483,V20,124031.07,2024-06-01 00:00:00,0,84574.58505376344,95035.94061676953,0.41516998222135915,1.4665115224583467,3.0,93,1,42,27,0.6054938549089458,25,3.551046016723421,26,40
A_1479,V6,20907.09,2024-06-01 00:00:00,0,144506.03180487806,76560.92735485801,-1.6143656001762796,0.14467870344351125,1.0,205,1,42,27,0.6054938549089458,25,3.551046016723421,9,40
A_541,V24,69239.64,2024-06-01 00:00:00,0,69961.0374137931,66357.40093125252,-0.010871229620805313,0.9896744371591059,0.0,58,1,42,27,0.6054938549089458,25,3.551046016723421,31,40
A_472,V8,29717.7,2024-06-02 00:00:00,0,179937.1240782123,101867.69807590247,-1.4746377141905127,0.16515510624687205,4.0,179,0,50,28,0.624148535873224,35,3.6529685387657627,4,40
A_1431,V21,99861.04,2024-06-02 00:00:00,0,99317.54854545454,98935.44463436803,0.005493339249798116,1.0054621363530818,4.0,110,0,50,28,0.624148535873224,35,3.6529685387657627,23,40
A_781,V34,72098.08,2024-06-02 00:00:00,0,87031.30054545455,69584.65178653522,-0.21460200719631853,0.8284060003945912,3.0,55,0,50,28,0.624148535873224,35,3.6529685387657627,32,40
D_254,V39,60243.19,2024-06-02 00:00:00,0,59686.60327868852,62062.45272865382,0.008968027024615006,1.0093082430989462,5.0,61,0,50,28,0.624148535873224,35,3.6529685387657627,26,40
A_315,V24,12906.79,2024-06-02 00:00:00,0,69961.0374137931,66357.40093125252,-0.8597893652214655,0.18448276346874098,1.0,58,0,50,28,0.624148535873224,35,3.6529685387657627,31,40
A_274,V37,33539.36,2024-06-02 00:00:00,0,72052.50544117647,51928.02541711314,-0.74164968689138,0.4654785328575178,12.0,68,0,50,28,0.624148535873224,35,3.6529685387657627,25,40
A_413,V22,39816.62,2024-06-02 00:00:00,0,85951.16571428571,86159.38158415664,-0.5354496447909074,0.4632416143224913,3.0,91,0,50,28,0.624148535873224,35,3.6529685387657627,29,40
D_640,V16,152340.07,2024-06-02 00:00:00,0,96281.34727272727,92447.62699932391,0.6063770176671494,1.5822222278034503,3.0,121,0,50,28,0.624148535873224,35,3.6529685387657627,26,40
A_957,V27,75894.87,2024-06-02 00:00:00,0,83207.86098360656,89047.01535564796,-0.08212413218193895,0.9121008159810343,2.0,61,0,50,28,0.624148535873224,35,3.6529685387657627,28,40
D_155,V30,20644.4,2024-06-02 00:00:00,0,73122.4169117647,57615.25065897187,-0.9108197133891937,0.28232269322029674,11.0,68,0,50,28,0.624148535873224,35,3.6529685387657627,29,40
A_422,V32,36213.51,2024-06-02 00:00:00,0,67081.75597222222,63875.16720999454,-0.48325138029559705,0.5398333666403833,5.0,72,0,50,28,0.624148535873224,35,3.6529685387657627,30,40
D_486,V13,15102.29,2024-06-02 00:00:00,0,91248.5117,99126.94924086498,-0.7681609705752807,0.16550543360332307,9.0,100,0,50,28,0.624148535873224,35,3.6529685387657627,24,40
A_1440,V23,110793.5,2024-06-02 00:00:00,0,74902.77192307693,98110.10534391222,0.3658171819705228,1.479144469704147,2.0,52,0,50,28,0.624148535873224,35,3.6529685387657627,26,40
A_579,V26,135741.4,2024-06-03 00:00:00,0,82902.77408450704,83596.62150892465,0.6320589624652425,1.6373367979801923,6.0,71,0,41,22,0.614360064912072,30,3.4605819042217107,30,40
D_383,V26,50922.08,2024-06-03 00:00:00,0,82902.77408450704,83596.62150892465,-0.3825550716307504,0.6142311440260023,0.0,71,0,41,22,0.614360064912072,30,3.4605819042217107,30,40
D_715,V25,34013.68,2024-06-03 00:00:00,0,84963.20919354838,94781.91364408535,-0.5375391748861661,0.4003295072460084,3.0,62,0,41,22,0.614360064912072,30,3.4605819042217107,26,40
A_1182,V29,78204.07,2024-06-03 00:00:00,0,74548.44014492753,60050.95281301047,0.06087445426554837,1.0490229014190813,5.0,69,0,41,22,0.614360064912072,30,3.4605819042217107,30,40
A_873,V21,51157.49,2024-06-03 00:00:00,0,99317.54854545454,98935.44463436803,-0.48677773618645837,0.5150849539105683,1.0,110,0,41,22,0.614360064912072,30,3.4605819042217107,23,40
D_728,V12,62395.31,2024-06-03 00:00:00,0,101944.13491379311,108863.03469822774,-0.3632864152373451,0.6120479417949934,3.0,116,0,41,22,0.614360064912072,30,3.4605819042217107,18,40
D_157,V10,20008.59,2024-06-04 00:00:00,0,184110.51882978724,99924.56226640988,-1.6422417358260923,0.10867647025658467,12.0,188,0,45,23,0.617150882414617,34,3.5274695409992285,4,40
D_824,V29,15339.07,2024-06-04 00:00:00,0,74548.44014492753,60050.95281301047,-0.9859691046066966,0.20575701132268925,0.0,69,0,45,23,0.617150882414617,34,3.5274695409992285,30,40
A_1093,V29,73726.44,2024-06-04 00:00:00,0,74548.44014492753,60050.95281301047,-0.013688150117067305,0.9889603443925591,0.0,69,0,45,23,0.617150882414617,34,3.5274695409992285,30,40
A_423,V3,112884.6,2024-06-04 00:00:00,0,83925.30547297298,30830.50022220062,0.9392762051252542,1.345044314340187,4.0,148,0,45,23,0.617150882414617,34,3.5274695409992285,16,40
A_1354,V3,26197.81,2024-06-04 00:00:00,0,83925.30547297298,30830.50022220062,-1.8723544121088715,0.3121525468368979,0.0,148,0,45,23,0.617150882414617,34,3.5274695409992285,16,40
D_538,V29,43745.02,2024-06-04 00:00:00,0,74548.44014492753,60050.95281301047,-0.5129461857942089,0.5867920659760512,1.0,69,0,45,23,0.617150882414617,34,3.5274695409992285,30,40
A_1194,V20,86651.35,2024-06-04 00:00:00,0,84574.58505376344,95035.94061676953,0.02185218645253944,1.024543311700617,3.0,93,0,45,23,0.617150882414617,34,3.5274695409992285,26,40
B_139,V17,44771.76,2024-06-04 01:00:00,1,105661.17514285714,95526.67662806554,-0.6374007752740439,0.4237255189898162,12.0,105,0,38,21,0.6243697619365616,27,3.35045062063457,24,40
B_138,V17,11382.36,2024-06-04 12:00:00,1,105661.17514285714,95526.67662806554,-0.9869267051257741,0.10772407424521449,0.0,105,0,37,21,0.6298129678897728,26,3.320113859006454,24,40
D_930,V18,76584.72,2024-06-05 00:00:00,0,93668.06014705882,102265.70386062763,-0.16704694198749714,0.8176095701159306,8.0,136,0,43,23,0.6909215246581986,33,3.493208124575172,23,40
A_605,V10,52869.49,2024-06-05 00:00:00,0,184110.51882978724,99924.56226640988,-1.313387944517017,0.2871601425920467,1.0,188,0,43,23,0.6909215246581986,33,3.493208124575172,4,40
D_662,V39,20576.17,2024-06-05 00:00:00,0,59686.60327868852,62062.45272865382,-0.6301685059270282,0.34473104748279826,3.0,61,0,43,23,0.6909215246581986,33,3.493208124575172,26,40
D_687,V10,33857.83,2024-06-05 00:00:00,0,184110.51882978724,99924.56226640988,-1.5036461684268643,0.18389848834663014,0.0,188,0,43,23,0.6909215246581986,33,3.493208124575172,4,40
A_393,V36,43859.81,2024-06-05 00:00:00,0,77526.48523809524,111324.58196102447,-0.30241634173430215,0.5657323962631035,5.0,63,0,43,23,0.6909215246581986,33,3.493208124575172,20,40
D_318,V20,83976.24,2024-06-05 00:00:00,0,84574.58505376344,95035.94061676953,-0.0062959208269995045,0.9929134979866537,1.0,93,0,43,23,0.6909215246581986,33,3.493208124575172,26,40
D_457,V38,62276.49,2024-06-05 00:00:00,0,71190.65382978723,52355.46745943829,-0.1702590770986074,0.8747723454900685,28.0,47,0,43,23,0.6909215246581986,33,3.493208124575172,25,40
A_1369,V34,33525.18,2024-06-05 00:00:00,0,87031.30054545455,69584.65178653522,-0.7689246155169009,0.3852038816610476,3.0,55,0,43,23,0.6909215246581986,33,3.493208124575172,32,40
A_385,V11,125251.21,2024-06-05 00:00:00,0,182570.8592121212,102941.535881061,-0.5568120963947096,0.6860378731997072,18.0,165,0,43,23,0.6909215246581986,33,3.493208124575172,4,40
B_141,V18,91611.14,2024-06-05 01:00:00,1,93668.06014705882,102265.70386062763,-0.02011329268871375,0.9780298836795425,0.0,136,0,34,20,0.7437699140659949,24,3.2315056934166746,23,40
B_140,V18,39945.11,2024-06-05 11:00:00,1,93668.06014705882,102265.70386062763,-0.525322007251492,0.426449351976916,0.0,136,0,33,20,0.7369522669949023,23,3.1912810925713218,23,40
B_142,V18,176762.15,2024-06-05 18:00:00,1,93668.06014705882,102265.70386062763,0.8125233992696634,1.8870921702693126,0.0,136,0,32,20,0.7462591147677496,22,3.159006557186663,23,40
D_120,V17,124430.11,2024-06-06 00:00:00,0,105661.17514285714,95526.67662806554,0.19647640892826487,1.177622075560798,1.0,105,0,36,21,0.6553242109700874,26,3.2819420814988836,24,40
D_484,V8,19173.85,2024-06-06 00:00:00,0,179937.1240782123,101867.69807590247,-1.5781420310135643,0.10655801875352357,0.0,179,0,36,21,0.6553242109700874,26,3.2819420814988836,4,40
A_583,V8,66350.04,2024-06-06 00:00:00,0,179937.1240782123,101867.69807590247,-1.1150342178082855,0.36873808893972987,4.0,179,0,36,21,0.6553242109700874,26,3.2819420814988836,4,40
A_1071,V6,74027.07,2024-06-06 00:00:00,0,144506.03180487806,76560.92735485801,-0.9205484271342083,0.5122731335313546,5.0,205,0,36,21,0.6553242109700874,26,3.2819420814988836,9,40
A_464,V34,46698.97,2024-06-06 00:00:00,0,87031.30054545455,69584.65178653522,-0.5796069952636246,0.536570557222148,1.0,55,0,36,21,0.6553242109700874,26,3.2819420814988836,32,40
A_1125,V9,289821.59,2024-06-06 00:00:00,0,188269.0858278146,100038.44686257221,1.0151246069132287,1.539392669449681,12.0,151,0,36,21,0.6553242109700874,26,3.2819420814988836,4,40
A_532,V28,48520.79,2024-06-06 00:00:00,0,87976.94703125,91319.31227399668,-0.4320633170073498,0.5515108233062689,8.0,64,0,36,21,0.6553242109700874,26,3.2819420814988836,26,40
D_455,V32,19868.78,2024-06-06 00:00:00,0,67081.75597222222,63875.16720999454,-0.7391328884372218,0.2961831205656981,4.0,72,0,36,21,0.6553242109700874,26,3.2819420814988836,30,40
D_166,V12,21952.08,2024-06-06 00:00:00,0,101944.13491379311,108863.03469822774,-0.734788630014788,0.21533229632353842,3.0,116,0,36,21,0.6553242109700874,26,3.2819420814988836,18,40
A_839,V18,12018.67,2024-06-06 00:00:00,0,93668.06014705882,102265.70386062763,-0.7983966145846769,0.12830992412148573,0.0,136,0,36,21,0.6553242109700874,26,3.2819420814988836,23,40
A_768,V12,75396.87,2024-06-07 00:00:00,0,101944.13491379311,108863.03469822774,-0.24385707352646274,0.7395828164213735,1.0,116,0,34,22,0.7062508227289391,21,3.2090073419072316,18,40
A_390,V19,45053.58,2024-06-07 00:00:00,0,75791.63586956522,77277.72834882235,-0.39775571527030223,0.5944321566746225,9.0,92,0,34,22,0.7062508227289391,21,3.2090073419072316,32,40
D_871,V31,56016.11,2024-06-07 00:00:00,0,67268.36175438597,41034.01405489689,-0.2742109881900526,0.8327135643790725,9.0,57,0,34,22,0.7062508227289391,21,3.2090073419072316,18,40
D_782,V38,27006.71,2024-06-07 00:00:00,0,71190.65382978723,52355.46745943829,-0.8439061299163758,0.37935219294905814,2.0,47,0,34,22,0.7062508227289391,21,3.2090073419072316,25,40
A_856,V8,31022.41,2024-06-08 00:00:00,0,179937.1240782123,101867.69807590247,-1.4618299525851974,0.17240598766337994,2.0,179,0,35,23,0.699986838337249,21,3.2456511338036784,4,40
D_904,V27,215711.31,2024-06-08 00:00:00,0,83207.86098360656,89047.01535564796,1.4880000243373115,2.5924079172589383,6.0,61,0,35,23,0.699986838337249,21,3.2456511338036784,28,40
D_282,V32,100184.15,2024-06-08 00:00:00,0,67081.75597222222,63875.16720999454,0.5182276187447629,1.4934411764699183,2.0,72,0,35,23,0.699986838337249,21,3.2456511338036784,30,40
A_57,V17,68407.37,2024-06-08 00:00:00,0,105661.17514285714,95526.67662806554,-0.38997918150887145,0.6474158790268325,2.0,105,0,35,23,0.699986838337249,21,3.2456511338036784,24,40
A_72,V34,37562.35,2024-06-08 00:00:00,0,87031.30054545455,69584.65178653522,-0.7109073390187999,0.43159091239214376,2.0,55,0,35,23,0.699986838337249,21,3.2456511338036784,32,40
D_396,V20,8689.91,2024-06-08 00:00:00,0,84574.58505376344,95035.94061676953,-0.7984755670930487,0.10274726440823263,3.0,93,0,35,23,0.699986838337249,21,3.2456511338036784,26,40
A_102,V35,62566.0,2024-06-08 00:00:00,0,75008.17954545454,56348.584614378604,-0.22080339421490058,0.8341112431723888,8.0,66,0,35,23,0.699986838337249,21,3.2456511338036784,29,40
D_10,V21,50149.39,2024-06-08 00:00:00,0,99317.54854545454,98935.44463436803,-0.49696710577342457,0.5049347854398861,5.0,110,0,35,23,0.699986838337249,21,3.2456511338036784,23,40
A_181,V37,66418.25,2024-06-08 00:00:00,0,72052.50544117647,51928.02541711314,-0.10849915622178634,0.9217906830948424,6.0,68,0,35,23,0.699986838337249,21,3.2456511338036784,25,40
A_554,V36,33434.75,2024-06-08 00:00:00,0,77526.48523809524,111324.58196102447,-0.39606112504789714,0.43126318230648514,3.0,63,0,35,23,0.699986838337249,21,3.2456511338036784,20,40
A_128,V20,30802.05,2024-06-09 00:00:00,0,84574.58505376344,95035.94061676953,-0.5658066716456898,0.36419552971959457,1.0,93,0,37,25,0.8098929597310572,21,3.295626724107407,26,40
A_106,V4,49028.52,2024-06-09 00:00:00,0,81228.63022988506,33321.06049362434,-0.966330105428086,0.6035792587168763,0.0,174,0,37,25,0.8098929597310572,21,3.295626724107407,16,40
A_113,V4,34124.66,2024-06-09 00:00:00,0,81228.63022988506,33321.06049362434,-1.4135971645240148,0.4201011367825389,8.0,174,0,37,25,0.8098929597310572,21,3.295626724107407,16,40
A_522,V29,141649.78,2024-06-09 00:00:00,0,74548.44014492753,60050.95281301047,1.117388139966278,1.9000783872370648,0.0,69,0,37,25,0.8098929597310572,21,3.295626724107407,30,40
A_1171,V29,89594.2,2024-06-09 00:00:00,0,74548.44014492753,60050.95281301047,0.25054572166740174,1.201809159476245,5.0,69,0,37,25,0.8098929597310572,21,3.295626724107407,30,40
D_450,V19,173812.67,2024-06-09 00:00:00,0,75791.63586956522,77277.72834882235,1.2684089946199089,2.2932659354811418,2.0,92,0,37,25,0.8098929597310572,21,3.295626724107407,32,40
A_789,V19,35794.97,2024-06-09 00:00:00,0,75791.63586956522,77277.72834882235,-0.5175637167452786,0.4722750381923792,0.0,92,0,37,25,0.8098929597310572,21,3.295626724107407,32,40
A_1282,V10,36274.06,2024-06-10 00:00:00,0,184110.51882978724,99924.56226640988,-1.4794658691601146,0.1970222190906789,5.0,188,0,43,27,0.8957286999923206,27,3.305160237270258,4,40
A_440,V19,22353.58,2024-06-10 00:00:00,0,75791.63586956522,77277.72834882235,-0.6914976088679332,0.2949307639658981,1.0,92,0,43,27,0.8957286999923206,27,3.305160237270258,32,40
A_1314,V6,23339.22,2024-06-10 00:00:00,0,144506.03180487806,76560.92735485801,-1.5825987666595724,0.161509233900216,4.0,205,0,43,27,0.8957286999923206,27,3.305160237270258,9,40
A_967,V27,64703.77,2024-06-10 00:00:00,0,83207.86098360656,89047.01535564796,-0.20779902740901368,0.7776067264368353,2.0,61,0,43,27,0.8957286999923206,27,3.305160237270258,28,40
A_1141,V29,52938.17,2024-06-10 00:00:00,0,74548.44014492753,60050.95281301047,-0.3598595737963344,0.710108216736246,1.0,69,0,43,27,0.8957286999923206,27,3.305160237270258,30,40
A_36,V5,89992.89,2024-06-11 00:00:00,0,144407.3437244898,59983.82205994232,-0.9071370366009237,0.6231834510317036,27.0,196,0,43,27,1.0372291060722747,26,3.349223537379139,3,40
D_41,V14,25173.8,2024-06-11 00:00:00,0,101404.49841584158,100941.99680096707,-0.755185608033298,0.24824886611934788,17.0,101,0,43,27,1.0372291060722747,26,3.349223537379139,21,40
D_368,V34,17458.06,2024-06-11 00:00:00,0,87031.30054545455,69584.65178653522,-0.9998216408014867,0.20059288207465162,3.0,55,0,43,27,1.0372291060722747,26,3.349223537379139,32,40
A_1004,V31,30228.4,2024-06-11 00:00:00,0,67268.36175438597,41034.01405489689,-0.9026428431298619,0.4493635618302727,4.0,57,0,43,27,1.0372291060722747,26,3.349223537379139,18,40
D_491,V2,316918.78,2024-06-11 00:00:00,0,89201.08671052632,40922.37405936534,5.564489696258571,3.5528180078168723,12.0,152,0,43,27,1.0372291060722747,26,3.349223537379139,20,40
A_691,V10,56342.74,2024-06-11 00:00:00,0,184110.51882978724,99924.56226640988,-1.2786295711716658,0.3060250676226802,1.0,188,0,43,27,1.0372291060722747,26,3.349223537379139,4,40
A_183,V1,95176.8,2024-06-11 00:00:00,0,86403.7311111111,33948.99747755859,0.25841147395336383,1.101523015882181,13.0,162,0,43,27,1.0372291060722747,26,3.349223537379139,18,40
D_433,V17,12891.03,2024-06-11 00:00:00,0,105661.17514285714,95526.67662806554,-0.9711336904387953,0.12200231523315792,3.0,105,0,43,27,1.0372291060722747,26,3.349223537379139,24,40
A_692,V39,24190.69,2024-06-12 00:00:00,0,59686.60327868852,62062.45272865382,-0.5719293999623155,0.40528834584043844,7.0,61,0,46,26,1.2592538642193705,30,3.4550568110383097,26,40
A_486,V35,51148.88,2024-06-12 00:00:00,0,75008.17954545454,56348.584614378604,-0.4234157129769935,0.6819016060428241,4.0,66,0,46,26,1.2592538642193705,30,3.4550568110383097,29,40
A_1275,V22,84134.64,2024-06-12 00:00:00,0,85951.16571428571,86159.38158415664,-0.021083074156437374,0.978854218515827,10.0,91,0,46,26,1.2592538642193705,30,3.4550568110383097,29,40
A_1238,V7,58623.97,2024-06-12 00:00:00,0,144842.31624309393,63932.34127505827,-1.3485662492150945,0.40474059501378734,27.0,181,0,46,26,1.2592538642193705,30,3.4550568110383097,3,40
D_726,V19,52744.46,2024-06-12 00:00:00,0,75791.63586956522,77277.72834882235,-0.298234408898842,0.6959048117916125,2.0,92,0,46,26,1.2592538642193705,30,3.4550568110383097,32,40
B_320,V18,132478.35,2024-06-12 03:00:00,1,93668.06014705882,102265.70386062763,0.37950074059131805,1.4143234680908645,6.0,136,0,41,25,1.3339005878951538,23,3.3460726757605648,23,40
B_30,V22,183429.18,2024-06-12 09:00:00,1,85951.16571428571,86159.38158415664,1.1313554152554814,2.134084446571578,0.0,91,0,40,25,1.3318763807319431,22,3.3116160235089556,29,40
B_317,V18,63654.95,2024-06-12 19:00:00,1,93668.06014705882,102265.70386062763,-0.29347880604386795,0.6795728482816291,0.0,136,0,39,25,1.3129136590123616,21,3.274481985378345,23,40
D_71,V6,36533.2,2024-06-13 00:00:00,0,144506.03180487806,76560.92735485801,-1.4102679430264757,0.25281261087231577,3.0,205,0,45,29,1.257801902842828,25,3.421311650352443,9,40
D_97,V14,209901.71,2024-06-13 00:00:00,0,101404.49841584158,100941.99680096707,1.0748364425724972,2.069924346106356,2.0,101,0,45,29,1.257801902842828,25,3.421311650352443,21,40
A_1222,V35,86705.32,2024-06-13 00:00:00,0,75008.17954545454,56348.584614378604,0.20758166248417628,1.1559294545737269,1.0,66,0,45,29,1.257801902842828,25,3.421311650352443,29,40
D_339,V40,24608.06,2024-06-13 00:00:00,0,57973.75227272727,46945.974214180664,-0.7107101752821576,0.4244616671104989,19.0,66,0,45,29,1.257801902842828,25,3.421311650352443,19,40
D_845,V13,279294.98,2024-06-13 00:00:00,0,91248.5117,99126.94924086498,1.897007551755936,3.0607832830737216,11.0,100,0,45,29,1.257801902842828,25,3.421311650352443,24,40
A_222,V16,43056.7,2024-06-13 00:00:00,0,96281.34727272727,92447.62699932391,-0.5757213384371465,0.44719204734423984,11.0,121,0,45,29,1.257801902842828,25,3.421311650352443,26,40
A_451,V37,62511.01,2024-06-13 00:00:00,0,72052.50544117647,51928.02541711314,-0.18374108438461245,0.867563758588167,5.0,68,0,45,29,1.257801902842828,25,3.421311650352443,25,40
A_369,V11,44232.24,2024-06-13 00:00:00,0,182570.8592121212,102941.535881061,-1.3438431259548196,0.2422730435614875,8.0,165,0,45,29,1.257801902842828,25,3.421311650352443,4,40
A_477,V21,88106.76,2024-06-13 00:00:00,0,99317.54854545454,98935.44463436803,-0.11331303228941987,0.887112843374636,5.0,110,0,45,29,1.257801902842828,25,3.421311650352443,23,40
B_28,V19,9834.61,2024-06-13 07:00:00,1,75791.63586956522,77277.72834882235,-0.8534952279733047,0.12975680139855278,1.0,92,0,36,24,1.3448805690613137,20,3.187217674866341,32,40
B_29,V21,583652.44,2024-06-13 07:00:00,1,99317.54854545454,98935.44463436803,4.895414356605045,5.876570374293006,0.0,110,0,36,24,1.3448805690613137,20,3.187217674866341,23,40
B_318,V18,107559.86,2024-06-13 07:00:00,1,93668.06014705882,102265.70386062763,0.13583893220879964,1.1482965648543166,0.0,136,0,36,24,1.3448805690613137,20,3.187217674866341,23,40
B_319,V17,213342.47,2024-06-13 20:00:00,1,105661.17514285714,95526.67662806554,1.1272261469981846,2.0190997366044865,2.0,105,0,33,23,1.2308354020479293,16,3.1763409313282196,24,40
D_397,V22,58492.34,2024-06-14 00:00:00,0,85951.16571428571,86159.38158415664,-0.3186943373441943,0.680522003301637,1.0,91,0,39,24,1.1238935925214915,25,3.338603489662121,29,40
D_160,V12,32841.73,2024-06-14 00:00:00,0,101944.13491379311,108863.03469822774,-0.6347588081348051,0.32215102788153294,7.0,116,0,39,24,1.1238935925214915,25,3.338603489662121,18,40
D_955,V21,73297.01,2024-06-14 00:00:00,0,99317.54854545454,98935.44463436803,-0.26300256332857613,0.7379992063260427,0.0,110,0,39,24,1.1238935925214915,25,3.338603489662121,23,40
A_631,V29,36985.76,2024-06-14 00:00:00,0,74548.44014492753,60050.95281301047,-0.6255030583583193,0.49612391358134933,4.0,69,0,39,24,1.1238935925214915,25,3.338603489662121,30,40
A_1334,V18,33462.51,2024-06-14 00:00:00,0,93668.06014705882,102265.70386062763,-0.5887111628151122,0.35724186777858596,0.0,136,0,39,24,1.1238935925214915,25,3.338603489662121,23,40
D_666,V40,110403.46,2024-06-14 00:00:00,0,57973.75227272727,46945.974214180664,1.1167856630776425,1.9043368996323675,1.0,66,0,39,24,1.1238935925214915,25,3.338603489662121,19,40
D_912,V26,10108.62,2024-06-14 00:00:00,0,82902.77408450704,83596.62150892465,-0.8707682440072262,0.12193196403454314,11.0,71,0,39,24,1.1238935925214915,25,3.338603489662121,30,40
A_642,V20,22702.71,2024-06-14 00:00:00,0,84574.58505376344,95035.94061676953,-0.6510297433001119,0.2684310133423047,5.0,93,0,39,24,1.1238935925214915,25,3.338603489662121,26,40
D_979,V9,195331.83,2024-06-14 00:00:00,0,188269.0858278146,100038.44686257221,0.07059959239766433,1.0375085831672899,8.0,151,0,39,24,1.1238935925214915,25,3.338603489662121,4,40
B_106,V14,97187.97,2024-06-14 02:00:00,1,101404.49841584158,100941.99680096707,-0.04177138136839205,0.9584092728527754,1.0,101,0,30,20,1.2783664584198169,16,3.099897848714669,21,40
B_305,V14,289043.44,2024-06-14 12:00:00,1,101404.49841584158,100941.99680096707,1.8588604215320936,2.8503724602259397,0.0,101,0,29,20,1.291298597545859,15,3.057252522475847,21,40
A_800,V37,89168.95,2024-06-15 00:00:00,0,72052.50544117647,51928.02541711314,0.3296122817891904,1.237537985890171,2.0,68,0,32,21,1.2249851363873125,20,3.186885786376907,25,40
D_246,V39,60398.64,2024-06-15 00:00:00,0,59686.60327868852,62062.45272865382,0.011472721706679125,1.0119126364982618,3.0,61,0,32,21,1.2249851363873125,20,3.186885786376907,26,40
A_1200,V27,123350.15,2024-06-15 00:00:00,0,83207.86098360656,89047.01535564796,0.4507937527419287,1.4824160376898068,5.0,61,0,32,21,1.2249851363873125,20,3.186885786376907,28,40
B_108,V12,102688.99,2024-06-15 07:00:00,1,101944.13491379311,108863.03469822774,0.006842067614631786,1.0072966217253616,1.0,116,0,30,20,1.2533186112993555,17,3.1094452264871553,18,40
B_304,V14,410198.58,2024-06-15 08:00:00,1,101404.49841584158,100941.99680096707,3.059093660484628,4.04513154028262,0.0,101,0,29,20,1.2633980532271374,15,3.0660602850606438,21,40
B_107,V15,321474.94,2024-06-15 20:00:00,1,101414.6991919192,81219.53730128995,2.709416215651972,3.169873526106056,20.0,99,0,29,20,1.1228892192352948,15,3.118468327765568,31,40
B_306,V14,208810.62,2024-06-15 22:00:00,1,101404.49841584158,100941.99680096707,1.0640274708302442,2.0591646731394557,0.0,101,0,29,20,1.0222873020649035,15,3.15887685378423,21,40
A_357,V32,240096.09,2024-06-16 00:00:00,0,67081.75597222222,63875.16720999454,2.708589785279206,3.5791029530662026,8.0,72,1,36,25,0.8948915966018638,19,3.401818838691928,30,40
A_186,V40,132708.75,2024-06-16 00:00:00,0,57973.75227272727,46945.974214180664,1.5919023319014773,2.2890783452718506,2.0,66,1,36,25,0.8948915966018638,19,3.401818838691928,19,40
D_159,V14,16104.95,2024-06-16 00:00:00,0,101404.49841584158,100941.99680096707,-0.8450269074538154,0.15881732501286225,0.0,101,1,36,25,0.8948915966018638,19,3.401818838691928,21,40
A_1044,V34,46521.44,2024-06-16 00:00:00,0,87031.30054545455,69584.65178653522,-0.5821582395998075,0.5345307398338063,5.0,55,1,36,25,0.8948915966018638,19,3.401818838691928,32,40
A_1461,V22,61322.78,2024-06-16 00:00:00,0,85951.16571428571,86159.38158415664,-0.2858435079031084,0.7134524126342965,2.0,91,1,36,25,0.8948915966018638,19,3.401818838691928,29,40
A_1498,V31,74197.59,2024-06-16 00:00:00,0,67268.36175438597,41034.01405489689,0.16886135913939399,1.102992329121694,5.0,57,1,36,25,0.8948915966018638,19,3.401818838691928,18,40
D_632,V28,74164.29,2024-06-16 00:00:00,0,87976.94703125,91319.31227399668,-0.151255035022292,0.8429872769554015,10.0,64,1,36,25,0.8948915966018638,19,3.401818838691928,26,40
A_1465,V12,26791.61,2024-06-17 00:00:00,0,101944.13491379311,108863.03469822774,-0.690333819815853,0.2628042036793176,1.0,116,0,38,25,0.8703634352804788,22,3.4376995521154434,18,40
A_1487,V23,115793.85,2024-06-17 00:00:00,0,74902.77192307693,98110.10534391222,0.4167833797569213,1.545901454988348,15.0,52,0,38,25,0.8703634352804788,22,3.4376995521154434,26,40
A_112,V38,7977.5,2024-06-17 00:00:00,0,71190.65382978723,52355.46745943829,-1.2073609412010056,0.1120566747764208,10.0,47,0,38,25,0.8703634352804788,22,3.4376995521154434,25,40
A_908,V27,151711.49,2024-06-17 00:00:00,0,83207.86098360656,89047.01535564796,0.7692886668253918,1.8232612273095472,2.0,61,0,38,25,0.8703634352804788,22,3.4376995521154434,28,40
D_916,V30,56325.9,2024-06-17 00:00:00,0,73122.4169117647,57615.25065897187,-0.2915239488800228,0.7702853939110418,15.0,68,0,38,25,0.8703634352804788,22,3.4376995521154434,29,40
A_1401,V7,91014.54,2024-06-17 00:00:00,0,144842.31624309393,63932.34127505827,-0.8419359159020408,0.6283654804426609,5.0,181,0,38,25,0.8703634352804788,22,3.4376995521154434,3,40
A_1026,V23,80835.5,2024-06-17 00:00:00,0,74902.77192307693,98110.10534391222,0.0604694856522804,1.0791913133962694,0.0,52,0,38,25,0.8703634352804788,22,3.4376995521154434,26,40
A_301,V26,41352.71,2024-06-18 00:00:00,0,82902.77408450704,83596.62150892465,-0.49702447670800376,0.4988037089583832,4.0,71,0,36,24,0.809774147342967,22,3.38528737052724,30,40
D_651,V5,19418.61,2024-06-18 00:00:00,0,144407.3437244898,59983.82205994232,-2.0836726597203143,0.1344701386302712,7.0,196,0,36,24,0.809774147342967,22,3.38528737052724,3,40
D_164,V38,57613.4,2024-06-18 00:00:00,0,71190.65382978723,52355.46745943829,-0.2593233365162734,0.8092718303433208,1.0,47,0,36,24,0.809774147342967,22,3.38528737052724,25,40
D_737,V30,159671.84,2024-06-18 00:00:00,0,73122.4169117647,57615.25065897187,1.5021703442752228,2.1835938026893635,1.0,68,0,36,24,0.809774147342967,22,3.38528737052724,29,40
A_220,V29,71073.98,2024-06-18 00:00:00,0,74548.44014492753,60050.95281301047,-0.05785757135569423,0.9533804661957074,4.0,69,0,36,24,0.809774147342967,22,3.38528737052724,30,40
D_685,V23,48964.9,2024-06-18 00:00:00,0,74902.77192307693,98110.10534391222,-0.26437243604743843,0.653704062464103,1.0,52,0,36,24,0.809774147342967,22,3.38528737052724,26,40
A_10,V1,60812.78,2024-06-18 00:00:00,0,86403.7311111111,33948.99747755859,-0.75378359388766,0.7038130808114957,7.0,162,0,36,24,0.809774147342967,22,3.38528737052724,18,40
A_1417,V29,51780.34,2024-06-19 00:00:00,0,74548.44014492753,60050.95281301047,-0.37914004588364936,0.6945771812549717,1.0,69,0,43,27,0.8346507737251173,27,3.5269535256160416,30,40
A_404,V35,109918.49,2024-06-19 00:00:00,0,75008.17954545454,56348.584614378604,0.6195309281062115,1.4654005105253938,6.0,66,0,43,27,0.8346507737251173,27,3.5269535256160416,29,40
A_518,V34,122176.37,2024-06-19 00:00:00,0,87031.30054545455,69584.65178653522,0.5050620142548696,1.4038049004138489,3.0,55,0,43,27,0.8346507737251173,27,3.5269535256160416,32,40
D_206,V39,77513.97,2024-06-19 00:00:00,0,59686.60327868852,62062.45272865382,0.2872441982764655,1.2986611246237858,4.0,61,0,43,27,0.8346507737251173,27,3.5269535256160416,26,40
B_195,V14,207217.19,2024-06-19 05:00:00,1,101404.49841584158,100941.99680096707,1.048242027060016,2.0434512253985284,3.0,101,0,39,27,0.8069268671027021,21,3.4093319590903346,21,40
B_194,V14,60586.95,2024-06-19 20:00:00,1,101404.49841584158,100941.99680096707,-0.40436236003893367,0.5974720399434977,0.0,101,0,38,27,0.7756907430086718,19,3.3871667829993,21,40
B_196,V13,60766.24,2024-06-19 21:00:00,1,91248.5117,99126.94924086498,-0.3075043106756197,0.6659349608333301,6.0,100,0,37,26,0.7803092104056373,19,3.356556926925108,24,40
D_1,V6,50430.04,2024-06-20 00:00:00,0,144506.03180487806,76560.92735485801,-1.2287568384850587,0.34897983419999673,7.0,205,0,44,28,0.7363772464226139,25,3.527495987595554,9,40
A_773,V37,53893.26,2024-06-20 00:00:00,0,72052.50544117647,51928.02541711314,-0.349693553755625,0.7479616664035554,5.0,68,0,44,28,0.7363772464226139,25,3.527495987595554,25,40
A_1129,V39,103804.38,2024-06-20 00:00:00,0,59686.60327868852,62062.45272865382,0.7108495383619373,1.7391279645678686,1.0,61,0,44,28,0.7363772464226139,25,3.527495987595554,26,40
A_71,V36,53780.41,2024-06-20 00:00:00,0,77526.48523809524,111324.58196102447,-0.21330295175469038,0.6936947565735505,12.0,63,0,44,28,0.7363772464226139,25,3.527495987595554,20,40
D_865,V35,57625.34,2024-06-20 00:00:00,0,75008.17954545454,56348.584614378604,-0.3084821239484168,0.7682438382768849,1.0,66,0,44,28,0.7363772464226139,25,3.527495987595554,29,40
A_1195,V38,84295.55,2024-06-20 00:00:00,0,71190.65382978723,52355.46745943829,0.2503013821619158,1.1840650619178337,2.0,47,0,44,28,0.7363772464226139,25,3.527495987595554,25,40
D_456,V10,36380.31,2024-06-20 00:00:00,0,184110.51882978724,99924.56226640988,-1.478402577670028,0.19759931497623417,9.0,188,0,44,28,0.7363772464226139,25,3.527495987595554,4,40
D_372,V4,47035.79,2024-06-20 00:00:00,0,81228.63022988506,33321.06049362434,-1.0261322296208943,0.5790472007183303,11.0,174,0,44,28,0.7363772464226139,25,3.527495987595554,16,40
B_193,V12,20920.52,2024-06-20 04:00:00,1,101944.13491379311,108863.03469822774,-0.7442643030675046,0.20521352017132372,3.0,116,0,36,23,0.7558359346931036,21,3.3002430606466655,18,40
B_197,V15,169410.65,2024-06-20 16:00:00,1,101414.6991919192,81219.53730128995,0.837176815955401,1.6704578418318359,4.0,99,0,35,23,0.7705311789628793,20,3.281408099433484,31,40
A_1281,V9,16332.52,2024-06-21 00:00:00,0,188269.0858278146,100038.44686257221,-1.7186876899070629,0.0867504783257876,7.0,151,0,40,28,0.7252055923982301,20,3.4152121058666234,4,40
A_346,V17,250277.19,2024-06-21 00:00:00,0,105661.17514285714,95526.67662806554,1.5138650908490265,2.36865453187596,7.0,105,0,40,28,0.7252055923982301,20,3.4152121058666234,24,40
A_660,V29,46751.48,2024-06-21 00:00:00,0,74548.44014492753,60050.95281301047,-0.4628818688291718,0.6271204707790291,2.0,69,0,40,28,0.7252055923982301,20,3.4152121058666234,30,40
A_1427,V23,121207.54,2024-06-21 00:00:00,0,74902.77192307693,98110.10534391222,0.47196255627341444,1.618176720452411,3.0,52,0,40,28,0.7252055923982301,20,3.4152121058666234,26,40
D_655,V28,82796.35,2024-06-21 00:00:00,0,87976.94703125,91319.31227399668,-0.05672995308761298,0.9411034559671019,5.0,64,0,40,28,0.7252055923982301,20,3.4152121058666234,26,40
A_140,V17,85865.16,2024-06-21 00:00:00,0,105661.17514285714,95526.67662806554,-0.20722806040737698,0.812638580304719,0.0,105,0,40,28,0.7252055923982301,20,3.4152121058666234,24,40
A_481,V8,179754.31,2024-06-21 00:00:00,0,179937.1240782123,101867.69807590247,-0.001794605032412344,0.9989784595168258,13.0,179,0,40,28,0.7252055923982301,20,3.4152121058666234,4,40
A_1386,V11,36541.43,2024-06-22 00:00:00,0,182570.8592121212,102941.535881061,-1.4185528650745738,0.2001482055213357,9.0,165,0,42,27,0.7029229356014505,24,3.508608293096513,4,40
D_879,V39,24578.38,2024-06-22 00:00:00,0,59686.60327868852,62062.45272865382,-0.5656827284840945,0.4117836644443675,2.0,61,0,42,27,0.7029229356014505,24,3.508608293096513,26,40
A_920,V12,51283.4,2024-06-22 00:00:00,0,101944.13491379311,108863.03469822774,-0.4653578663901738,0.5030490179189648,1.0,116,0,42,27,0.7029229356014505,24,3.508608293096513,18,40
D_793,V5,52291.52,2024-06-22 00:00:00,0,144407.3437244898,59983.82205994232,-1.5356521960245084,0.3621087165140862,4.0,196,0,42,27,0.7029229356014505,24,3.508608293096513,3,40
A_999,V4,103226.04,2024-06-22 00:00:00,0,81228.63022988506,33321.06049362434,0.6601455445506976,1.2707929324295049,2.0,174,0,42,27,0.7029229356014505,24,3.508608293096513,16,40
A_12,V10,36594.72,2024-06-23 00:00:00,0,184110.51882978724,99924.56226640988,-1.4762568804616563,0.198763880894558,3.0,188,0,45,31,0.7137091822855167,23,3.575184727361956,4,40
A_435,V40,64505.2,2024-06-23 00:00:00,0,57973.75227272727,46945.974214180664,0.13912393368473688,1.1126429604485746,7.0,66,0,45,31,0.7137091822855167,23,3.575184727361956,19,40
A_1169,V34,87083.39,2024-06-23 00:00:00,0,87031.30054545455,69584.65178653522,0.00074856602199032,1.0005870171674798,0.0,55,0,45,31,0.7137091822855167,23,3.575184727361956,32,40
D_334,V33,163242.42,2024-06-23 00:00:00,0,88242.64793103449,64151.09930319075,1.169093028655342,1.8499056173151376,29.0,58,0,45,31,0.7137091822855167,23,3.575184727361956,32,40
D_381,V34,288439.75,2024-06-23 00:00:00,0,87031.30054545455,69584.65178653522,2.8943962481288112,3.314168971660768,4.0,55,0,45,31,0.7137091822855167,23,3.575184727361956,32,40
A_1320,V5,162092.7,2024-06-23 00:00:00,0,144407.3437244898,59983.82205994232,0.29483051992448006,1.1224607652120808,1.0,196,0,45,31,0.7137091822855167,23,3.575184727361956,3,40
D_194,V19,38747.82,2024-06-23 00:00:00,0,75791.63586956522,77277.72834882235,-0.4793533312602669,0.5112346279483244,9.0,92,0,45,31,0.7137091822855167,23,3.575184727361956,32,40
A_606,V10,107351.09,2024-06-23 00:00:00,0,184110.51882978724,99924.56226640988,-0.7681660937282515,0.5830764456364463,0.0,188,0,45,31,0.7137091822855167,23,3.575184727361956,4,40
A_1358,V24,35094.36,2024-06-23 00:00:00,0,69961.0374137931,66357.40093125252,-0.525429740989616,0.5016200399144051,21.0,58,0,45,31,0.7137091822855167,23,3.575184727361956,31,40
D_716,V26,11733.23,2024-06-23 00:00:00,0,82902.77408450704,83596.62150892465,-0.8513345571310205,0.14152829746978543,5.0,71,0,45,31,0.7137091822855167,23,3.575184727361956,30,40
D_567,V21,27839.1,2024-06-23 00:00:00,0,99317.54854545454,98935.44463436803,-0.7224683362092913,0.2803011160323093,9.0,110,0,45,31,0.7137091822855167,23,3.575184727361956,23,40
A_703,V12,20768.3,2024-06-23 00:00:00,0,101944.13491379311,108863.03469822774,-0.7456625609992629,0.20372036407193045,0.0,116,0,45,31,0.7137091822855167,23,3.575184727361956,18,40
D_514,V12,94942.72,2024-06-23 00:00:00,0,101944.13491379311,108863.03469822774,-0.0643133881010483,0.9313119265601592,1.0,116,0,45,31,0.7137091822855167,23,3.575184727361956,18,40
A_1490,V15,125585.86,2024-06-23 00:00:00,0,101414.6991919192,81219.53730128995,0.2975991246944992,1.2383276060873096,2.0,99,0,45,31,0.7137091822855167,23,3.575184727361956,31,40
A_136,V20,127789.02,2024-06-24 00:00:00,0,84574.58505376344,95035.94061676953,0.45471197479405456,1.5109445582760843,10.0,93,1,38,26,0.6300691459142547,22,3.4812081389582064,26,40
D_174,V10,10861.48,2024-06-24 00:00:00,0,184110.51882978724,99924.56226640988,-1.733780975561497,0.05899402747332466,1.0,188,1,38,26,0.6300691459142547,22,3.4812081389582064,4,40
A_1064,V30,56057.22,2024-06-24 00:00:00,0,73122.4169117647,57615.25065897187,-0.2961872165679934,0.7666110579548294,6.0,68,1,38,26,0.6300691459142547,22,3.4812081389582064,29,40
D_203,V32,67800.97,2024-06-24 00:00:00,0,67081.75597222222,63875.16720999454,0.011259505057862117,1.0107063882121239,8.0,72,1,38,26,0.6300691459142547,22,3.4812081389582064,30,40
A_512,V4,28092.57,2024-06-24 00:00:00,0,81228.63022988506,33321.06049362434,-1.5946210841328923,0.34584141181606054,2.0,174,1,38,26,0.6300691459142547,22,3.4812081389582064,16,40
D_615,V17,81745.46,2024-06-24 00:00:00,0,105661.17514285714,95526.67662806554,-0.2503537821397283,0.7736492258414961,3.0,105,1,38,26,0.6300691459142547,22,3.4812081389582064,24,40
A_116,V11,30579.15,2024-06-24 00:00:00,0,182570.8592121212,102941.535881061,-1.4764713916483583,0.16749103685509167,2.0,165,1,38,26,0.6300691459142547,22,3.4812081389582064,4,40
D_360,V34,55992.91,2024-06-24 00:00:00,0,87031.30054545455,69584.65178653522,-0.4460458406090615,0.643357806803653,1.0,55,1,38,26,0.6300691459142547,22,3.4812081389582064,32,40
D_276,V16,96602.71,2024-06-25 00:00:00,0,96281.34727272727,92447.62699932391,0.003476122228133057,1.0033273256868704,12.0,121,1,37,26,0.6572835471500512,17,3.4144319800549217,26,40
A_1168,V22,105608.33,2024-06-25 00:00:00,0,85951.16571428571,86159.38158415664,0.2281462073901596,1.2286872485686224,9.0,91,1,37,26,0.6572835471500512,17,3.4144319800549217,29,40
D_675,V9,26378.51,2024-06-25 00:00:00,0,188269.0858278146,100038.44686257221,-1.6182674025598072,0.1401099377206684,4.0,151,1,37,26,0.6572835471500512,17,3.4144319800549217,4,40
D_705,V27,79795.3,2024-06-25 00:00:00,0,83207.86098360656,89047.01535564796,-0.03832270680011411,0.9589759919405809,8.0,61,1,37,26,0.6572835471500512,17,3.4144319800549217,28,40
D_921,V31,30901.5,2024-06-25 00:00:00,0,67268.36175438597,41034.01405489689,-0.8862397781985444,0.4593696029527918,9.0,57,1,37,26,0.6572835471500512,17,3.4144319800549217,18,40
A_531,V36,17482.94,2024-06-25 00:00:00,0,77526.48523809524,111324.58196102447,-0.5393508318610607,0.22550634715298726,5.0,63,1,37,26,0.6572835471500512,17,3.4144319800549217,20,40
D_652,V4,41070.24,2024-06-26 00:00:00,0,81228.63022988506,33321.06049362434,-1.2051592739161119,0.505606634965204,0.0,174,1,34,24,0.6741300326590388,17,3.3324742039002215,16,40
D_131,V34,116995.39,2024-06-26 00:00:00,0,87031.30054545455,69584.65178653522,0.4306072974133366,1.3442755076765616,2.0,55,1,34,24,0.6741300326590388,17,3.3324742039002215,32,40
A_354,V29,37938.24,2024-06-26 00:00:00,0,74548.44014492753,60050.95281301047,-0.6096421253597568,0.5089004012135614,5.0,69,1,34,24,0.6741300326590388,17,3.3324742039002215,30,40
A_861,V4,57304.83,2024-06-26 00:00:00,0,81228.63022988506,33321.06049362434,-0.717956809257414,0.7054670794120773,2.0,174,1,34,24,0.6741300326590388,17,3.3324742039002215,16,40
A_552,V24,46102.41,2024-06-26 00:00:00,0,69961.0374137931,66357.40093125252,-0.35954192805988056,0.6589632278334829,3.0,58,1,34,24,0.6741300326590388,17,3.3324742039002215,31,40
D_973,V32,51545.13,2024-06-26 00:00:00,0,67081.75597222222,63875.16720999454,-0.2432304042467853,0.7683812218648847,2.0,72,1,34,24,0.6741300326590388,17,3.3324742039002215,30,40
A_182,V3,64826.01,2024-06-26 00:00:00,0,83925.30547297298,30830.50022220062,-0.6194734390258533,0.7724158669283506,22.0,148,1,34,24,0.6741300326590388,17,3.3324742039002215,16,40
D_170,V2,73547.1,2024-06-26 00:00:00,0,89201.08671052632,40922.37405936534,-0.382519454232144,0.8244997702651395,15.0,152,1,34,24,0.6741300326590388,17,3.3324742039002215,20,40
A_716,V30,120403.88,2024-06-26 00:00:00,0,73122.4169117647,57615.25065897187,0.8206272110292679,1.6465844333462547,2.0,68,1,34,24,0.6741300326590388,17,3.3324742039002215,29,40
A_1254,V28,51262.83,2024-06-27 00:00:00,0,87976.94703125,91319.31227399668,-0.402036700456009,0.5826781793600083,6.0,64,0,32,25,0.6180969538613037,13,3.2220435696296987,26,40
A_51,V36,106439.47,2024-06-27 00:00:00,0,77526.48523809524,111324.58196102447,0.2597155501242052,1.3729256104865644,2.0,63,0,32,25,0.6180969538613037,13,3.2220435696296987,20,40
A_374,V8,14375.96,2024-06-27 00:00:00,0,179937.1240782123,101867.69807590247,-1.6252407972746694,0.07989390838459176,6.0,179,0,32,25,0.6180969538613037,13,3.2220435696296987,4,40
D_742,V10,100674.77,2024-06-27 00:00:00,0,184110.51882978724,99924.56226640988,-0.8349790277620913,0.5468140757291494,3.0,188,0,32,25,0.6180969538613037,13,3.2220435696296987,4,40
A_1317,V6,26046.77,2024-06-27 00:00:00,0,144506.03180487806,76560.92735485801,-1.5472345837877026,0.18024569236997331,7.0,205,0,32,25,0.6180969538613037,13,3.2220435696296987,9,40
A_634,V25,71725.23,2024-06-27 00:00:00,0,84963.20919354838,94781.91364408535,-0.13966630360465246,0.8441816934541225,24.0,62,0,32,25,0.6180969538613037,13,3.2220435696296987,26,40
A_1136,V26,163165.3,2024-06-27 00:00:00,0,82902.77408450704,83596.62150892465,0.9601053770043486,1.9681287348110263,4.0,71,0,32,25,0.6180969538613037,13,3.2220435696296987,30,40
A_184,V13,38925.56,2024-06-27 00:00:00,0,91248.5117,99126.94924086498,-0.5278324841852992,0.4265837622011077,7.0,100,0,32,25,0.6180969538613037,13,3.2220435696296987,24,40
A_149,V17,66080.91,2024-06-28 00:00:00,0,105661.17514285714,95526.67662806554,-0.4143329612941582,0.625397971513055,4.0,105,0,32,23,0.6241124084007408,15,3.1990118908030647,24,40
D_890,V28,57043.44,2024-06-28 00:00:00,0,87976.94703125,91319.31227399668,-0.3387363255880836,0.6483833952130983,1.0,64,0,32,23,0.6241124084007408,15,3.1990118908030647,26,40
D_609,V5,100560.34,2024-06-28 00:00:00,0,144407.3437244898,59983.82205994232,-0.7309683052935267,0.6963610093877578,5.0,196,0,32,23,0.6241124084007408,15,3.1990118908030647,3,40
D_995,V4,30227.74,2024-06-28 00:00:00,0,81228.63022988506,33321.06049362434,-1.5305443143182365,0.37212701712975377,2.0,174,0,32,23,0.6241124084007408,15,3.1990118908030647,16,40
A_420,V22,50411.76,2024-06-28 00:00:00,0,85951.16571428571,86159.38158415664,-0.4124796694356885,0.586509479791052,3.0,91,0,32,23,0.6241124084007408,15,3.1990118908030647,29,40
A_310,V12,67985.85,2024-06-28 00:00:00,0,101944.13491379311,108863.03469822774,-0.31193299980040085,0.6668866548412559,5.0,116,0,32,23,0.6241124084007408,15,3.1990118908030647,18,40
A_330,V27,20616.49,2024-06-28 00:00:00,0,83207.86098360656,89047.01535564796,-0.7028946207686214,0.24776796312668878,3.0,61,0,32,23,0.6241124084007408,15,3.1990118908030647,28,40
A_619,V4,91606.73,2024-06-29 00:00:00,0,81228.63022988506,33321.06049362434,0.3114483203132237,1.1277501786078192,1.0,174,0,30,22,0.6502316095956211,14,3.1284360037794006,16,40
D_784,V40,10607.07,2024-06-29 00:00:00,0,57973.75227272727,46945.974214180664,-1.0089400449245531,0.18296016083176644,6.0,66,0,30,22,0.6502316095956211,14,3.1284360037794006,19,40
A_214,V36,47107.51,2024-06-29 00:00:00,0,77526.48523809524,111324.58196102447,-0.2732433525363922,0.6076233461633352,2.0,63,0,30,22,0.6502316095956211,14,3.1284360037794006,20,40
D_192,V14,9716.75,2024-06-29 00:00:00,0,101404.49841584158,100941.99680096707,-0.9083121298313106,0.09582074100315302,9.0,101,0,30,22,0.6502316095956211,14,3.1284360037794006,21,40
A_1454,V22,30744.76,2024-06-29 00:00:00,0,85951.16571428571,86159.38158415664,-0.6407400327070649,0.3576961644247441,1.0,91,0,30,22,0.6502316095956211,14,3.1284360037794006,29,40
D_661,V27,17397.43,2024-06-29 00:00:00,0,83207.86098360656,89047.01535564796,-0.739044331541438,0.2090814583248239,1.0,61,0,30,22,0.6502316095956211,14,3.1284360037794006,28,40
A_1381,V26,160989.81,2024-06-29 00:00:00,0,82902.77408450704,83596.62150892465,0.93408202896247,1.9418875892899259,2.0,71,0,30,22,0.6502316095956211,14,3.1284360037794006,30,40
A_998,V28,112434.25,2024-06-30 00:00:00,0,87976.94703125,91319.31227399668,0.2678188713959772,1.2779821966073277,2.0,64,0,30,20,0.6684917433615476,17,3.185706905532876,26,40
A_408,V3,38592.25,2024-06-30 00:00:00,0,83925.30547297298,30830.50022220062,-1.4703486741242104,0.4598349681010082,4.0,148,0,30,20,0.6684917433615476,17,3.185706905532876,16,40
D_454,V20,34127.39,2024-06-30 00:00:00,0,84574.58505376344,95035.94061676953,-0.5308166985003081,0.40351349598475406,6.0,93,0,30,20,0.6684917433615476,17,3.185706905532876,26,40
B_117,V16,35640.66,2024-06-30 09:00:00,1,96281.34727272727,92447.62699932391,-0.6559392955957123,0.37016816695427096,5.0,121,0,27,19,0.6632110091562055,14,3.074119883923615,26,40
B_119,V18,6158.14,2024-06-30 14:00:00,1,93668.06014705882,102265.70386062763,-0.8557029496748049,0.06574358694676584,16.0,136,0,26,19,0.6745044095796223,12,3.036208278077612,23,40
A_1250,V38,131693.85,2024-07-01 00:00:00,0,71190.65382978723,52355.46745943829,1.1556011913348803,1.8498495668448443,11.0,47,0,33,19,0.7216447054869388,23,3.301664832917607,25,40
A_1158,V33,123842.73,2024-07-01 00:00:00,0,88242.64793103449,64151.09930319075,0.5549324567028605,1.4034180692165792,8.0,58,0,33,19,0.7216447054869388,23,3.301664832917607,32,40
D_300,V11,28899.98,2024-07-01 00:00:00,0,182570.8592121212,102941.535881061,-1.4927831133834832,0.1582937267808756,7.0,165,0,33,19,0.7216447054869388,23,3.301664832917607,4,40
A_519,V2,57809.97,2024-07-01 00:00:00,0,89201.08671052632,40922.37405936534,-0.7670705906357796,0.6480786731772511,5.0,152,0,33,19,0.7216447054869388,23,3.301664832917607,20,40
D_345,V19,42343.35,2024-07-01 00:00:00,0,75791.63586956522,77277.72834882235,-0.4328265563401308,0.5586736694692935,8.0,92,0,33,19,0.7216447054869388,23,3.301664832917607,32,40
B_118,V17,40651.6,2024-07-01 06:00:00,1,105661.17514285714,95526.67662806554,-0.6805313123647945,0.3847318110292383,3.0,105,0,28,16,0.7145188114976344,21,3.13081901335266,24,40
B_116,V17,132738.54,2024-07-01 07:00:00,1,105661.17514285714,95526.67662806554,0.28345047019794967,1.2562540930142232,0.0,105,0,27,16,0.728340091355276,20,3.0933915461434216,24,40
B_115,V17,49190.92,2024-07-01 13:00:00,1,105661.17514285714,95526.67662806554,-0.5911402552238612,0.46554900023109497,0.0,105,0,26,16,0.7052467774409433,18,3.0546916754741127,24,40
A_1268,V20,38611.21,2024-07-02 00:00:00,0,84574.58505376344,95035.94061676953,-0.4836369390204579,0.45652903229052955,2.0,93,0,38,20,0.8283742183380167,27,3.392958045796277,26,40
D_788,V32,17130.91,2024-07-02 00:00:00,0,67081.75597222222,63875.16720999454,-0.7819950406230156,0.25536980035664614,6.0,72,0,38,20,0.8283742183380167,27,3.392958045796277,30,40
A_1245,V27,187270.0,2024-07-02 00:00:00,0,83207.86098360656,89047.01535564796,1.168607055427128,2.250601652111247,3.0,61,0,38,20,0.8283742183380167,27,3.392958045796277,28,40
A_1009,V9,42657.03,2024-07-02 00:00:00,0,188269.0858278146,100038.44686257221,-1.4555463908936555,0.22657359406003919,7.0,151,0,38,20,0.8283742183380167,27,3.392958045796277,4,40
D_414,V15,26103.61,2024-07-02 00:00:00,0,101414.6991919192,81219.53730128995,-0.9272419475944922,0.2573922006947021,9.0,99,0,38,20,0.8283742183380167,27,3.392958045796277,31,40
A_169,V15,70282.58,2024-07-03 00:00:00,0,101414.6991919192,81219.53730128995,-0.3833035365973225,0.6930147951452483,1.0,99,0,37,19,0.9429598804110759,28,3.3552607544432784,31,40
D_750,V19,36010.31,2024-07-03 00:00:00,0,75791.63586956522,77277.72834882235,-0.5147771802092735,0.4751162113159869,0.0,92,0,37,19,0.9429598804110759,28,3.3552607544432784,32,40
D_523,V16,97217.3,2024-07-03 00:00:00,0,96281.34727272727,92447.62699932391,0.010124030584895251,1.0097105310968832,2.0,121,0,37,19,0.9429598804110759,28,3.3552607544432784,26,40
A_1469,V19,30127.21,2024-07-03 00:00:00,0,75791.63586956522,77277.72834882235,-0.5909055033028516,0.39749521380741004,2.0,92,0,37,19,0.9429598804110759,28,3.3552607544432784,32,40
A_714,V23,66008.57,2024-07-03 00:00:00,0,74902.77192307693,98110.10534391222,-0.09065438506578609,0.8812449400784259,12.0,52,0,37,19,0.9429598804110759,28,3.3552607544432784,26,40
D_56,V12,135322.46,2024-07-04 00:00:00,0,101944.13491379311,108863.03469822774,0.30660562212976905,1.3274047860590055,6.0,116,0,36,20,0.9409201710993125,25,3.3226579518932575,18,40
A_1356,V20,65155.35,2024-07-04 00:00:00,0,84574.58505376344,95035.94061676953,-0.2043335457532275,0.7703801275342254,2.0,93,0,36,20,0.9409201710993125,25,3.3226579518932575,26,40
A_679,V29,111141.78,2024-07-04 00:00:00,0,74548.44014492753,60050.95281301047,0.6093613636348623,1.4908466084243595,8.0,69,0,36,20,0.9409201710993125,25,3.3226579518932575,30,40
A_248,V28,53615.49,2024-07-04 00:00:00,0,87976.94703125,91319.31227399668,-0.3762739764637706,0.6094196535519933,4.0,64,0,36,20,0.9409201710993125,25,3.3226579518932575,26,40
D_811,V38,28058.3,2024-07-04 00:00:00,0,71190.65382978723,52355.46745943829,-0.8238209322124878,0.3941234469293949,3.0,47,0,36,20,0.9409201710993125,25,3.3226579518932575,25,40
A_964,V5,41093.99,2024-07-04 00:00:00,0,144407.3437244898,59983.82205994232,-1.722324917814204,0.2845679753685243,6.0,196,0,36,20,0.9409201710993125,25,3.3226579518932575,3,40
A_940,V31,25972.45,2024-07-04 00:00:00,0,67268.36175438597,41034.01405489689,-1.006357928844378,0.38609627507438915,9.0,57,0,36,20,0.9409201710993125,25,3.3226579518932575,18,40
A_1412,V28,158693.59,2024-07-05 00:00:00,0,87976.94703125,91319.31227399668,0.774380214081752,1.8037882828026393,1.0,64,0,37,23,0.9877350881567913,22,3.3755454021692386,26,40
D_560,V28,43296.77,2024-07-05 00:00:00,0,87976.94703125,91319.31227399668,-0.48926877184992523,0.49213207924277735,0.0,64,0,37,23,0.9877350881567913,22,3.3755454021692386,26,40
A_207,V5,60760.96,2024-07-05 00:00:00,0,144407.3437244898,59983.82205994232,-1.3944591456969344,0.42075795922099285,1.0,196,0,37,23,0.9877350881567913,22,3.3755454021692386,3,40
D_818,V38,120737.9,2024-07-05 00:00:00,0,71190.65382978723,52355.46745943829,0.9463443309768389,1.695955824943656,1.0,47,0,37,23,0.9877350881567913,22,3.3755454021692386,25,40
D_713,V16,103760.64,2024-07-05 00:00:00,0,96281.34727272727,92447.62699932391,0.08090215041622437,1.0776704446775678,2.0,121,0,37,23,0.9877350881567913,22,3.3755454021692386,26,40
D_104,V24,38731.85,2024-07-05 00:00:00,0,69961.0374137931,66357.40093125252,-0.4706139234148609,0.5536123793954,9.0,58,0,37,23,0.9877350881567913,22,3.3755454021692386,31,40
A_537,V24,32266.66,2024-07-05 00:00:00,0,69961.0374137931,66357.40093125252,-0.5680422807783536,0.46120240623007625,0.0,58,0,37,23,0.9877350881567913,22,3.3755454021692386,31,40
D_91,V15,24286.52,2024-07-05 00:00:00,0,101414.6991919192,81219.53730128995,-0.9496142448037491,0.23947495499725502,2.0,99,0,37,23,0.9877350881567913,22,3.3755454021692386,31,40
A_1385,V7,50729.45,2024-07-06 00:00:00,0,144842.31624309393,63932.34127505827,-1.4720467343978676,0.35023673384320736,19.0,181,0,44,27,1.1076742524143286,29,3.491888254116162,3,40
A_880,V20,59235.9,2024-07-06 00:00:00,0,84574.58505376344,95035.94061676953,-0.2666193260149239,0.7003900707555806,2.0,93,0,44,27,1.1076742524143286,29,3.491888254116162,26,40
A_517,V15,161107.69,2024-07-06 00:00:00,0,101414.6991919192,81219.53730128995,0.7349494695737843,1.5885872826762217,0.0,99,0,44,27,1.1076742524143286,29,3.491888254116162,31,40
D_361,V15,40828.57,2024-07-06 00:00:00,0,101414.6991919192,81219.53730128995,-0.7459459295026969,0.4025862891576181,1.0,99,0,44,27,1.1076742524143286,29,3.491888254116162,31,40
A_1459,V5,329089.83,2024-07-06 00:00:00,0,144407.3437244898,59983.82205994232,3.0788202737512265,2.2788837646933735,1.0,196,0,44,27,1.1076742524143286,29,3.491888254116162,3,40
A_968,V29,184293.27,2024-07-06 00:00:00,0,74548.44014492753,60050.95281301047,1.8274981031307251,2.472094621257053,2.0,69,0,44,27,1.1076742524143286,29,3.491888254116162,30,40
A_1280,V24,83218.55,2024-07-06 00:00:00,0,69961.0374137931,66357.40093125252,0.199786498772653,1.1894815113488013,1.0,58,0,44,27,1.1076742524143286,29,3.491888254116162,31,40
A_1352,V33,87259.63,2024-07-06 00:00:00,0,88242.64793103449,64151.09930319075,-0.015323238704763481,0.9888488525337991,5.0,58,0,44,27,1.1076742524143286,29,3.491888254116162,32,40
A_11,V28,44380.03,2024-07-06 00:00:00,0,87976.94703125,91319.31227399668,-0.47740656975024565,0.5044449375959648,1.0,64,0,44,27,1.1076742524143286,29,3.491888254116162,26,40
A_1192,V8,120620.87,2024-07-06 00:00:00,0,179937.1240782123,101867.69807590247,-0.5822814583731669,0.6703463794452512,9.0,179,0,44,27,1.1076742524143286,29,3.491888254116162,4,40
A_30,V16,82666.64,2024-07-06 00:00:00,0,96281.34727272727,92447.62699932391,-0.1472678147272738,0.8585856321703529,1.0,121,0,44,27,1.1076742524143286,29,3.491888254116162,26,40
A_1439,V37,64411.61,2024-07-06 00:00:00,0,72052.50544117647,51928.02541711314,-0.14714112925867515,0.8939413787797568,16.0,68,0,44,27,1.1076742524143286,29,3.491888254116162,25,40
D_852,V39,32543.11,2024-07-06 00:00:00,0,59686.60327868852,62062.45272865382,-0.43735068039739833,0.5452239361673202,14.0,61,0,44,27,1.1076742524143286,29,3.491888254116162,26,40
A_934,V4,74323.55,2024-07-07 00:00:00,0,81228.63022988506,33321.06049362434,-0.20722248647277502,0.9149807747451218,8.0,174,0,40,25,1.1277386525948083,24,3.347632980443562,16,40
A_164,V22,68097.71,2024-07-07 00:00:00,0,85951.16571428571,86159.38158415664,-0.2072118923573644,0.7922745102940646,8.0,91,0,40,25,1.1277386525948083,24,3.347632980443562,29,40
D_161,V33,54966.0,2024-07-07 00:00:00,0,88242.64793103449,64151.09930319075,-0.5187148712587711,0.6228890270148154,1.0,58,0,40,25,1.1277386525948083,24,3.347632980443562,32,40
A_1150,V24,340825.93,2024-07-07 00:00:00,0,69961.0374137931,66357.40093125252,4.081847795983265,4.8715838274430485,1.0,58,0,40,25,1.1277386525948083,24,3.347632980443562,31,40
A_235,V2,132367.76,2024-07-08 00:00:00,0,89201.08671052632,40922.37405936534,1.0548170643714303,1.4839087837659286,7.0,152,0,47,28,1.1480605373479538,30,3.4993752919297103,20,40
A_65,V24,46544.09,2024-07-08 00:00:00,0,69961.0374137931,66357.40093125252,-0.3528859509145365,0.6652763658770144,1.0,58,0,47,28,1.1480605373479538,30,3.4993752919297103,31,40
A_482,V3,47749.04,2024-07-08 00:00:00,0,83925.30547297298,30830.50022220062,-1.1733540441513706,0.5689400925121952,8.0,148,0,47,28,1.1480605373479538,30,3.4993752919297103,16,40
A_146,V6,31590.48,2024-07-08 00:00:00,0,144506.03180487806,76560.92735485801,-1.4748264013982315,0.21860860060190934,11.0,205,0,47,28,1.1480605373479538,30,3.4993752919297103,9,40
D_559,V36,76432.59,2024-07-09 00:00:00,0,77526.48523809524,111324.58196102447,-0.009826090453119902,0.9858773280890938,10.0,63,0,50,29,1.1505605787925888,31,3.550121930331713,20,40
A_871,V4,99815.56,2024-07-09 00:00:00,0,81228.63022988506,33321.06049362434,0.5577965316301869,1.2288072679577091,2.0,174,0,50,29,1.1505605787925888,31,3.550121930331713,16,40
A_578,V20,126332.46,2024-07-09 00:00:00,0,84574.58505376344,95035.94061676953,0.439385723858921,1.493722566857709,3.0,93,0,50,29,1.1505605787925888,31,3.550121930331713,26,40
D_941,V1,99380.17,2024-07-09 00:00:00,0,86403.7311111111,33948.99747755859,0.3822220869814938,1.15017046777454,21.0,162,0,50,29,1.1505605787925888,31,3.550121930331713,18,40
A_881,V14,89814.71,2024-07-09 00:00:00,0,101404.49841584158,100941.99680096707,-0.11481518067760135,0.8856986199277843,10.0,101,0,50,29,1.1505605787925888,31,3.550121930331713,21,40
D_475,V40,180581.61,2024-07-09 00:00:00,0,57973.75227272727,46945.974214180664,2.6116242799357696,3.1148319384013985,10.0,66,0,50,29,1.1505605787925888,31,3.550121930331713,19,40
D_389,V20,29332.07,2024-07-09 00:00:00,0,84574.58505376344,95035.94061676953,-0.5812741308300885,0.34681486366726333,0.0,93,0,50,29,1.1505605787925888,31,3.550121930331713,26,40
D_398,V11,39698.48,2024-07-09 00:00:00,0,182570.8592121212,102941.535881061,-1.3878847843538147,0.21744030088380875,8.0,165,0,50,29,1.1505605787925888,31,3.550121930331713,4,40
B_436,V18,99906.57,2024-07-09 03:00:00,1,93668.06014705882,102265.70386062763,0.06100235577596433,1.0665909302724763,8.0,136,0,42,26,1.1825591409566472,24,3.340935135181142,23,40
B_276,V20,13468.74,2024-07-09 11:00:00,1,84574.58505376344,95035.94061676953,-0.7481916462409419,0.15925092320009518,0.0,93,0,41,26,1.1853232998169565,23,3.3085080834516525,26,40
B_437,V17,315232.49,2024-07-09 16:00:00,1,105661.17514285714,95526.67662806554,2.193828241768123,2.9833995900027617,8.0,105,0,40,26,1.207893836405656,22,3.2982533040331417,24,40
B_277,V22,176644.54,2024-07-09 16:00:00,1,85951.16571428571,86159.38158415664,1.0526111029015126,2.0551493790998303,2.0,91,0,40,26,1.207893836405656,22,3.2982533040331417,29,40
B_438,V18,2490.99,2024-07-09 19:00:00,1,93668.06014705882,102265.70386062763,-0.8915616393710887,0.026593519739486957,0.0,136,0,38,26,1.1366057499960238,19,3.23370942964396,23,40
A_165,V16,89727.09,2024-07-10 00:00:00,0,96281.34727272727,92447.62699932391,-0.07089620998671198,0.9319163121962638,4.0,121,0,46,29,0.9865606149125787,29,3.3826497304203027,26,40
D_9,V39,41889.81,2024-07-10 00:00:00,0,59686.60327868852,62062.45272865382,-0.2867515823925792,0.7018175919111962,4.0,61,0,46,29,0.9865606149125787,29,3.3826497304203027,26,40
A_281,V34,110688.76,2024-07-10 00:00:00,0,87031.30054545455,69584.65178653522,0.339976113568906,1.2718124110966174,14.0,55,0,46,29,0.9865606149125787,29,3.3826497304203027,32,40
A_122,V6,420313.71,2024-07-10 00:00:00,0,144506.03180487806,76560.92735485801,3.6024129449716806,2.9086038565066676,2.0,205,0,46,29,0.9865606149125787,29,3.3826497304203027,9,40
A_993,V10,41237.75,2024-07-10 00:00:00,0,184110.51882978724,99924.56226640988,-1.4297919930525538,0.22398245510170753,13.0,188,0,46,29,0.9865606149125787,29,3.3826497304203027,4,40
D_136,V24,41469.07,2024-07-10 00:00:00,0,69961.0374137931,66357.40093125252,-0.42936488845339815,0.5927367402800124,2.0,58,0,46,29,0.9865606149125787,29,3.3826497304203027,31,40
A_731,V18,213365.27,2024-07-10 00:00:00,0,93668.06014705882,102265.70386062763,1.1704416524078882,2.2778628254091604,0.0,136,0,46,29,0.9865606149125787,29,3.3826497304203027,23,40
A_199,V14,84644.88,2024-07-10 00:00:00,0,101404.49841584158,100941.99680096707,-0.1660305216506214,0.8347168676484388,1.0,101,0,46,29,0.9865606149125787,29,3.3826497304203027,21,40
A_1152,V7,127916.85,2024-07-10 00:00:00,0,144842.31624309393,63932.34127505827,-0.26473614401406076,0.883139473176064,4.0,181,0,46,29,0.9865606149125787,29,3.3826497304203027,3,40
D_678,V31,91208.89,2024-07-10 00:00:00,0,67268.36175438597,41034.01405489689,0.583417084092776,1.3558756560382137,6.0,57,0,46,29,0.9865606149125787,29,3.3826497304203027,18,40
B_225,V13,14339.01,2024-07-10 01:00:00,1,91248.5117,99126.94924086498,-0.7758609180254732,0.1571406765127928,13.0,100,0,36,24,0.9199124515071141,20,3.0951466656558573,24,40
B_279,V22,350565.58,2024-07-10 04:00:00,1,85951.16571428571,86159.38158415664,3.0711843357756456,4.07861252926794,0.0,91,0,35,24,0.9408348871998813,19,3.0800606063570775,29,40
B_278,V20,206875.08,2024-07-10 11:00:00,1,84574.58505376344,95035.94061676953,1.286873232161435,2.446037823663798,1.0,93,0,34,23,0.857612195688516,19,3.073639690159951,26,40
B_226,V15,48568.26,2024-07-10 11:00:00,1,101414.6991919192,81219.53730128995,-0.6506536517467717,0.4789027772523598,4.0,99,0,34,23,0.857612195688516,19,3.073639690159951,31,40
B_435,V17,53748.15,2024-07-10 15:00:00,1,105661.17514285714,95526.67662806554,-0.5434343948820102,0.508679193167579,0.0,105,0,32,22,0.8262060528509594,18,2.9974986625089444,24,40
B_275,V19,1702.87,2024-07-10 15:00:00,1,75791.63586956522,77277.72834882235,-0.9587213383628906,0.022467486193916537,7.0,92,0,32,22,0.8262060528509594,18,2.9974986625089444,32,40
A_1433,V4,61255.13,2024-07-11 00:00:00,0,81228.63022988506,33321.06049362434,-0.5994077177102144,0.7540983484307887,2.0,174,0,39,26,0.9113217449370218,22,3.268081479407388,16,40
A_534,V26,95515.54,2024-07-11 00:00:00,0,82902.77408450704,83596.62150892465,0.15087469820114982,1.152125353215371,12.0,71,0,39,26,0.9113217449370218,22,3.268081479407388,30,40
A_594,V11,126949.19,2024-07-11 00:00:00,0,182570.8592121212,102941.535881061,-0.5403176513582882,0.6953382111999201,2.0,165,0,39,26,0.9113217449370218,22,3.268081479407388,4,40
B_76,V17,109126.89,2024-07-11 02:00:00,1,105661.17514285714,95526.67662806554,0.03627969379634892,1.0327904934046503,0.0,105,0,37,27,0.9103503262954178,16,3.185077619466151,24,40
B_222,V12,86047.92,2024-07-11 12:00:00,1,101944.13491379311,108863.03469822774,-0.14601897640352562,0.8440610733681787,7.0,116,0,39,27,0.9070225203260559,19,3.244026732786262,18,40
B_77,V18,88603.55,2024-07-11 14:00:00,1,93668.06014705882,102265.70386062763,-0.04952257143205564,0.9459212023788213,1.0,136,0,38,27,0.9088371959499273,17,3.2068234728087206,23,40
B_79,V16,227114.65,2024-07-11 15:00:00,1,96281.34727272727,92447.62699932391,1.4152000627140684,2.3588399788040064,1.0,121,0,37,27,0.9078280052409146,16,3.167974837760248,26,40
B_75,V18,8282.88,2024-07-11 16:00:00,1,93668.06014705882,102265.70386062763,-0.8349264904775311,0.08842706425148304,0.0,136,0,36,27,0.8660819422652895,14,3.1353239222214415,23,40
B_223,V13,122243.58,2024-07-11 20:00:00,1,91248.5117,99126.94924086498,0.31267738854041016,1.3396628400807102,1.0,100,0,35,27,0.8884743984111158,13,3.1246599787420686,24,40
B_224,V13,406185.89,2024-07-11 23:00:00,1,91248.5117,99126.94924086498,3.1770795291522957,4.451376039527892,0.0,100,0,34,27,0.8754523807764313,11,3.079747413498869,24,40
A_1140,V30,273664.97,2024-07-12 00:00:00,0,73122.4169117647,57615.25065897187,3.48065954994604,3.7425079619873522,16.0,68,0,43,28,0.7789637351800269,24,3.3893196806179966,29,40
D_409,V20,47276.68,2024-07-12 00:00:00,0,84574.58505376344,95035.94061676953,-0.392456920558553,0.5589873244145686,1.0,93,0,43,28,0.7789637351800269,24,3.3893196806179966,26,40
A_345,V5,56831.42,2024-07-12 00:00:00,0,144407.3437244898,59983.82205994232,-1.4599680505341155,0.39354665065909294,6.0,196,0,43,28,0.7789637351800269,24,3.3893196806179966,3,40
D_11,V38,20015.06,2024-07-12 00:00:00,0,71190.65382978723,52355.46745943829,-0.977445506029109,0.2811433493012283,7.0,47,0,43,28,0.7789637351800269,24,3.3893196806179966,25,40
B_78,V18,105900.89,2024-07-12 01:00:00,1,93668.06014705882,102265.70386062763,0.11961693680489087,1.1305855939382483,0.0,136,0,39,26,0.7501752784276481,22,3.3087180269147622,23,40
A_1368,V20,19523.36,2024-07-13 00:00:00,0,84574.58505376344,95035.94061676953,-0.6844835769290849,0.23083919534921682,1.0,93,0,48,29,0.7873190070012349,31,3.5448552474921913,26,40
D_165,V34,19071.33,2024-07-13 00:00:00,0,87031.30054545455,69584.65178653522,-0.9766376947065509,0.219129333367898,3.0,55,0,48,29,0.7873190070012349,31,3.5448552474921913,32,40
D_322,V23,84383.76,2024-07-13 00:00:00,0,74902.77192307693,98110.10534391222,0.09663521824251224,1.1265622255533223,10.0,52,0,48,29,0.7873190070012349,31,3.5448552474921913,26,40
A_695,V4,35168.13,2024-07-13 00:00:00,0,81228.63022988506,33321.06049362434,-1.382282474359532,0.4329470650115227,2.0,174,0,48,29,0.7873190070012349,31,3.5448552474921913,16,40
A_458,V3,25108.18,2024-07-13 00:00:00,0,83925.30547297298,30830.50022220062,-1.9076958645891953,0.29916937077714756,5.0,148,0,48,29,0.7873190070012349,31,3.5448552474921913,16,40
A_297,V32,193227.54,2024-07-13 00:00:00,0,67081.75597222222,63875.16720999454,1.974848985742527,2.880435324988915,11.0,72,0,48,29,0.7873190070012349,31,3.5448552474921913,30,40
A_1202,V12,50147.38,2024-07-14 00:00:00,0,101944.13491379311,108863.03469822774,-0.4757930849924336,0.4919055729575094,2.0,116,0,47,28,0.7408970904582882,34,3.5329025167057497,18,40
D_251,V11,11874.35,2024-07-14 00:00:00,0,182570.8592121212,102941.535881061,-1.658172763582807,0.06503932233172792,3.0,165,0,47,28,0.7408970904582882,34,3.5329025167057497,4,40
D_762,V30,58421.35,2024-07-14 00:00:00,0,73122.4169117647,57615.25065897187,-0.25515486939231236,0.7989417407900244,2.0,68,0,47,28,0.7408970904582882,34,3.5329025167057497,29,40
A_832,V28,27657.26,2024-07-14 00:00:00,0,87976.94703125,91319.31227399668,-0.6605286987003214,0.31436582613340663,8.0,64,0,47,28,0.7408970904582882,34,3.5329025167057497,26,40
D_482,V2,35797.53,2024-07-14 00:00:00,0,89201.08671052632,40922.37405936534,-1.3049646549929301,0.40130821284672596,6.0,152,0,47,28,0.7408970904582882,34,3.5329025167057497,20,40
A_802,V27,27707.39,2024-07-14 00:00:00,0,83207.86098360656,89047.01535564796,-0.6232645473562077,0.33298605067384335,12.0,61,0,47,28,0.7408970904582882,34,3.5329025167057497,28,40
A_194,V20,25165.73,2024-07-14 00:00:00,0,84574.58505376344,95035.94061676953,-0.6251132945590695,0.2975531293576334,1.0,93,0,47,28,0.7408970904582882,34,3.5329025167057497,26,40
D_938,V7,14337.28,2024-07-14 00:00:00,0,144842.31624309393,63932.34127505827,-2.041267258059085,0.0989847538145109,4.0,181,0,47,28,0.7408970904582882,34,3.5329025167057497,3,40
D_689,V39,5764.14,2024-07-14 00:00:00,0,59686.60327868852,62062.45272865382,-0.8688279640909066,0.0965718119571085,4.0,61,0,47,28,0.7408970904582882,34,3.5329025167057497,26,40
D_768,V26,19435.73,2024-07-15 00:00:00,0,82902.77408450704,83596.62150892465,-0.7591967682684785,0.23443721609330362,4.0,71,0,44,27,0.7949215896605315,29,3.4933820450603417,30,40
D_230,V37,294138.25,2024-07-15 00:00:00,0,72052.50544117647,51928.02541711314,4.276716976198738,4.082219847584384,9.0,68,0,44,27,0.7949215896605315,29,3.4933820450603417,25,40
A_266,V20,69778.29,2024-07-15 00:00:00,0,84574.58505376344,95035.94061676953,-0.15568993443747914,0.82504058299618,1.0,93,0,44,27,0.7949215896605315,29,3.4933820450603417,26,40
D_472,V29,122642.75,2024-07-15 00:00:00,0,74548.44014492753,60050.95281301047,0.8008783661844991,1.6451196650380857,9.0,69,0,44,27,0.7949215896605315,29,3.4933820450603417,30,40
D_552,V14,101361.9,2024-07-15 00:00:00,0,101404.49841584158,100941.99680096707,-0.00042200466789760687,0.9995700586603027,5.0,101,0,44,27,0.7949215896605315,29,3.4933820450603417,21,40
D_753,V18,125939.88,2024-07-15 00:00:00,0,93668.06014705882,102265.70386062763,0.3155652684076165,1.3445195222656932,2.0,136,0,44,27,0.7949215896605315,29,3.4933820450603417,23,40
A_457,V9,117099.31,2024-07-15 00:00:00,0,188269.0858278146,100038.44686257221,-0.7114171265419238,0.6219751241155488,13.0,151,0,44,27,0.7949215896605315,29,3.4933820450603417,4,40
A_256,V15,54942.8,2024-07-15 00:00:00,0,101414.6991919192,81219.53730128995,-0.5721693150037942,0.5417583316763037,4.0,99,0,44,27,0.7949215896605315,29,3.4933820450603417,31,40
A_1052,V32,33882.43,2024-07-15 00:00:00,0,67081.75597222222,63875.16720999454,-0.5197451165640321,0.5050840489324874,2.0,72,0,44,27,0.7949215896605315,29,3.4933820450603417,30,40
B_8,V22,42712.71,2024-07-15 01:00:00,1,85951.16571428571,86159.38158415664,-0.50183686422109,0.496935820581667,4.0,91,0,35,25,0.724942236939906,17,3.2604332445750788,29,40
B_257,V16,92340.5,2024-07-15 05:00:00,1,96281.34727272727,92447.62699932391,-0.0426274288828118,0.9590595017219337,3.0,121,0,34,24,0.7305426568567008,17,3.229694185289133,26,40
B_256,V18,24317.77,2024-07-15 05:00:00,1,93668.06014705882,102265.70386062763,-0.6781316648434433,0.2596136863316608,0.0,136,0,34,24,0.7305426568567008,17,3.229694185289133,23,40
B_10,V19,126089.15,2024-07-15 12:00:00,1,75791.63586956522,77277.72834882235,0.6508584600849124,1.6636068735885132,4.0,92,0,32,23,0.7372233105255342,16,3.1653267128795917,32,40
A_68,V32,23281.8,2024-07-16 00:00:00,0,67081.75597222222,63875.16720999454,-0.6857010663809671,0.3470608752216528,1.0,72,0,35,26,0.7055242036569346,15,3.239351068173197,30,40
A_380,V14,70927.29,2024-07-16 00:00:00,0,101404.49841584158,100941.99680096707,-0.3019249416176398,0.6994422502529678,1.0,101,0,35,26,0.7055242036569346,15,3.239351068173197,21,40
A_421,V35,49468.6,2024-07-16 00:00:00,0,75008.17954545454,56348.584614378604,-0.4532345663278884,0.6595006144550976,26.0,66,0,35,26,0.7055242036569346,15,3.239351068173197,29,40
A_87,V37,159679.68,2024-07-16 00:00:00,0,72052.50544117647,51928.02541711314,1.687441153670219,2.216126460777961,1.0,68,0,35,26,0.7055242036569346,15,3.239351068173197,25,40
A_506,V10,105173.03,2024-07-16 00:00:00,0,184110.51882978724,99924.56226640988,-0.7899629187908227,0.5712463330294582,6.0,188,0,35,26,0.7055242036569346,15,3.239351068173197,4,40
A_982,V16,46876.49,2024-07-16 00:00:00,0,96281.34727272727,92447.62699932391,-0.5344033640768789,0.48686484415693226,0.0,121,0,35,26,0.7055242036569346,15,3.239351068173197,26,40
A_1484,V4,46706.32,2024-07-16 00:00:00,0,81228.63022988506,33321.06049362434,-1.0360196734079627,0.5749911684667051,0.0,174,0,35,26,0.7055242036569346,15,3.239351068173197,16,40
A_1028,V30,274201.05,2024-07-16 00:00:00,0,73122.4169117647,57615.25065897187,3.4899638693675357,3.7498391292473134,2.0,68,0,35,26,0.7055242036569346,15,3.239351068173197,29,40
D_67,V9,37688.86,2024-07-16 00:00:00,0,188269.0858278146,100038.44686257221,-1.5052085007494302,0.20018506835158587,1.0,151,0,35,26,0.7055242036569346,15,3.239351068173197,4,40
A_82,V4,10413.61,2024-07-16 00:00:00,0,81228.63022988506,33321.06049362434,-2.1251693076853524,0.128199647967482,3.0,174,0,35,26,0.7055242036569346,15,3.239351068173197,16,40
B_323,V13,2818.03,2024-07-16 04:00:00,1,91248.5117,99126.94924086498,-0.8920842444256377,0.030882685808388825,4.0,100,0,26,19,0.6659561649320573,12,2.9738068504375406,24,40
B_255,V16,82482.51,2024-07-16 05:00:00,1,96281.34727272727,92447.62699932391,-0.14925951548018332,0.8566732359189565,0.0,121,0,25,18,0.6879446642899857,12,2.966822252279321,26,40
B_9,V19,65915.66,2024-07-16 08:00:00,1,75791.63586956522,77277.72834882235,-0.12779682172029055,0.8696842278112227,0.0,92,0,24,18,0.6815463876864238,11,2.9143816266212004,32,40
B_253,V17,109809.5,2024-07-16 09:00:00,1,105661.17514285714,95526.67662806554,0.043425371615539735,1.0392507995556177,5.0,105,0,23,17,0.6757575158765482,11,2.8615526194007725,24,40
B_322,V15,159537.14,2024-07-16 13:00:00,1,101414.6991919192,81219.53730128995,0.7156126115304302,1.5731010215498464,1.0,99,0,22,17,0.6594670669367672,9,2.803405043771361,31,40
B_254,V16,100949.77,2024-07-16 18:00:00,1,96281.34727272727,92447.62699932391,0.05049748037152429,1.0484764119226537,0.0,121,0,21,17,0.6184008755964142,8,2.755349709718485,26,40
B_321,V15,182783.64,2024-07-16 22:00:00,1,101414.6991919192,81219.53730128995,1.0018271672623928,1.8023209567790883,0.0,99,0,20,17,0.59923003371681,6,2.6903185937089096,31,40
D_96,V14,38642.6,2024-07-17 00:00:00,0,101404.49841584158,100941.99680096707,-0.6217558464168789,0.381070066255532,1.0,101,0,23,20,0.5314099933017672,6,2.884312390954779,21,40
A_1015,V39,63648.54,2024-07-17 00:00:00,0,59686.60327868852,62062.45272865382,0.0638368725412905,1.0663611286721868,3.0,61,0,23,20,0.5314099933017672,6,2.884312390954779,26,40
A_742,V5,130155.11,2024-07-17 00:00:00,0,144407.3437244898,59983.82205994232,-0.237597332709392,0.9012990983977844,5.0,196,0,23,20,0.5314099933017672,6,2.884312390954779,3,40
A_806,V26,23347.43,2024-07-18 00:00:00,0,82902.77408450704,83596.62150892465,-0.7124047671398052,0.2816208340069182,3.0,71,0,32,19,0.5873323682509106,19,3.0863425839675176,30,40
D_724,V3,98641.07,2024-07-18 00:00:00,0,83925.30547297298,30830.50022220062,0.4772964150615919,1.1753295875959375,5.0,148,0,32,19,0.5873323682509106,19,3.0863425839675176,16,40
D_234,V8,11458.32,2024-07-18 00:00:00,0,179937.1240782123,101867.69807590247,-1.653881980043355,0.06367922339247852,12.0,179,0,32,19,0.5873323682509106,19,3.0863425839675176,4,40
D_315,V11,30581.26,2024-07-18 00:00:00,0,182570.8592121212,102941.535881061,-1.4764508947761765,0.16750259394833214,4.0,165,0,32,19,0.5873323682509106,19,3.0863425839675176,4,40
A_507,V17,114826.47,2024-07-18 00:00:00,0,105661.17514285714,95526.67662806554,0.09594386863220475,1.0867320291746083,1.0,105,0,32,19,0.5873323682509106,19,3.0863425839675176,24,40
A_470,V24,34337.32,2024-07-19 00:00:00,0,69961.0374137931,66357.40093125252,-0.5368380930501833,0.4907993144469282,9.0,58,0,32,20,0.7497762869067166,17,2.99006891748784,31,40
D_303,V15,13573.25,2024-07-19 00:00:00,0,101414.6991919192,81219.53730128995,-1.0815177061199284,0.13383775991440897,2.0,99,0,32,20,0.7497762869067166,17,2.99006891748784,31,40
D_986,V33,141768.1,2024-07-19 00:00:00,0,88242.64793103449,64151.09930319075,0.8343523072565033,1.60655303043225,12.0,58,0,32,20,0.7497762869067166,17,2.99006891748784,32,40
A_1180,V28,26942.34,2024-07-19 00:00:00,0,87976.94703125,91319.31227399668,-0.6683574060513755,0.30623969880122354,5.0,64,0,32,20,0.7497762869067166,17,2.99006891748784,26,40
D_975,V11,28190.12,2024-07-19 00:00:00,0,182570.8592121212,102941.535881061,-1.4996788051781773,0.15440561388624133,1.0,165,0,32,20,0.7497762869067166,17,2.99006891748784,4,40
A_495,V23,28733.53,2024-07-19 00:00:00,0,74902.77192307693,98110.10534391222,-0.47058120241575413,0.38360591546054773,6.0,52,0,32,20,0.7497762869067166,17,2.99006891748784,26,40
D_620,V18,166227.89,2024-07-20 00:00:00,0,93668.06014705882,102265.70386062763,0.7095156792364021,1.7746296347910941,4.0,136,0,33,19,0.9745029262168292,21,3.0419875947149877,23,40
D_116,V16,50956.97,2024-07-20 00:00:00,0,96281.34727272727,92447.62699932391,-0.4902655533549323,0.5292451985581573,3.0,121,0,33,19,0.9745029262168292,21,3.0419875947149877,26,40
A_1475,V7,28948.73,2024-07-20 00:00:00,0,144842.31624309393,63932.34127505827,-1.812725315645382,0.19986238061143718,6.0,181,0,33,19,0.9745029262168292,21,3.0419875947149877,3,40
A_959,V20,17455.91,2024-07-20 00:00:00,0,84574.58505376344,95035.94061676953,-0.7062377494285644,0.20639419743775392,5.0,93,0,33,19,0.9745029262168292,21,3.0419875947149877,26,40
B_53,V18,63127.09,2024-07-20 04:00:00,1,93668.06014705882,102265.70386062763,-0.2986404078172016,0.6739374762690215,0.0,136,0,29,18,1.0253484554449108,17,2.9122998019040502,23,40
A_758,V8,50167.37,2024-07-21 00:00:00,0,179937.1240782123,101867.69807590247,-1.273892339151333,0.2788034512252342,3.0,179,0,36,21,1.1053088586859892,25,3.10276564679126,4,40
D_908,V2,71409.5,2024-07-21 00:00:00,0,89201.08671052632,40922.37405936534,-0.43475366143361044,0.8005362052990326,7.0,152,0,36,21,1.1053088586859892,25,3.10276564679126,20,40
A_238,V27,62865.76,2024-07-21 00:00:00,0,83207.86098360656,89047.01535564796,-0.22843968955807095,0.7555176126300484,7.0,61,0,36,21,1.1053088586859892,25,3.10276564679126,28,40
A_1253,V35,25056.26,2024-07-21 00:00:00,0,75008.17954545454,56348.584614378604,-0.8864647341643122,0.3340425818791452,5.0,66,0,36,21,1.1053088586859892,25,3.10276564679126,29,40
B_35,V16,5353.37,2024-07-21 02:00:00,1,96281.34727272727,92447.62699932391,-0.9835514082149889,0.05560074252070487,1.0,121,0,32,19,1.1904958740387472,21,2.98221952646247,26,40
B_50,V18,53933.96,2024-07-21 03:00:00,1,93668.06014705882,102265.70386062763,-0.3885340843800904,0.5757926888059367,0.0,136,0,33,20,1.2133208151418247,20,3.037166573506665,23,40
B_36,V18,78006.62,2024-07-21 15:00:00,1,93668.06014705882,102265.70386062763,-0.1531431008904202,0.8327896092640509,0.0,136,0,35,20,1.1506467807298315,23,3.054570897334798,23,40
B_37,V18,2431.2,2024-07-21 17:00:00,1,93668.06014705882,102265.70386062763,-0.8921462871375943,0.025955208648224478,0.0,136,0,34,20,1.1597140545825348,22,3.0168030277138724,23,40
B_38,V18,12104.07,2024-07-21 17:00:00,1,93668.06014705882,102265.70386062763,-0.7975615431804359,0.1292216445963781,0.0,136,0,34,20,1.1597140545825348,22,3.0168030277138724,23,40
B_51,V17,252102.37,2024-07-21 20:00:00,1,105661.17514285714,95526.67662806554,1.5329713861597174,2.3859282629678322,3.0,105,0,33,20,1.1901252720648008,21,3.013861022642918,24,40
B_52,V17,11212.26,2024-07-21 22:00:00,1,105661.17514285714,95526.67662806554,-0.9887073409164077,0.10611422663636089,0.0,105,0,33,20,1.130999274347056,21,2.9943229964578926,24,40
A_1267,V11,82623.5,2024-07-22 00:00:00,0,182570.8592121212,102941.535881061,-0.9709043823012053,0.4525533143856735,3.0,165,0,41,24,1.1077998812092555,28,3.2688773538629383,4,40
A_172,V18,81688.92,2024-07-22 00:00:00,0,93668.06014705882,102265.70386062763,-0.11713626913588979,0.8721014161106111,0.0,136,0,41,24,1.1077998812092555,28,3.2688773538629383,23,40
A_649,V2,173959.7,2024-07-22 00:00:00,0,89201.08671052632,40922.37405936534,2.071154083397887,1.950175230367922,1.0,152,0,41,24,1.1077998812092555,28,3.2688773538629383,20,40
D_479,V29,16783.9,2024-07-22 00:00:00,0,74548.44014492753,60050.95281301047,-0.9619094373965577,0.22513784097333703,7.0,69,0,41,24,1.1077998812092555,28,3.2688773538629383,30,40
A_1206,V12,140855.01,2024-07-22 00:00:00,0,101944.13491379311,108863.03469822774,0.3574263547558958,1.3816746637209307,8.0,116,0,41,24,1.1077998812092555,28,3.2688773538629383,18,40
B_39,V18,376491.02,2024-07-22 13:00:00,1,93668.06014705882,102265.70386062763,2.765542930164069,4.019374374088046,0.0,136,0,37,23,1.1632201359657264,22,3.1499360924620468,23,40
A_1007,V4,15435.68,2024-07-23 00:00:00,0,81228.63022988506,33321.06049362434,-1.9744562387573097,0.19002524025181497,7.0,174,0,39,23,1.0775421086686259,25,3.2204106073925853,16,40
D_583,V25,150412.65,2024-07-23 00:00:00,0,84963.20919354838,94781.91364408535,0.6905194015475995,1.7703060079963804,26.0,62,0,39,23,1.0775421086686259,25,3.2204106073925853,26,40
D_219,V31,5176.78,2024-07-23 00:00:00,0,67268.36175438597,41034.01405489689,-1.5131366025930801,0.07695598508725962,13.0,57,0,39,23,1.0775421086686259,25,3.2204106073925853,18,40
A_1302,V16,125762.05,2024-07-23 00:00:00,0,96281.34727272727,92447.62699932391,0.3188874046500261,1.3061797262147044,1.0,121,0,39,23,1.0775421086686259,25,3.2204106073925853,26,40
B_180,V15,156028.41,2024-07-23 12:00:00,1,101414.6991919192,81219.53730128995,0.6724125771969429,1.5385035181262385,4.0,99,0,36,20,1.097765608797769,24,3.161327044542309,31,40
B_179,V15,271562.26,2024-07-23 14:00:00,1,101414.6991919192,81219.53730128995,2.0948834674278687,2.677714221405655,0.0,99,0,35,20,1.085365453765891,23,3.1182473086461653,31,40
B_178,V13,372230.36,2024-07-23 16:00:00,1,91248.5117,99126.94924086498,2.834537085169181,4.0792586509808135,7.0,100,0,34,20,1.0392686540171565,22,3.079914210077287,24,40
A_621,V40,23414.43,2024-07-24 00:00:00,0,57973.75227272727,46945.974214180664,-0.7361352430310277,0.4038728771078288,15.0,66,0,40,21,0.8651777618869643,30,3.242516476145556,19,40
A_1468,V12,138119.78,2024-07-24 00:00:00,0,101944.13491379311,108863.03469822774,0.33230116067704235,1.3548442514377652,2.0,116,0,40,21,0.8651777618869643,30,3.242516476145556,18,40
A_842,V22,44184.21,2024-07-24 00:00:00,0,85951.16571428571,86159.38158415664,-0.48475824905081333,0.5140558080511094,8.0,91,0,40,21,0.8651777618869643,30,3.242516476145556,29,40
A_712,V7,63262.29,2024-07-24 00:00:00,0,144842.31624309393,63932.34127505827,-1.2760169360164504,0.4367636121629901,4.0,181,0,40,21,0.8651777618869643,30,3.242516476145556,3,40
B_91,V13,116203.93,2024-07-24 08:00:00,1,91248.5117,99126.94924086498,0.25174956701023177,1.273474540686227,0.0,100,0,36,19,0.8835150806599786,28,3.1209289484048583,24,40
B_89,V15,525644.34,2024-07-24 10:00:00,1,101414.6991919192,81219.53730128995,5.223181905758498,5.1830667656816125,0.0,99,0,35,19,0.8738309574977446,27,3.076924574450207,31,40
B_324,V20,71052.78,2024-07-24 18:00:00,1,84574.58505376344,95035.94061676953,-0.14227946486923718,0.8401098254872585,4.0,93,0,34,19,0.7515213329351944,26,3.1462138810044076,26,40
D_699,V22,110006.51,2024-07-25 00:00:00,0,85951.16571428571,86159.38158415664,0.27919263869808153,1.2798573379253004,1.0,91,0,40,22,0.8025218858052995,31,3.345456452994952,29,40
D_452,V8,18946.95,2024-07-25 00:00:00,0,179937.1240782123,101867.69807590247,-1.5803694080615258,0.10529702972653242,4.0,179,0,40,22,0.8025218858052995,31,3.345456452994952,4,40
D_997,V19,103331.72,2024-07-25 00:00:00,0,75791.63586956522,77277.72834882235,0.35637341243665105,1.3633477555501299,8.0,92,0,40,22,0.8025218858052995,31,3.345456452994952,32,40
A_278,V32,40365.03,2024-07-25 00:00:00,0,67081.75597222222,63875.16720999454,-0.418258125669787,0.6017199116970454,9.0,72,0,40,22,0.8025218858052995,31,3.345456452994952,30,40
A_311,V31,34798.78,2024-07-25 00:00:00,0,67268.36175438597,41034.01405489689,-0.7912652767938124,0.5173050418860428,2.0,57,0,40,22,0.8025218858052995,31,3.345456452994952,18,40
B_109,V15,192725.93,2024-07-25 03:00:00,1,101414.6991919192,81219.53730128995,1.1242382018399992,1.9003559758069133,0.0,99,0,35,21,0.8228292071111537,24,3.2021824309890388,31,40
B_92,V14,12322.41,2024-07-25 03:00:00,1,101404.49841584158,100941.99680096707,-0.8824989473166516,0.12151619184857723,8.0,101,0,35,21,0.8228292071111537,24,3.2021824309890388,21,40
B_90,V14,7774.02,2024-07-25 06:00:00,1,101404.49841584158,100941.99680096707,-0.9275579424341457,0.07666270686940918,0.0,101,0,33,21,0.8118297920672802,20,3.1526318043835917,21,40
B_326,V22,11626.67,2024-07-25 15:00:00,1,85951.16571428571,86159.38158415664,-0.8626296024662995,0.13526907557685408,0.0,91,0,32,20,0.8339635317802504,20,3.142284935921908,29,40
B_88,V13,47260.48,2024-07-25 15:00:00,1,91248.5117,99126.94924086498,-0.4437500426152886,0.5179258400349336,1.0,100,0,32,20,0.8339635317802504,20,3.142284935921908,24,40
B_111,V12,12762.8,2024-07-25 19:00:00,1,101944.13491379311,108863.03469822774,-0.8191992439101189,0.12519283054353192,1.0,116,0,30,19,0.861820954496324,18,3.0949844252442524,18,40
B_325,V20,39163.18,2024-07-25 21:00:00,1,84574.58505376344,95035.94061676953,-0.4778289869081757,0.46305538383334327,1.0,93,0,29,19,0.8861315019467257,17,3.079711850808408,26,40
B_110,V13,349984.86,2024-07-25 23:00:00,1,91248.5117,99126.94924086498,2.6101250987379174,3.835471045046699,0.0,100,0,28,19,0.8980410217049816,15,3.0483579981621527,24,40
D_692,V38,93105.06,2024-07-26 00:00:00,0,71190.65382978723,52355.46745943829,0.4185615881589097,1.307808640358401,14.0,47,0,33,21,0.7372232693873965,20,3.199322589535284,25,40
A_815,V21,97351.6,2024-07-26 00:00:00,0,99317.54854545454,98935.44463436803,-0.019870822655088764,0.980195556879747,33.0,110,0,33,21,0.7372232693873965,20,3.199322589535284,23,40
D_271,V2,5672.31,2024-07-26 00:00:00,0,89201.08671052632,40922.37405936534,-2.0411019039963714,0.06358943169577935,4.0,152,0,33,21,0.7372232693873965,20,3.199322589535284,20,40
A_104,V11,117638.0,2024-07-26 00:00:00,0,182570.8592121212,102941.535881061,-0.6307680168977391,0.6443380732806266,4.0,165,0,33,21,0.7372232693873965,20,3.199322589535284,4,40
D_89,V30,44601.78,2024-07-26 00:00:00,0,73122.4169117647,57615.25065897187,-0.4950102893813263,0.6099520766900063,10.0,68,0,33,21,0.7372232693873965,20,3.199322589535284,29,40
D_556,V5,79217.0,2024-07-26 00:00:00,0,144407.3437244898,59983.82205994232,-1.0867806469334131,0.5485624857739145,9.0,196,0,33,21,0.7372232693873965,20,3.199322589535284,3,40
A_1265,V6,68500.61,2024-07-26 00:00:00,0,144506.03180487806,76560.92735485801,-0.9927313017160527,0.474029596653079,16.0,205,0,33,21,0.7372232693873965,20,3.199322589535284,9,40
A_614,V5,116465.68,2024-07-26 00:00:00,0,144407.3437244898,59983.82205994232,-0.4658122299098918,0.806502429126946,0.0,196,0,33,21,0.7372232693873965,20,3.199322589535284,3,40
B_235,V12,211957.69,2024-07-26 13:00:00,1,101944.13491379311,108863.03469822774,1.01055923006313,2.079134920751596,0.0,116,0,26,19,0.819827387869157,11,2.90974049355709,18,40
B_232,V12,238918.91,2024-07-26 16:00:00,1,101944.13491379311,108863.03469822774,1.2582187998626218,2.343602862481223,0.0,116,0,25,19,0.7670572503967289,10,2.873366275021629,18,40
D_302,V23,30913.07,2024-07-27 00:00:00,0,74902.77192307693,98110.10534391222,-0.4483661841223613,0.41270378255111695,8.0,52,0,28,20,0.670044296385021,15,3.0211370408014444,26,40
A_467,V8,75625.63,2024-07-27 00:00:00,0,179937.1240782123,101867.69807590247,-1.0239798490453829,0.4202868646509197,2.0,179,0,28,20,0.670044296385021,15,3.0211370408014444,4,40
B_233,V15,125705.98,2024-07-27 01:00:00,1,101414.6991919192,81219.53730128995,0.2990780609831672,1.2395120380929765,1.0,99,0,26,19,0.6964555589065402,13,2.9344430494766645,31,40
B_234,V12,7800.39,2024-07-27 23:00:00,1,101944.13491379311,108863.03469822774,-0.8647828015447028,0.07651556895379234,1.0,116,0,27,19,0.676750481935495,14,2.9884058653079335,18,40
A_416,V10,50974.68,2024-07-28 00:00:00,0,184110.51882978724,99924.56226640988,-1.3323501595601335,0.2768684997223153,12.0,188,0,37,23,0.7239120065013152,23,3.364058343515229,4,40
A_1144,V20,112961.28,2024-07-28 00:00:00,0,84574.58505376344,95035.94061676953,0.2986911695811434,1.3356251680457452,2.0,93,0,37,23,0.7239120065013152,23,3.364058343515229,26,40
D_819,V30,75576.87,2024-07-28 00:00:00,0,73122.4169117647,57615.25065897187,0.04260001406136443,1.0335522215981208,2.0,68,0,37,23,0.7239120065013152,23,3.364058343515229,29,40
D_51,V5,39605.71,2024-07-28 00:00:00,0,144407.3437244898,59983.82205994232,-1.7471358607976268,0.27426192267367844,2.0,196,0,37,23,0.7239120065013152,23,3.364058343515229,3,40
D_316,V32,20664.39,2024-07-28 00:00:00,0,67081.75597222222,63875.16720999454,-0.7266773821858149,0.3080432474860865,3.0,72,0,37,23,0.7239120065013152,23,3.364058343515229,30,40
D_291,V2,19885.29,2024-07-28 00:00:00,0,89201.08671052632,40922.37405936534,-1.6937947640869886,0.22292404509023028,2.0,152,0,37,23,0.7239120065013152,23,3.364058343515229,20,40
A_901,V11,30329.32,2024-07-29 00:00:00,0,182570.8592121212,102941.535881061,-1.4788982795995997,0.16612264415164807,3.0,165,0,37,26,0.7930841885577463,19,3.3106222211368257,4,40
A_970,V35,128436.79,2024-07-29 00:00:00,0,75008.17954545454,56348.584614378604,0.9481633417562442,1.7122809605212261,8.0,66,0,37,26,0.7930841885577463,19,3.3106222211368257,29,40
D_59,V26,169502.1,2024-07-29 00:00:00,0,82902.77408450704,83596.62150892465,1.0359065766751254,2.0445643382558187,11.0,71,0,37,26,0.7930841885577463,19,3.3106222211368257,30,40
A_430,V19,60460.8,2024-07-29 00:00:00,0,75791.63586956522,77277.72834882235,-0.19838364576037748,0.7977133834486186,4.0,92,0,37,26,0.7930841885577463,19,3.3106222211368257,32,40
A_1079,V12,48689.52,2024-07-29 00:00:00,0,101944.13491379311,108863.03469822774,-0.4891846518587656,0.4776051357543727,1.0,116,0,37,26,0.7930841885577463,19,3.3106222211368257,18,40
D_622,V32,101859.46,2024-07-29 00:00:00,0,67081.75597222222,63875.16720999454,0.5444550846866749,1.5184149566272769,1.0,72,0,37,26,0.7930841885577463,19,3.3106222211368257,30,40
D_780,V29,175674.41,2024-07-29 00:00:00,0,74548.44014492753,60050.95281301047,1.6839747105303653,2.356481948871526,7.0,69,0,37,26,0.7930841885577463,19,3.3106222211368257,30,40
A_1091,V39,58868.6,2024-07-30 00:00:00,0,59686.60327868852,62062.45272865382,-0.013180112332210931,0.9862785028431366,13.0,61,0,43,26,0.8962569057263957,27,3.2973491723104646,26,40
D_593,V20,7600.26,2024-07-30 00:00:00,0,84574.58505376344,95035.94061676953,-0.8099411087332615,0.08986352261315873,2.0,93,0,43,26,0.8962569057263957,27,3.2973491723104646,26,40
D_774,V20,16736.75,2024-07-30 00:00:00,0,84574.58505376344,95035.94061676953,-0.7138049122110868,0.19789103426669408,0.0,93,0,43,26,0.8962569057263957,27,3.2973491723104646,26,40
A_252,V25,15695.13,2024-07-30 00:00:00,0,84963.20919354838,94781.91364408535,-0.7308076585791984,0.1847263706562196,7.0,62,0,43,26,0.8962569057263957,27,3.2973491723104646,26,40
D_591,V23,22816.77,2024-07-30 00:00:00,0,74902.77192307693,98110.10534391222,-0.5308879330275413,0.3046144328143031,3.0,52,0,43,26,0.8962569057263957,27,3.2973491723104646,26,40
A_1463,V28,29253.75,2024-07-30 00:00:00,0,87976.94703125,91319.31227399668,-0.6430463887930806,0.3325123054941142,11.0,64,0,43,26,0.8962569057263957,27,3.2973491723104646,26,40
B_258,V18,201568.72,2024-07-30 02:00:00,1,93668.06014705882,102265.70386062763,1.0550908143083568,2.1519242285930975,7.0,136,0,38,23,0.9977265563738749,23,3.2265910063211463,23,40
B_261,V18,40242.26,2024-07-30 18:00:00,1,93668.06014705882,102265.70386062763,-0.5224163694555876,0.42962169084242274,0.0,136,0,39,23,0.959564655143997,25,3.244769350381686,23,40
A_368,V21,42560.23,2024-07-31 00:00:00,0,99317.54854545454,98935.44463436803,-0.5736745317178952,0.42852247262274185,5.0,110,0,46,25,0.9302476359422208,33,3.442899770706084,23,40
D_875,V30,17194.66,2024-07-31 00:00:00,0,73122.4169117647,57615.25065897187,-0.9706941404916939,0.23514574025921348,3.0,68,0,46,25,0.9302476359422208,33,3.442899770706084,29,40
A_1080,V2,72670.9,2024-07-31 00:00:00,0,89201.08671052632,40922.37405936534,-0.40393020102758065,0.8146771300970523,3.0,152,0,46,25,0.9302476359422208,33,3.442899770706084,20,40
B_260,V17,75611.17,2024-07-31 16:00:00,1,105661.17514285714,95526.67662806554,-0.31456857534446314,0.7155935404298875,9.0,105,0,43,25,0.9576771365055012,28,3.3776391912435058,24,40
B_259,V18,68448.36,2024-07-31 17:00:00,1,93668.06014705882,102265.70386062763,-0.24660714773235518,0.730746736356031,0.0,136,0,42,25,0.9641693630541438,27,3.3468058223606603,23,40
D_289,V32,75440.75,2024-08-01 00:00:00,0,67081.75597222222,63875.16720999454,0.13086248585168503,1.124592287640041,0.0,72,0,51,27,0.9552237798355606,38,3.573626996406297,30,40
A_1295,V39,22742.55,2024-08-01 00:00:00,0,59686.60327868852,62062.45272865382,-0.5952626167965671,0.3810263564079182,2.0,61,0,51,27,0.9552237798355606,38,3.573626996406297,26,40
A_625,V13,74719.64,2024-08-01 00:00:00,0,91248.5117,99126.94924086498,-0.16674279884311438,0.8188497517187262,6.0,100,0,51,27,0.9552237798355606,38,3.573626996406297,24,40
D_13,V16,89655.3,2024-08-01 00:00:00,0,96281.34727272727,92447.62699932391,-0.07167274937220787,0.9311706926509006,9.0,121,0,51,27,0.9552237798355606,38,3.573626996406297,26,40
D_109,V14,35561.37,2024-08-01 00:00:00,0,101404.49841584158,100941.99680096707,-0.6522803017792986,0.3506848302660145,0.0,101,0,51,27,0.9552237798355606,38,3.573626996406297,21,40
A_1042,V35,75068.44,2024-08-01 00:00:00,0,75008.17954545454,56348.584614378604,0.0010694037047096598,1.0007900426975016,3.0,66,0,51,27,0.9552237798355606,38,3.573626996406297,29,40
A_1040,V32,181307.74,2024-08-01 00:00:00,0,67081.75597222222,63875.16720999454,1.7882410454004998,2.702747336067652,3.0,72,0,51,27,0.9552237798355606,38,3.573626996406297,30,40
A_1477,V5,65720.46,2024-08-01 00:00:00,0,144407.3437244898,59983.82205994232,-1.3117798973523445,0.4551015426462139,4.0,196,0,51,27,0.9552237798355606,38,3.573626996406297,3,40
D_837,V3,30876.47,2024-08-01 00:00:00,0,83925.30547297298,30830.50022220062,-1.7206050659440335,0.367899788105688,14.0,148,0,51,27,0.9552237798355606,38,3.573626996406297,16,40
A_306,V30,58154.69,2024-08-01 00:00:00,0,73122.4169117647,57615.25065897187,-0.2597830775271725,0.7952950293634815,1.0,68,0,51,27,0.9552237798355606,38,3.573626996406297,29,40
D_906,V14,39466.57,2024-08-01 00:00:00,0,101404.49841584158,100941.99680096707,-0.6135931206596413,0.3891955625340581,6.0,101,0,51,27,0.9552237798355606,38,3.573626996406297,21,40
B_136,V18,317948.71,2024-08-01 13:00:00,1,93668.06014705882,102265.70386062763,2.1930955177610705,3.394383476260208,0.0,136,0,40,24,0.9995729087094805,26,3.301450000207309,23,40
D_524,V33,51648.98,2024-08-02 00:00:00,0,88242.64793103449,64151.09930319075,-0.5704204278349222,0.5852996925100546,14.0,58,0,44,26,0.9414852999444965,29,3.4535780693695157,32,40
A_2,V9,27492.92,2024-08-02 00:00:00,0,188269.0858278146,100038.44686257221,-1.6071276968242199,0.14602914679257165,17.0,151,0,44,26,0.9414852999444965,29,3.4535780693695157,4,40
D_6,V38,48643.49,2024-08-02 00:00:00,0,71190.65382978723,52355.46745943829,-0.43064715638531226,0.6832751788053998,7.0,47,0,44,26,0.9414852999444965,29,3.4535780693695157,25,40
D_437,V27,63709.09,2024-08-02 00:00:00,0,83207.86098360656,89047.01535564796,-0.21896918090460096,0.7656527111043099,12.0,61,0,44,26,0.9414852999444965,29,3.4535780693695157,28,40
A_144,V17,34857.46,2024-08-02 00:00:00,0,105661.17514285714,95526.67662806554,-0.7411853573967837,0.3298953476291028,1.0,105,0,44,26,0.9414852999444965,29,3.4535780693695157,24,40
B_137,V18,59079.85,2024-08-02 08:00:00,1,93668.06014705882,102265.70386062763,-0.33821575196357895,0.6307296123954447,0.0,136,0,39,24,1.0173283134198055,24,3.3355958419268052,23,40
B_135,V18,266490.7,2024-08-02 21:00:00,1,93668.06014705882,102265.70386062763,1.6899208963307304,2.845023741901693,0.0,136,0,38,24,1.0274357578842805,23,3.3066344933586604,23,40
A_573,V29,82766.94,2024-08-03 00:00:00,0,74548.44014492753,60050.95281301047,0.13685649625189045,1.1102288607278241,5.0,69,0,43,26,0.9360817245837727,27,3.4375283868265902,30,40
D_309,V24,58616.69,2024-08-03 00:00:00,0,69961.0374137931,66357.40093125252,-0.1709557080127033,0.8378356629797583,15.0,58,0,43,26,0.9360817245837727,27,3.4375283868265902,31,40
D_426,V4,30685.27,2024-08-03 00:00:00,0,81228.63022988506,33321.06049362434,-1.516813770851768,0.37775956769911073,11.0,174,0,43,26,0.9360817245837727,27,3.4375283868265902,16,40
D_909,V30,90811.65,2024-08-03 00:00:00,0,73122.4169117647,57615.25065897187,0.30701812224709163,1.2418956038334346,2.0,68,0,43,26,0.9360817245837727,27,3.4375283868265902,29,40
A_1130,V21,72085.55,2024-08-03 00:00:00,0,99317.54854545454,98935.44463436803,-0.27524739388092817,0.7258014847751125,3.0,110,0,43,26,0.9360817245837727,27,3.4375283868265902,23,40
A_1338,V32,20178.42,2024-08-03 00:00:00,0,67081.75597222222,63875.16720999454,-0.7342853840623577,0.30079891184487895,2.0,72,0,43,26,0.9360817245837727,27,3.4375283868265902,30,40
D_182,V37,18123.0,2024-08-03 00:00:00,0,72052.50544117647,51928.02541711314,-1.0385233500531685,0.2515214199369575,18.0,68,0,43,26,0.9360817245837727,27,3.4375283868265902,25,40
A_1384,V13,93616.55,2024-08-03 00:00:00,0,91248.5117,99126.94924086498,0.023888704630074083,1.0259402845659282,2.0,100,0,43,26,0.9360817245837727,27,3.4375283868265902,24,40
A_1081,V10,99957.3,2024-08-03 00:00:00,0,184110.51882978724,99924.56226640988,-0.8421590724246089,0.5429171441055322,6.0,188,0,43,26,0.9360817245837727,27,3.4375283868265902,4,40
D_584,V23,25609.34,2024-08-03 00:00:00,0,74902.77192307693,98110.10534391222,-0.5024245904710478,0.34189653394624414,4.0,52,0,43,26,0.9360817245837727,27,3.4375283868265902,26,40
A_1252,V23,584348.66,2024-08-03 00:00:00,0,74902.77192307693,98110.10534391222,5.192540500804114,7.801324886550465,0.0,52,0,43,26,0.9360817245837727,27,3.4375283868265902,26,40
B_152,V17,173047.52,2024-08-03 02:00:00,1,105661.17514285714,95526.67662806554,0.7054117428136537,1.6377433056440174,1.0,105,1,32,21,0.8452439183250742,20,3.2914952367560932,24,40
B_153,V18,15725.73,2024-08-03 07:00:00,1,93668.06014705882,102265.70386062763,-0.7621476707930388,0.16788606585046198,0.0,136,1,31,21,0.8166739873453378,19,3.264686888330455,23,40
B_150,V16,144867.79,2024-08-03 09:00:00,1,96281.34727272727,92447.62699932391,0.525550722647596,1.5046142320320741,2.0,121,1,30,21,0.838092294885248,17,3.2464523293703933,26,40
B_151,V16,52218.86,2024-08-03 19:00:00,1,96281.34727272727,92447.62699932391,-0.4766159185149338,0.5423513393590831,0.0,121,1,30,21,0.8238274716152576,17,3.2518034149678257,26,40
D_590,V2,35122.97,2024-08-04 00:00:00,0,89201.08671052632,40922.37405936534,-1.3214481443313568,0.3937460579143078,4.0,152,1,41,22,0.7672257100927009,32,3.5218653018430937,20,40
A_909,V3,88376.47,2024-08-04 00:00:00,0,83925.30547297298,30830.50022220062,0.1443706759303884,1.053024668510639,3.0,148,1,41,22,0.7672257100927009,32,3.5218653018430937,16,40
D_94,V32,35387.49,2024-08-04 00:00:00,0,67081.75597222222,63875.16720999454,-0.49618296395315187,0.5275199190482474,1.0,72,1,41,22,0.7672257100927009,32,3.5218653018430937,30,40
A_196,V14,116588.72,2024-08-04 00:00:00,0,101404.49841584158,100941.99680096707,0.1504237249276213,1.1497277940678856,3.0,101,1,41,22,0.7672257100927009,32,3.5218653018430937,21,40
A_204,V15,177548.99,2024-08-04 00:00:00,0,101414.6991919192,81219.53730128995,0.937377335065618,1.7507051809010956,7.0,99,1,41,22,0.7672257100927009,32,3.5218653018430937,31,40
A_1366,V1,67598.37,2024-08-04 00:00:00,0,86403.7311111111,33948.99747755859,-0.5539134759447836,0.7823457018004338,26.0,162,1,41,22,0.7672257100927009,32,3.5218653018430937,18,40
A_1006,V10,28325.69,2024-08-04 00:00:00,0,184110.51882978724,99924.56226640988,-1.559008779099505,0.15385072145424727,1.0,188,1,41,22,0.7672257100927009,32,3.5218653018430937,4,40
D_719,V23,61990.91,2024-08-05 00:00:00,0,74902.77192307693,98110.10534391222,-0.13160448939818314,0.8276073208123897,2.0,52,0,55,27,0.7772432890554809,44,3.760432403847986,26,40
A_1318,V10,72095.99,2024-08-05 00:00:00,0,184110.51882978724,99924.56226640988,-1.120979720195591,0.39158869829678283,1.0,188,0,55,27,0.7772432890554809,44,3.760432403847986,4,40
A_723,V31,25507.28,2024-08-05 00:00:00,0,67268.36175438597,41034.01405489689,-1.017693857702053,0.37918123993999275,11.0,57,0,55,27,0.7772432890554809,44,3.760432403847986,18,40
D_238,V27,91956.59,2024-08-05 00:00:00,0,83207.86098360656,89047.01535564796,0.09824732175615568,1.1051297772014554,3.0,61,0,55,27,0.7772432890554809,44,3.760432403847986,28,40
D_581,V29,11257.34,2024-08-05 00:00:00,0,74548.44014492753,60050.95281301047,-1.0539390840794653,0.15100502402318802,0.0,69,0,55,27,0.7772432890554809,44,3.760432403847986,30,40
A_402,V29,105829.23,2024-08-05 00:00:00,0,74548.44014492753,60050.95281301047,0.5208954645067824,1.419584503844202,2.0,69,0,55,27,0.7772432890554809,44,3.760432403847986,30,40
D_106,V1,52352.36,2024-08-05 00:00:00,0,86403.7311111111,33948.99747755859,-1.0029859688095566,0.6058969147497042,1.0,162,0,55,27,0.7772432890554809,44,3.760432403847986,18,40
A_173,V33,102975.24,2024-08-05 00:00:00,0,88242.64793103449,64151.09930319075,0.22965097368579424,1.1669422379328513,3.0,58,0,55,27,0.7772432890554809,44,3.760432403847986,32,40
D_33,V20,189384.31,2024-08-05 00:00:00,0,84574.58505376344,95035.94061676953,1.1028314281377718,2.2392314505375426,6.0,93,0,55,27,0.7772432890554809,44,3.760432403847986,26,40
D_550,V17,112500.38,2024-08-05 00:00:00,0,105661.17514285714,95526.67662806554,0.07159396206997813,1.064717623386964,1.0,105,0,55,27,0.7772432890554809,44,3.760432403847986,24,40
D_656,V7,78013.6,2024-08-06 00:00:00,0,144842.31624309393,63932.34127505827,-1.0452874026336114,0.5386068340845493,13.0,181,0,57,26,0.7513166360467947,47,3.7974007766522466,3,40
A_946,V34,101869.48,2024-08-06 00:00:00,0,87031.30054545455,69584.65178653522,0.21323619271489852,1.1704789987344573,24.0,55,0,57,26,0.7513166360467947,47,3.7974007766522466,32,40
A_1255,V32,95997.83,2024-08-06 00:00:00,0,67081.75597222222,63875.16720999454,0.45268955998432786,1.431035869184489,2.0,72,0,57,26,0.7513166360467947,47,3.7974007766522466,30,40
A_1102,V21,109259.39,2024-08-06 00:00:00,0,99317.54854545454,98935.44463436803,0.10048715103202639,1.1000904825949596,3.0,110,0,57,26,0.7513166360467947,47,3.7974007766522466,23,40
D_141,V21,91842.3,2024-08-06 00:00:00,0,99317.54854545454,98935.44463436803,-0.07555606604907071,0.9247245488889426,0.0,110,0,57,26,0.7513166360467947,47,3.7974007766522466,23,40
D_326,V28,31331.56,2024-08-07 00:00:00,0,87976.94703125,91319.31227399668,-0.6202934004571916,0.3561297013315274,8.0,64,0,63,29,0.7352972455329104,50,3.8755569642296086,26,40
A_730,V32,107734.96,2024-08-07 00:00:00,0,67081.75597222222,63875.16720999454,0.6364377482783106,1.6060008036135418,1.0,72,0,63,29,0.7352972455329104,50,3.8755569642296086,30,40
A_1062,V18,61030.31,2024-08-07 00:00:00,0,93668.06014705882,102265.70386062763,-0.31914346424559253,0.6515524966748194,3.0,136,0,63,29,0.7352972455329104,50,3.8755569642296086,23,40
A_1005,V20,32057.32,2024-08-07 00:00:00,0,84574.58505376344,95035.94061676953,-0.5525984392272896,0.3790375198660658,2.0,93,0,63,29,0.7352972455329104,50,3.8755569642296086,26,40
A_253,V17,77167.49,2024-08-07 00:00:00,0,105661.17514285714,95526.67662806554,-0.29827675233635736,0.7303227469590531,2.0,105,0,63,29,0.7352972455329104,50,3.8755569642296086,24,40
D_769,V38,19744.69,2024-08-07 00:00:00,0,71190.65382978723,52355.46745943829,-0.9826095289878668,0.2773455726595109,5.0,47,0,63,29,0.7352972455329104,50,3.8755569642296086,25,40
B_383,V18,102241.06,2024-08-07 14:00:00,1,93668.06014705882,102265.70386062763,0.08382982465754195,1.091513674200246,0.0,136,0,59,27,0.7314267329371275,47,3.7951896553148052,23,40
B_380,V17,56550.78,2024-08-07 21:00:00,1,105661.17514285714,95526.67662806554,-0.5140959863816971,0.5352036329324315,0.0,105,0,61,27,0.7265801894679127,49,3.8238117820233573,24,40
D_249,V1,55433.4,2024-08-08 00:00:00,0,86403.7311111111,33948.99747755859,-0.9122336792980005,0.641555147353171,3.0,162,0,65,30,0.7515773460964243,51,3.882379904626135,18,40
A_1435,V15,52439.24,2024-08-08 00:00:00,0,101414.6991919192,81219.53730128995,-0.6029935385707103,0.5170722128608897,4.0,99,0,65,30,0.7515773460964243,51,3.882379904626135,31,40
A_1445,V23,119158.11,2024-08-08 00:00:00,0,74902.77192307693,98110.10534391222,0.4510736875483496,1.5908158820408997,3.0,52,0,65,30,0.7515773460964243,51,3.882379904626135,26,40
A_962,V3,118935.84,2024-08-08 00:00:00,0,83925.30547297298,30830.50022220062,1.1355443061384742,1.4171461418410851,4.0,148,0,65,30,0.7515773460964243,51,3.882379904626135,16,40
D_757,V40,77298.61,2024-08-08 00:00:00,0,57973.75227272727,46945.974214180664,0.41163159182760534,1.3333150547391495,15.0,66,0,65,30,0.7515773460964243,51,3.882379904626135,19,40
D_667,V7,25887.56,2024-08-08 00:00:00,0,144842.31624309393,63932.34127505827,-1.8606059666320092,0.17872802605922322,2.0,181,0,65,30,0.7515773460964243,51,3.882379904626135,3,40
A_661,V24,14491.77,2024-08-08 00:00:00,0,69961.0374137931,66357.40093125252,-0.8359042206465978,0.20713762113998882,0.0,58,0,65,30,0.7515773460964243,51,3.882379904626135,31,40
D_422,V24,11722.97,2024-08-08 00:00:00,0,69961.0374137931,66357.40093125252,-0.8776291561655909,0.16756187260047978,0.0,58,0,65,30,0.7515773460964243,51,3.882379904626135,31,40
A_751,V24,62372.58,2024-08-08 00:00:00,0,69961.0374137931,66357.40093125252,-0.11435564008925965,0.8915203488299666,5.0,58,0,65,30,0.7515773460964243,51,3.882379904626135,31,40
D_683,V20,9163.81,2024-08-08 00:00:00,0,84574.58505376344,95035.94061676953,-0.7934890850269753,0.10835053631819043,1.0,93,0,65,30,0.7515773460964243,51,3.882379904626135,26,40
D_532,V18,14853.26,2024-08-08 00:00:00,0,93668.06014705882,102265.70386062763,-0.7706789910279124,0.15857167752810414,0.0,136,0,65,30,0.7515773460964243,51,3.882379904626135,23,40
B_406,V14,103499.07,2024-08-08 03:00:00,1,101404.49841584158,100941.99680096707,0.02075004359429088,1.0206455430609211,4.0,101,0,54,29,0.7794089059513842,37,3.706529849734326,21,40
B_407,V13,76796.99,2024-08-08 03:00:00,1,91248.5117,99126.94924086498,-0.14578654971349325,0.841615352994815,5.0,100,0,54,29,0.7794089059513842,37,3.706529849734326,24,40
B_382,V16,80495.7,2024-08-08 07:00:00,1,96281.34727272727,92447.62699932391,-0.17075047823958187,0.8360379891029207,4.0,121,0,52,29,0.7733103784213445,35,3.6568675485261655,26,40
B_409,V13,17523.14,2024-08-08 10:00:00,1,91248.5117,99126.94924086498,-0.7437395029817393,0.19203543858525654,0.0,100,0,52,29,0.7764825571737078,36,3.656855106030953,24,40
B_408,V12,1615.08,2024-08-08 12:00:00,1,101944.13491379311,108863.03469822774,-0.9215996374919073,0.015842639291867577,10.0,116,0,52,29,0.7993498538713545,36,3.6684454380202878,18,40
B_410,V12,148557.16,2024-08-08 15:00:00,1,101944.13491379311,108863.03469822774,0.4281765342926954,1.4572265770762183,0.0,116,0,53,29,0.8167423267885409,37,3.7090159906932074,18,40
B_381,V16,348386.54,2024-08-08 17:00:00,1,96281.34727272727,92447.62699932391,2.7269760613006873,3.618384365029738,0.0,121,0,52,29,0.8034946211690848,36,3.686786248116812,26,40
B_379,V16,99072.05,2024-08-08 20:00:00,1,96281.34727272727,92447.62699932391,0.030186524320076024,1.0289741869230782,0.0,121,0,52,29,0.7695709128381296,36,3.729443366225551,26,40
D_610,V17,57412.36,2024-08-09 00:00:00,0,105661.17514285714,95526.67662806554,-0.505076820100133,0.5433577334782052,1.0,105,0,56,29,0.7502713249228065,42,3.806498518413534,24,40
A_620,V5,53469.25,2024-08-09 00:00:00,0,144407.3437244898,59983.82205994232,-1.5160183960138471,0.3702642702004227,8.0,196,0,56,29,0.7502713249228065,42,3.806498518413534,3,40
A_1395,V16,68470.8,2024-08-09 00:00:00,0,96281.34727272727,92447.62699932391,-0.30082163657152694,0.7111459362955819,0.0,121,0,56,29,0.7502713249228065,42,3.806498518413534,26,40
A_1359,V37,65842.96,2024-08-09 00:00:00,0,72052.50544117647,51928.02541711314,-0.11957754630091938,0.9138064775176459,0.0,68,0,56,29,0.7502713249228065,42,3.806498518413534,25,40
A_1119,V11,103307.35,2024-08-09 00:00:00,0,182570.8592121212,102941.535881061,-0.7699782071009172,0.5658448703201971,11.0,165,0,56,29,0.7502713249228065,42,3.806498518413534,4,40
A_923,V12,113448.03,2024-08-09 00:00:00,0,101944.13491379311,108863.03469822774,0.1056721360557305,1.1128341739498797,0.0,116,0,56,29,0.7502713249228065,42,3.806498518413534,18,40
D_466,V20,56302.94,2024-08-09 00:00:00,0,84574.58505376344,95035.94061676953,-0.2974805888140598,0.6657115048534286,1.0,93,0,56,29,0.7502713249228065,42,3.806498518413534,26,40
D_568,V14,4645.62,2024-08-09 00:00:00,0,101404.49841584158,100941.99680096707,-0.9585496912343957,0.04581230872658736,0.0,101,0,56,29,0.7502713249228065,42,3.806498518413534,21,40
D_676,V33,55526.19,2024-08-09 00:00:00,0,88242.64793103449,64151.09930319075,-0.509982655071231,0.6292372459873335,4.0,58,0,56,29,0.7502713249228065,42,3.806498518413534,32,40
A_461,V21,22267.49,2024-08-09 00:00:00,0,99317.54854545454,98935.44463436803,-0.7787833778563868,0.2242027327836851,3.0,110,0,56,29,0.7502713249228065,42,3.806498518413534,23,40
D_34,V24,47161.71,2024-08-09 00:00:00,0,69961.0374137931,66357.40093125252,-0.343578613918278,0.6741042963208789,1.0,58,0,56,29,0.7502713249228065,42,3.806498518413534,31,40
D_881,V37,26942.52,2024-08-09 00:00:00,0,72052.50544117647,51928.02541711314,-0.8686853850777361,0.37392379225734573,6.0,68,0,56,29,0.7502713249228065,42,3.806498518413534,25,40
D_98,V13,103097.04,2024-08-09 00:00:00,0,91248.5117,99126.94924086498,0.11952762455732814,1.129836621361339,0.0,100,0,56,29,0.7502713249228065,42,3.806498518413534,24,40
A_587,V23,15918.19,2024-08-10 00:00:00,0,74902.77192307693,98110.10534391222,-0.60120188959564,0.2125151990522897,2.0,52,0,62,31,0.8210476248590131,48,3.915890098181524,26,40
D_45,V18,125772.56,2024-08-10 00:00:00,0,93668.06014705882,102265.70386062763,0.31392915426993945,1.342733233391466,2.0,136,0,62,31,0.8210476248590131,48,3.915890098181524,23,40
A_1394,V21,23973.35,2024-08-10 00:00:00,0,99317.54854545454,98935.44463436803,-0.7615413998744185,0.24137837645732665,1.0,110,0,62,31,0.8210476248590131,48,3.915890098181524,23,40
D_255,V32,140203.83,2024-08-10 00:00:00,0,67081.75597222222,63875.16720999454,1.144747363870269,2.0900129693248726,3.0,72,0,62,31,0.8210476248590131,48,3.915890098181524,30,40
A_1188,V8,66963.27,2024-08-10 00:00:00,0,179937.1240782123,101867.69807590247,-1.109014409843889,0.37214609379218383,14.0,179,0,62,31,0.8210476248590131,48,3.915890098181524,4,40
D_711,V15,60363.02,2024-08-10 00:00:00,0,101414.6991919192,81219.53730128995,-0.5054347158482441,0.5952039031527944,2.0,99,0,62,31,0.8210476248590131,48,3.915890098181524,31,40
A_341,V29,96688.48,2024-08-10 00:00:00,0,74548.44014492753,60050.95281301047,0.3686814302943991,1.2969712423330497,5.0,69,0,62,31,0.8210476248590131,48,3.915890098181524,30,40
A_208,V37,78781.17,2024-08-10 00:00:00,0,72052.50544117647,51928.02541711314,0.12957425071578763,1.0933703990892698,1.0,68,0,62,31,0.8210476248590131,48,3.915890098181524,25,40
A_130,V40,11817.68,2024-08-10 00:00:00,0,57973.75227272727,46945.974214180664,-0.9831532925243456,0.20384183695010497,2.0,66,0,62,31,0.8210476248590131,48,3.915890098181524,19,40
D_336,V4,40164.35,2024-08-10 00:00:00,0,81228.63022988506,33321.06049362434,-1.232345167782829,0.4944544236669835,7.0,174,0,62,31,0.8210476248590131,48,3.915890098181524,16,40
A_1073,V34,80806.68,2024-08-10 00:00:00,0,87031.30054545455,69584.65178653522,-0.08945264412481965,0.9284677009979405,4.0,55,0,62,31,0.8210476248590131,48,3.915890098181524,32,40
D_78,V15,76305.63,2024-08-10 00:00:00,0,101414.6991919192,81219.53730128995,-0.3091467998885105,0.7524045153561396,0.0,99,0,62,31,0.8210476248590131,48,3.915890098181524,31,40
B_444,V12,171805.46,2024-08-10 01:00:00,1,101944.13491379311,108863.03469822774,0.6417300743984293,1.685273751859588,1.0,116,0,50,27,0.8377151429106967,38,3.695888914859129,18,40
B_447,V13,20296.98,2024-08-10 05:00:00,1,91248.5117,99126.94924086498,-0.7157570820677344,0.22243384782956596,1.0,100,0,49,27,0.8187540647986375,37,3.6772456137075613,24,40
B_448,V14,69651.27,2024-08-10 10:00:00,1,101404.49841584158,100941.99680096707,-0.31456593743150457,0.6868589089161172,1.0,101,0,50,27,0.818877465543553,38,3.701415948258775,21,40
A_261,V8,43774.22,2024-08-11 00:00:00,0,179937.1240782123,101867.69807590247,-1.336651067993008,0.24327373770426217,1.0,179,0,63,29,0.8642258742260198,54,3.8743328984780177,4,40
A_429,V3,66888.29,2024-08-11 00:00:00,0,83925.30547297298,30830.50022220062,-0.5525847055831964,0.7969883771607249,3.0,148,0,63,29,0.8642258742260198,54,3.8743328984780177,16,40
A_466,V19,59046.3,2024-08-11 00:00:00,0,75791.63586956522,77277.72834882235,-0.2166875183812519,0.7790506204536191,13.0,92,0,63,29,0.8642258742260198,54,3.8743328984780177,32,40
D_805,V18,15345.27,2024-08-11 00:00:00,0,93668.06014705882,102265.70386062763,-0.7658679432339938,0.16382431910716505,1.0,136,0,63,29,0.8642258742260198,54,3.8743328984780177,23,40
A_1360,V40,27212.11,2024-08-11 00:00:00,0,57973.75227272727,46945.974214180664,-0.6552422767948164,0.46937863351252707,1.0,66,0,63,29,0.8642258742260198,54,3.8743328984780177,19,40
A_745,V39,177511.96,2024-08-11 00:00:00,0,59686.60327868852,62062.45272865382,1.8984660301845109,2.9740172204800306,10.0,61,0,63,29,0.8642258742260198,54,3.8743328984780177,26,40
B_445,V15,50376.36,2024-08-11 00:00:00,1,101414.6991919192,81219.53730128995,-0.6283920408281835,0.49673137789710164,1.0,99,0,63,29,0.8642258742260198,54,3.8743328984780177,31,40
A_1221,V35,75424.54,2024-08-11 00:00:00,0,75008.17954545454,56348.584614378604,0.007388882409600166,1.0055374616421948,10.0,66,0,63,29,0.8642258742260198,54,3.8743328984780177,29,40
B_462,V21,67725.72,2024-08-11 03:00:00,1,99317.54854545454,98935.44463436803,-0.31931437057604084,0.681904045033485,1.0,110,0,55,27,0.8867570533937547,46,3.7359048674547273,23,40
B_83,V13,4959.04,2024-08-11 07:00:00,1,91248.5117,99126.94924086498,-0.8704857949833146,0.05434593465336867,1.0,100,0,54,27,0.8908932107857429,45,3.7136248152562668,24,40
B_87,V13,19664.0,2024-08-11 17:00:00,1,91248.5117,99126.94924086498,-0.7221425667352519,0.21549704358582336,0.0,100,0,53,27,0.9067053831965822,44,3.7090138850575127,24,40
B_446,V12,141237.59,2024-08-11 17:00:00,1,101944.13491379311,108863.03469822774,0.3609406466986894,1.3854274666410848,1.0,116,0,53,27,0.9067053831965822,44,3.7090138850575127,18,40
B_461,V20,48318.29,2024-08-11 21:00:00,1,84574.58505376344,95035.94061676953,-0.38149686657070186,0.5713030535855564,2.0,93,0,51,27,0.9097839768547502,42,3.6728725077899314,26,40
A_1174,V7,173681.59,2024-08-12 00:00:00,0,144842.31624309393,63932.34127505827,0.4510834750968486,1.1990997893786561,4.0,181,0,57,29,0.9614602723579927,47,3.756683751381449,3,40
D_702,V22,64131.95,2024-08-12 00:00:00,0,85951.16571428571,86159.38158415664,-0.2532395436639742,0.7461353587433914,17.0,91,0,57,29,0.9614602723579927,47,3.756683751381449,29,40
A_1260,V30,52237.93,2024-08-12 00:00:00,0,73122.4169117647,57615.25065897187,-0.3624756327061107,0.7143803203703345,9.0,68,0,57,29,0.9614602723579927,47,3.756683751381449,29,40
D_386,V29,13007.42,2024-08-12 00:00:00,0,74548.44014492753,60050.95281301047,-1.0247963182238837,0.1744804518278471,2.0,69,0,57,29,0.9614602723579927,47,3.756683751381449,30,40
A_680,V2,168312.6,2024-08-12 00:00:00,0,89201.08671052632,40922.37405936534,1.9331620402245149,1.8868684153791015,8.0,152,0,57,29,0.9614602723579927,47,3.756683751381449,20,40
B_463,V19,80263.57,2024-08-12 10:00:00,1,75791.63586956522,77277.72834882235,0.05786759469241368,1.0589890307830039,1.0,92,0,52,28,0.9567517768645938,41,3.6625311039232704,32,40
B_85,V15,138197.36,2024-08-12 11:00:00,1,101414.6991919192,81219.53730128995,0.4528738916320442,1.3626821202354,1.0,99,0,51,27,0.9550444819160364,41,3.6377981054752486,31,40
B_464,V21,130165.65,2024-08-12 15:00:00,1,99317.54854545454,98935.44463436803,0.3117971498627069,1.3105875177024746,1.0,110,0,50,27,0.9457286587721114,39,3.611721759536976,23,40
B_84,V14,37904.33,2024-08-12 15:00:00,1,101404.49841584158,100941.99680096707,-0.6290695781605051,0.37378969180312793,2.0,101,0,50,27,0.9457286587721114,39,3.611721759536976,21,40
B_86,V12,185541.85,2024-08-12 20:00:00,1,101944.13491379311,108863.03469822774,0.7679093955863444,1.8200167193549548,1.0,116,0,48,27,0.9508639393296826,36,3.5650191074688005,18,40
A_1390,V17,18355.03,2024-08-13 00:00:00,0,105661.17514285714,95526.67662806554,-0.9139356071935183,0.17371429250991352,4.0,105,0,50,27,0.9093496317999107,39,3.5988411352151184,24,40
A_827,V16,53813.04,2024-08-13 00:00:00,0,96281.34727272727,92447.62699932391,-0.4593719631232365,0.5589086839311298,4.0,121,0,50,27,0.9093496317999107,39,3.5988411352151184,26,40
D_841,V37,56177.22,2024-08-13 00:00:00,0,72052.50544117647,51928.02541711314,-0.3057112147524493,0.7796597772173949,3.0,68,0,50,27,0.9093496317999107,39,3.5988411352151184,25,40
A_540,V7,107160.17,2024-08-13 00:00:00,0,144842.31624309393,63932.34127505827,-0.589397417553625,0.7398351044389966,1.0,181,0,50,27,0.9093496317999107,39,3.5988411352151184,3,40
A_788,V15,86426.87,2024-08-13 00:00:00,0,101414.6991919192,81219.53730128995,-0.18453250483090758,0.8522040540927069,0.0,99,0,50,27,0.9093496317999107,39,3.5988411352151184,31,40
B_173,V13,141604.78,2024-08-13 05:00:00,1,91248.5117,99126.94924086498,0.5079926366442058,1.5518415097447584,1.0,100,0,45,24,0.948473122556879,35,3.4791759882758737,24,40
B_172,V14,220637.48,2024-08-13 07:00:00,1,101404.49841584158,100941.99680096707,1.1811912204197226,2.1757940491078145,0.0,101,0,44,24,0.9338780912000765,33,3.4488420256903636,21,40
A_108,V30,70150.75,2024-08-14 00:00:00,0,73122.4169117647,57615.25065897187,-0.051576888078918325,0.9593472647024728,2.0,68,0,52,27,0.8506919763143818,40,3.6254146420542543,29,40
A_45,V6,93579.54,2024-08-14 00:00:00,0,144506.03180487806,76560.92735485801,-0.6651673170247938,0.6475777602736773,19.0,205,0,52,27,0.8506919763143818,40,3.6254146420542543,9,40
D_144,V29,68029.57,2024-08-14 00:00:00,0,74548.44014492753,60050.95281301047,-0.10855384112529956,0.9125430032438527,2.0,69,0,52,27,0.8506919763143818,40,3.6254146420542543,30,40
A_884,V18,99971.61,2024-08-14 00:00:00,0,93668.06014705882,102265.70386062763,0.06163833989928791,1.0672852897535887,3.0,136,0,52,27,0.8506919763143818,40,3.6254146420542543,23,40
A_319,V9,63299.82,2024-08-14 00:00:00,0,188269.0858278146,100038.44686257221,-1.249199888115029,0.33621815022643514,12.0,151,0,52,27,0.8506919763143818,40,3.6254146420542543,4,40
A_1330,V17,21828.3,2024-08-14 00:00:00,0,105661.17514285714,95526.67662806554,-0.8775768248740959,0.2065857528532585,1.0,105,0,52,27,0.8506919763143818,40,3.6254146420542543,24,40
A_1077,V18,88528.84,2024-08-14 00:00:00,0,93668.06014705882,102265.70386062763,-0.050253112235461445,0.9451236071015471,0.0,136,0,52,27,0.8506919763143818,40,3.6254146420542543,23,40
A_1344,V1,47570.45,2024-08-14 00:00:00,0,86403.7311111111,33948.99747755859,-1.1438375256663993,0.5505537646871137,6.0,162,0,52,27,0.8506919763143818,40,3.6254146420542543,18,40
A_525,V40,52188.49,2024-08-14 00:00:00,0,57973.75227272727,46945.974214180664,-0.12322971543030342,0.9001934109954054,0.0,66,0,52,27,0.8506919763143818,40,3.6254146420542543,19,40
A_956,V30,90430.77,2024-08-14 00:00:00,0,73122.4169117647,57615.25065897187,0.3004074873021973,1.2366868756846996,0.0,68,0,52,27,0.8506919763143818,40,3.6254146420542543,29,40
D_598,V39,26824.51,2024-08-14 00:00:00,0,59686.60327868852,62062.45272865382,-0.5294918641146846,0.4494150967120119,3.0,61,0,52,27,0.8506919763143818,40,3.6254146420542543,26,40
D_672,V1,34579.43,2024-08-14 00:00:00,0,86403.7311111111,33948.99747755859,-1.5264891004886725,0.40020296985280823,0.0,162,0,52,27,0.8506919763143818,40,3.6254146420542543,18,40
D_208,V24,45058.1,2024-08-14 00:00:00,0,69961.0374137931,66357.40093125252,-0.3752793476683174,0.6440364184007702,5.0,58,0,52,27,0.8506919763143818,40,3.6254146420542543,31,40
A_527,V25,126226.89,2024-08-14 00:00:00,0,84963.20919354838,94781.91364408535,0.43534936013255343,1.48564779450198,15.0,62,0,52,27,0.8506919763143818,40,3.6254146420542543,26,40
A_555,V40,83282.26,2024-08-14 00:00:00,0,57973.75227272727,46945.974214180664,0.5390870902949079,1.4365263625141522,3.0,66,0,52,27,0.8506919763143818,40,3.6254146420542543,19,40
D_844,V35,15921.09,2024-08-14 00:00:00,0,75008.17954545454,56348.584614378604,-1.0485807473082491,0.21225522124731463,3.0,66,0,52,27,0.8506919763143818,40,3.6254146420542543,29,40
D_377,V27,88527.32,2024-08-14 00:00:00,0,83207.86098360656,89047.01535564796,0.05973697443057113,1.0639169789554175,9.0,61,0,52,27,0.8506919763143818,40,3.6254146420542543,28,40
B_192,V21,18401.34,2024-08-14 07:00:00,1,99317.54854545454,98935.44463436803,-0.8178604845210528,0.18527596576361932,1.0,110,0,35,23,0.9091166502012676,21,3.1408419535376826,23,40
B_189,V21,90394.43,2024-08-14 10:00:00,1,99317.54854545454,98935.44463436803,-0.09019041040367931,0.9101465066077733,0.0,110,0,34,23,0.935177196215603,20,3.1208286458389285,23,40
B_191,V22,196299.12,2024-08-14 11:00:00,1,85951.16571428571,86159.38158415664,1.28072731639347,2.2838181954893315,2.0,91,0,33,23,0.9361116973954441,18,3.076792338182116,29,40
B_171,V12,278508.69,2024-08-14 13:00:00,1,101944.13491379311,108863.03469822774,1.6218814191082087,2.7319468480326465,1.0,116,0,32,23,0.8910959306030389,17,3.040594655268076,18,40
B_190,V20,55578.14,2024-08-14 14:00:00,1,84574.58505376344,95035.94061676953,-0.30510709694128074,0.6571416557706318,2.0,93,0,31,22,0.8151593055866365,17,3.040007072071233,26,40
D_539,V33,15674.54,2024-08-15 00:00:00,0,88242.64793103449,64151.09930319075,-1.1311883589041825,0.17762796946302814,6.0,58,0,32,21,0.9383987122301659,21,2.9797518047161113,32,40
D_697,V13,4297.07,2024-08-15 00:00:00,0,91248.5117,99126.94924086498,-0.8771637299660258,0.04709143007940063,1.0,100,0,32,21,0.9383987122301659,21,2.9797518047161113,24,40
A_326,V37,48597.45,2024-08-15 00:00:00,0,72052.50544117647,51928.02541711314,-0.4516752481444971,0.674463368609794,2.0,68,0,32,21,0.9383987122301659,21,2.9797518047161113,25,40
A_1008,V27,36225.68,2024-08-15 00:00:00,0,83207.86098360656,89047.01535564796,-0.5276050319141298,0.43535844105758187,1.0,61,0,32,21,0.9383987122301659,21,2.9797518047161113,28,40
A_623,V36,171223.87,2024-08-15 00:00:00,0,77526.48523809524,111324.58196102447,0.8416518747210195,2.2085569972268946,0.0,63,0,32,21,0.9383987122301659,21,2.9797518047161113,20,40
A_974,V1,8591.31,2024-08-15 00:00:00,0,86403.7311111111,33948.99747755859,-2.291971337039014,0.09943101366697281,1.0,162,0,32,21,0.9383987122301659,21,2.9797518047161113,18,40
A_1470,V1,103608.37,2024-08-15 00:00:00,0,86403.7311111111,33948.99747755859,0.5067640697252302,1.1991052881903663,0.0,162,0,32,21,0.9383987122301659,21,2.9797518047161113,18,40
A_1365,V35,23248.32,2024-08-15 00:00:00,0,75008.17954545454,56348.584614378604,-0.9185490878001447,0.309939665263394,1.0,66,0,32,21,0.9383987122301659,21,2.9797518047161113,29,40
D_964,V21,178408.27,2024-08-15 00:00:00,0,99317.54854545454,98935.44463436803,0.7994093758557331,1.7963237744896052,0.0,110,0,32,21,0.9383987122301659,21,2.9797518047161113,23,40
A_251,V30,66521.18,2024-08-15 00:00:00,0,73122.4169117647,57615.25065897187,-0.11457248321896443,0.9097110448253345,1.0,68,0,32,21,0.9383987122301659,21,2.9797518047161113,29,40
D_154,V36,28727.63,2024-08-15 00:00:00,0,77526.48523809524,111324.58196102447,-0.43834358984244887,0.3705476826931038,37.0,63,0,32,21,0.9383987122301659,21,2.9797518047161113,20,40
D_587,V30,42130.6,2024-08-16 00:00:00,0,73122.4169117647,57615.25065897187,-0.5379006193097142,0.5761574305374354,1.0,68,0,29,19,0.9562132399960269,17,2.91909372476757,29,40
A_874,V34,139450.71,2024-08-16 00:00:00,0,87031.30054545455,69584.65178653522,0.7533077309579582,1.60228684208076,6.0,55,0,29,19,0.9562132399960269,17,2.91909372476757,32,40
D_205,V18,27354.32,2024-08-16 00:00:00,0,93668.06014705882,102265.70386062763,-0.6484392049775393,0.2920315412266781,2.0,136,0,29,19,0.9562132399960269,17,2.91909372476757,23,40
D_17,V29,45707.55,2024-08-16 00:00:00,0,74548.44014492753,60050.95281301047,-0.48026564989039033,0.6131172804402344,2.0,69,0,29,19,0.9562132399960269,17,2.91909372476757,30,40
A_367,V23,64835.63,2024-08-16 00:00:00,0,74902.77192307693,98110.10534391222,-0.10260960660659396,0.8655856485649815,6.0,52,0,29,19,0.9562132399960269,17,2.91909372476757,26,40
A_499,V39,45239.82,2024-08-16 00:00:00,0,59686.60327868852,62062.45272865382,-0.23277440496021007,0.75794331678506,2.0,61,0,29,19,0.9562132399960269,17,2.91909372476757,26,40
A_279,V24,354151.64,2024-08-16 00:00:00,0,69961.0374137931,66357.40093125252,4.282662008094938,5.062054409670159,2.0,58,0,29,19,0.9562132399960269,17,2.91909372476757,31,40
D_935,V29,7526.25,2024-08-17 00:00:00,0,74548.44014492753,60050.95281301047,-1.1160701193784814,0.10095649256880568,1.0,69,0,30,22,0.7666818271212776,13,2.963259505217395,30,40
A_219,V33,84731.69,2024-08-17 00:00:00,0,88242.64793103449,64151.09930319075,-0.054728652205772166,0.9602015780922928,2.0,58,0,30,22,0.7666818271212776,13,2.963259505217395,32,40
A_876,V22,50875.14,2024-08-17 00:00:00,0,85951.16571428571,86159.38158415664,-0.4071015595494481,0.5919006179450377,2.0,91,0,30,22,0.7666818271212776,13,2.963259505217395,29,40
D_29,V39,18141.44,2024-08-18 00:00:00,0,59686.60327868852,62062.45272865382,-0.6693981957518084,0.3039398301066883,2.0,61,0,35,24,0.7554004327798804,19,3.1452637890876383,26,40
A_384,V39,59342.39,2024-08-18 00:00:00,0,59686.60327868852,62062.45272865382,-0.005546150972190451,0.9942163320400607,0.0,61,0,35,24,0.7554004327798804,19,3.1452637890876383,26,40
A_687,V31,33081.63,2024-08-18 00:00:00,0,67268.36175438597,41034.01405489689,-0.8331112475957911,0.49177856214524096,13.0,57,0,35,24,0.7554004327798804,19,3.1452637890876383,18,40
A_824,V32,50736.14,2024-08-18 00:00:00,0,67081.75597222222,63875.16720999454,-0.2558953782947807,0.7563216398117116,8.0,72,0,35,24,0.7554004327798804,19,3.1452637890876383,30,40
D_19,V4,73590.61,2024-08-18 00:00:00,0,81228.63022988506,33321.06049362434,-0.22921812507202188,0.9059577126195681,8.0,174,0,35,24,0.7554004327798804,19,3.1452637890876383,16,40
D_80,V17,14264.37,2024-08-18 00:00:00,0,105661.17514285714,95526.67662806554,-0.9567573332564987,0.13499977622753193,4.0,105,0,35,24,0.7554004327798804,19,3.1452637890876383,24,40
D_798,V15,93228.88,2024-08-18 00:00:00,0,101414.6991919192,81219.53730128995,-0.10078509037133863,0.9192746364009536,5.0,99,0,35,24,0.7554004327798804,19,3.1452637890876383,31,40
A_64,V32,34827.76,2024-08-18 00:00:00,0,67081.75597222222,63875.16720999454,-0.5049457001104399,0.5191760459934228,0.0,72,0,35,24,0.7554004327798804,19,3.1452637890876383,30,40
A_54,V22,34633.15,2024-08-18 00:00:00,0,85951.16571428571,86159.38158415664,-0.5956103579249025,0.4029351641368099,1.0,91,0,35,24,0.7554004327798804,19,3.1452637890876383,29,40
D_880,V34,36846.32,2024-08-19 00:00:00,0,87031.30054545455,69584.65178653522,-0.7211972476654348,0.4233637370157324,3.0,55,0,34,23,0.8086111743226648,20,3.1338240051418484,32,40
D_321,V23,395894.72,2024-08-19 00:00:00,0,74902.77192307693,98110.10534391222,3.27171880238979,5.2853776229929705,3.0,52,0,34,23,0.8086111743226648,20,3.1338240051418484,26,40
B_345,V19,23346.76,2024-08-19 06:00:00,1,75791.63586956522,77277.72834882235,-0.678645689313603,0.3080346755610721,6.0,92,0,32,21,0.7042328585864602,20,3.175161267915213,32,40
B_344,V21,16606.78,2024-08-19 07:00:00,1,99317.54854545454,98935.44463436803,-0.8359989976506887,0.16720723614280036,4.0,110,0,31,20,0.7148977696929941,20,3.148629452927267,23,40
B_346,V22,56007.48,2024-08-19 10:00:00,1,85951.16571428571,86159.38158415664,-0.3475342746136563,0.651612202375155,1.0,91,0,30,19,0.7349232902153015,20,3.1266280498609715,29,40
B_347,V22,138894.63,2024-08-19 11:00:00,1,85951.16571428571,86159.38158415664,0.6144757406163769,1.6159526504742272,0.0,91,0,29,19,0.7376453860871375,18,3.085270028844841,29,40
A_885,V37,25164.59,2024-08-20 00:00:00,0,72052.50544117647,51928.02541711314,-0.9029230774996333,0.34924865689628437,5.0,68,0,34,23,0.829768270087435,19,3.1189237849306037,25,40
D_836,V2,101340.38,2024-08-20 00:00:00,0,89201.08671052632,40922.37405936534,0.29663471227626215,1.1360763378648777,8.0,152,0,34,23,0.829768270087435,19,3.1189237849306037,20,40
A_1154,V40,41943.61,2024-08-20 00:00:00,0,57973.75227272727,46945.974214180664,-0.3414520859128181,0.723480624853507,6.0,66,0,34,23,0.829768270087435,19,3.1189237849306037,19,40
A_589,V30,68377.88,2024-08-20 00:00:00,0,73122.4169117647,57615.25065897187,-0.08234719992190057,0.9351023637545418,4.0,68,0,34,23,0.829768270087435,19,3.1189237849306037,29,40
A_949,V33,39071.63,2024-08-21 00:00:00,0,88242.64793103449,64151.09930319075,-0.7664755863817673,0.4427698867405827,4.0,58,0,36,21,0.8427638655476081,25,3.19133767236659,32,40
D_410,V1,8932.55,2024-08-21 00:00:00,0,86403.7311111111,33948.99747755859,-2.281920084451276,0.10338033444619249,6.0,162,0,36,21,0.8427638655476081,25,3.19133767236659,18,40
D_799,V8,17150.81,2024-08-21 00:00:00,0,179937.1240782123,101867.69807590247,-1.598001320846567,0.09531504281185676,10.0,179,0,36,21,0.8427638655476081,25,3.19133767236659,4,40
A_1211,V32,53631.5,2024-08-21 00:00:00,0,67081.75597222222,63875.16720999454,-0.21056767429398446,0.7994826572451473,3.0,72,0,36,21,0.8427638655476081,25,3.19133767236659,30,40
D_413,V35,11369.43,2024-08-21 00:00:00,0,75008.17954545454,56348.584614378604,-1.1293561431012922,0.1515738482796,6.0,66,0,36,21,0.8427638655476081,25,3.19133767236659,29,40
A_70,V9,233650.32,2024-08-21 00:00:00,0,188269.0858278146,100038.44686257221,0.45363339757892956,1.2410379427653133,7.0,151,0,36,21,0.8427638655476081,25,3.19133767236659,4,40
A_718,V5,130056.98,2024-08-21 00:00:00,0,144407.3437244898,59983.82205994232,-0.2392332465394263,0.9006195670253644,12.0,196,0,36,21,0.8427638655476081,25,3.19133767236659,3,40
A_1283,V37,75758.96,2024-08-21 00:00:00,0,72052.50544117647,51928.02541711314,0.07137539225995328,1.0514264300693685,1.0,68,0,36,21,0.8427638655476081,25,3.19133767236659,25,40
D_444,V31,17909.93,2024-08-22 00:00:00,0,67268.36175438597,41034.01405489689,-1.2028369647529293,0.26624200873783777,4.0,57,0,37,22,0.9247348729031201,26,3.2762749649771448,18,40
A_580,V1,38008.54,2024-08-22 00:00:00,0,86403.7311111111,33948.99747755859,-1.4254843801711912,0.4398895698329688,1.0,162,0,37,22,0.9247348729031201,26,3.2762749649771448,18,40
D_575,V12,34139.0,2024-08-22 00:00:00,0,101944.13491379311,108863.03469822774,-0.6228423840963608,0.33487620599912526,0.0,116,0,37,22,0.9247348729031201,26,3.2762749649771448,18,40
A_291,V12,139265.94,2024-08-22 00:00:00,0,101944.13491379311,108863.03469822774,0.34282952298859154,1.3660871616655972,7.0,116,0,37,22,0.9247348729031201,26,3.2762749649771448,18,40
A_1397,V20,68001.66,2024-08-22 00:00:00,0,84574.58505376344,95035.94061676953,-0.17438403368425665,0.8040341660867302,7.0,93,0,37,22,0.9247348729031201,26,3.2762749649771448,26,40
D_180,V40,16860.52,2024-08-22 00:00:00,0,57973.75227272727,46945.974214180664,-0.8757376372151526,0.2908252185483093,2.0,66,0,37,22,0.9247348729031201,26,3.2762749649771448,19,40
D_102,V16,65370.66,2024-08-22 00:00:00,0,96281.34727272727,92447.62699932391,-0.33435528764481626,0.6789475106462922,9.0,121,0,37,22,0.9247348729031201,26,3.2762749649771448,26,40
D_872,V39,41421.18,2024-08-22 00:00:00,0,59686.60327868852,62062.45272865382,-0.29430240303494476,0.6939662128264655,4.0,61,0,37,22,0.9247348729031201,26,3.2762749649771448,26,40
A_529,V39,40592.69,2024-08-23 00:00:00,0,59686.60327868852,62062.45272865382,-0.30765148310662915,0.6800857761111282,1.0,61,0,33,23,0.9900960664649416,17,3.207657207966408,26,40
A_328,V37,79307.85,2024-08-23 00:00:00,0,72052.50544117647,51928.02541711314,0.13971655544362566,1.1006799671217369,2.0,68,0,33,23,0.9900960664649416,17,3.207657207966408,25,40
D_963,V26,19446.37,2024-08-23 00:00:00,0,82902.77408450704,83596.62150892465,-0.7590694919200854,0.2345655576569718,25.0,71,0,33,23,0.9900960664649416,17,3.207657207966408,30,40
A_609,V32,110273.63,2024-08-23 00:00:00,0,67081.75597222222,63875.16720999454,0.6761813664521134,1.6438446572717191,2.0,72,0,33,23,0.9900960664649416,17,3.207657207966408,30,40
A_9,V29,175799.69,2024-08-23 00:00:00,0,74548.44014492753,60050.95281301047,1.6860609041365933,2.358162444389084,6.0,69,0,33,23,0.9900960664649416,17,3.207657207966408,30,40
D_834,V35,72650.39,2024-08-23 00:00:00,0,75008.17954545454,56348.584614378604,-0.041842181474624464,0.9685533216101219,2.0,66,0,33,23,0.9900960664649416,17,3.207657207966408,29,40
D_492,V35,24156.92,2024-08-23 00:00:00,0,75008.17954545454,56348.584614378604,-0.902424745336613,0.3220528493497417,0.0,66,0,33,23,0.9900960664649416,17,3.207657207966408,29,40
A_1331,V9,51708.8,2024-08-23 00:00:00,0,188269.0858278146,100038.44686257221,-1.3650643832068803,0.27465223576352493,2.0,151,0,33,23,0.9900960664649416,17,3.207657207966408,4,40
B_431,V14,460709.0,2024-08-24 00:00:00,1,101404.49841584158,100941.99680096707,3.559479240472838,4.543234905376965,10.0,101,0,35,24,0.811695202151026,20,3.197704375666493,21,40
A_1149,V27,56490.41,2024-08-24 00:00:00,0,83207.86098360656,89047.01535564796,-0.30003421049756135,0.6788989697999771,9.0,61,0,35,24,0.811695202151026,20,3.197704375666493,28,40
A_1434,V34,69545.24,2024-08-24 00:00:00,0,87031.30054545455,69584.65178653522,-0.25128830580039324,0.7990739020356984,5.0,55,0,35,24,0.811695202151026,20,3.197704375666493,32,40
D_143,V36,13770.45,2024-08-24 00:00:00,0,77526.48523809524,111324.58196102447,-0.572698872218036,0.17762023310454955,9.0,63,0,35,24,0.811695202151026,20,3.197704375666493,20,40
A_55,V28,80560.21,2024-08-24 00:00:00,0,87976.94703125,91319.31227399668,-0.08121672874920625,0.9156864045871042,17.0,64,0,35,24,0.811695202151026,20,3.197704375666493,26,40
D_801,V35,53784.33,2024-08-24 00:00:00,0,75008.17954545454,56348.584614378604,-0.37664606918928184,0.7170366390610556,1.0,66,0,35,24,0.811695202151026,20,3.197704375666493,29,40
B_433,V14,34319.96,2024-08-24 07:00:00,1,101404.49841584158,100941.99680096707,-0.6645784308159047,0.33844279192102006,0.0,101,0,32,23,0.7652340288676218,16,3.198970151631881,21,40
B_434,V12,70712.62,2024-08-24 16:00:00,1,101944.13491379311,108863.03469822774,-0.2868855173369902,0.6936340813104621,2.0,116,0,31,22,0.7789813475228464,16,3.1699019945643445,18,40
B_432,V12,183882.85,2024-08-24 20:00:00,1,101944.13491379311,108863.03469822774,0.7526702029126688,1.8037432600927459,0.0,116,0,30,22,0.7818373739403564,15,3.1294714469027456,18,40
D_679,V40,38736.77,2024-08-25 00:00:00,0,57973.75227272727,46945.974214180664,-0.40975978952263575,0.6681662013452485,3.0,66,0,43,27,0.8715770793045261,26,3.3433825966106894,19,40
A_316,V1,89642.95,2024-08-25 00:00:00,0,86403.7311111111,33948.99747755859,0.09541146184267202,1.0374773330956235,3.0,162,0,43,27,0.8715770793045261,26,3.3433825966106894,18,40
A_847,V31,48528.27,2024-08-25 00:00:00,0,67268.36175438597,41034.01405489689,-0.45668539870159097,0.7214022659704504,3.0,57,0,43,27,0.8715770793045261,26,3.3433825966106894,18,40
B_42,V13,81927.36,2024-08-25 05:00:00,1,91248.5117,99126.94924086498,-0.09403151958032645,0.8978388867367495,10.0,100,0,41,25,0.9818277690449363,26,3.2179475053386537,24,40
B_40,V12,57021.1,2024-08-25 07:00:00,1,101944.13491379311,108863.03469822774,-0.4126526730184146,0.5593312525234108,0.0,116,0,41,25,0.9789606691893807,26,3.2121062826457285,18,40
B_41,V13,19788.38,2024-08-25 08:00:00,1,91248.5117,99126.94924086498,-0.7208878247482289,0.21686011937311003,0.0,100,0,41,25,0.9812996022699526,26,3.214314902286375,24,40
A_307,V17,31885.9,2024-08-26 00:00:00,0,105661.17514285714,95526.67662806554,-0.7722921539283238,0.3017721332812778,8.0,105,0,53,27,0.9538618996864093,39,3.516789908541248,24,40
A_1173,V8,36191.97,2024-08-26 00:00:00,0,179937.1240782123,101867.69807590247,-1.4110826661503777,0.2011356414067578,5.0,179,0,53,27,0.9538618996864093,39,3.516789908541248,4,40
A_837,V19,140482.21,2024-08-26 00:00:00,0,75791.63586956522,77277.72834882235,0.8371071252419308,1.8535073808722238,0.0,92,0,53,27,0.9538618996864093,39,3.516789908541248,32,40
A_1256,V19,138104.98,2024-08-26 00:00:00,0,75791.63586956522,77277.72834882235,0.8063453612896361,1.8221424603528866,6.0,92,0,53,27,0.9538618996864093,39,3.516789908541248,32,40
A_216,V34,213110.61,2024-08-26 00:00:00,0,87031.30054545455,69584.65178653522,1.8118578502550104,2.4486381339385397,2.0,55,0,53,27,0.9538618996864093,39,3.516789908541248,32,40
A_1464,V32,96332.53,2024-08-26 00:00:00,0,67081.75597222222,63875.16720999454,0.45792938595728677,1.4360252288962247,3.0,72,0,53,27,0.9538618996864093,39,3.516789908541248,30,40
B_43,V13,116239.92,2024-08-26 03:00:00,1,91248.5117,99126.94924086498,0.25211263313109494,1.2738689537557273,0.0,100,0,47,24,0.9354408272002973,36,3.3588109841186076,24,40
B_44,V15,130687.86,2024-08-26 08:00:00,1,101414.6991919192,81219.53730128995,0.3604157492764566,1.2886353990686013,8.0,99,0,47,24,0.9401478359451338,36,3.3601693546216933,31,40
D_69,V38,100394.58,2024-08-27 00:00:00,0,71190.65382978723,52355.46745943829,0.5577902327508573,1.4102015418834672,20.0,47,0,51,26,0.950862751162421,41,3.4485428220255043,25,40
D_758,V11,78860.59,2024-08-27 00:00:00,0,182570.8592121212,102941.535881061,-1.007457882443728,0.4319427448475276,18.0,165,0,51,26,0.950862751162421,41,3.4485428220255043,4,40
A_551,V23,20954.61,2024-08-28 00:00:00,0,74902.77192307693,98110.10534391222,-0.5498680473935197,0.27975373551974814,9.0,52,0,57,30,0.9168978189936645,43,3.5475430064664493,26,40
A_1480,V22,67535.66,2024-08-28 00:00:00,0,85951.16571428571,86159.38158415664,-0.21373519215787684,0.7857354080465621,8.0,91,0,57,30,0.9168978189936645,43,3.5475430064664493,29,40
D_952,V11,4215.94,2024-08-28 00:00:00,0,182570.8592121212,102941.535881061,-1.7325677640017638,0.02309194866171411,1.0,165,0,57,30,0.9168978189936645,43,3.5475430064664493,4,40
D_202,V33,34617.43,2024-08-28 00:00:00,0,88242.64793103449,64151.09930319075,-0.8359074529672845,0.3922937323154947,7.0,58,0,57,30,0.9168978189936645,43,3.5475430064664493,32,40
D_582,V8,19218.55,2024-08-28 00:00:00,0,179937.1240782123,101867.69807590247,-1.5777032308635253,0.10680643748206702,2.0,179,0,57,30,0.9168978189936645,43,3.5475430064664493,4,40
D_429,V5,21933.37,2024-08-28 00:00:00,0,144407.3437244898,59983.82205994232,-2.0417493879052038,0.15188436785789672,7.0,196,0,57,30,0.9168978189936645,43,3.5475430064664493,3,40
A_1308,V5,33668.1,2024-08-28 00:00:00,0,144407.3437244898,59983.82205994232,-1.8461210673231472,0.23314511566058715,0.0,196,0,57,30,0.9168978189936645,43,3.5475430064664493,3,40
A_798,V3,16191.79,2024-08-28 00:00:00,0,83925.30547297298,30830.50022220062,-2.196893274242963,0.19292866412681883,17.0,148,0,57,30,0.9168978189936645,43,3.5475430064664493,16,40
A_546,V4,54734.63,2024-08-28 00:00:00,0,81228.63022988506,33321.06049362434,-0.7950888941863089,0.673825916049322,10.0,174,0,57,30,0.9168978189936645,43,3.5475430064664493,16,40
D_20,V35,119526.02,2024-08-28 00:00:00,0,75008.17954545454,56348.584614378604,0.7900296117388937,1.5934852337315444,4.0,66,0,57,30,0.9168978189936645,43,3.5475430064664493,29,40
B_274,V22,21042.24,2024-08-28 03:00:00,1,85951.16571428571,86159.38158415664,-0.7533500260892683,0.24481337759361038,0.0,91,0,47,26,1.0557347758735638,34,3.3864173044784276,29,40
B_238,V21,183214.23,2024-08-28 04:00:00,1,99317.54854545454,98935.44463436803,0.8479856110111508,1.8447131244185413,8.0,110,0,46,26,1.0708249765586475,33,3.3733328389030186,23,40
B_237,V20,182942.97,2024-08-28 05:00:00,1,84574.58505376344,95035.94061676953,1.0350542042688524,2.1630707004120144,6.0,93,0,45,26,1.0538182407296262,32,3.3385736309377996,26,40
A_638,V25,39079.49,2024-08-29 00:00:00,0,84963.20919354838,94781.91364408535,-0.48409272757581684,0.45995237725307325,15.0,62,0,48,27,1.0377831044415218,35,3.423742452393152,26,40
D_670,V38,204084.54,2024-08-29 00:00:00,0,71190.65382978723,52355.46745943829,2.538251578435245,2.8666919367816286,2.0,47,0,48,27,1.0377831044415218,35,3.423742452393152,25,40
A_891,V14,45039.44,2024-08-29 00:00:00,0,101404.49841584158,100941.99680096707,-0.5583850311773345,0.4441518527457278,4.0,101,0,48,27,1.0377831044415218,35,3.423742452393152,21,40
A_190,V19,44669.39,2024-08-29 00:00:00,0,75791.63586956522,77277.72834882235,-0.40272719976815574,0.589363194557232,3.0,92,0,48,27,1.0377831044415218,35,3.423742452393152,32,40
A_786,V20,40238.18,2024-08-29 00:00:00,0,84574.58505376344,95035.94061676953,-0.4665175958530399,0.47576590779030603,0.0,93,0,48,27,1.0377831044415218,35,3.423742452393152,26,40
D_26,V31,91170.83,2024-08-29 00:00:00,0,67268.36175438597,41034.01405489689,0.5824895834966003,1.3553098709763758,4.0,57,0,48,27,1.0377831044415218,35,3.423742452393152,18,40
D_296,V8,54443.6,2024-08-29 00:00:00,0,179937.1240782123,101867.69807590247,-1.231914478623325,0.3025684538999385,1.0,179,0,48,27,1.0377831044415218,35,3.423742452393152,4,40
D_239,V20,661676.93,2024-08-29 00:00:00,0,84574.58505376344,95035.94061676953,6.072400281416522,7.82349811212517,0.0,93,0,48,27,1.0377831044415218,35,3.423742452393152,26,40
A_1387,V21,62543.71,2024-08-29 00:00:00,0,99317.54854545454,98935.44463436803,-0.3716915306726136,0.6297283932958,0.0,110,0,48,27,1.0377831044415218,35,3.423742452393152,23,40
A_592,V27,67702.75,2024-08-29 00:00:00,0,83207.86098360656,89047.01535564796,-0.17412079226786642,0.8136483206198255,5.0,61,0,48,27,1.0377831044415218,35,3.423742452393152,28,40
A_231,V5,29680.02,2024-08-29 00:00:00,0,144407.3437244898,59983.82205994232,-1.912605885699615,0.20552842886021308,1.0,196,0,48,27,1.0377831044415218,35,3.423742452393152,3,40
B_239,V22,52834.94,2024-08-29 00:00:00,1,85951.16571428571,86159.38158415664,-0.3843556064330987,0.6147016722723317,0.0,91,0,48,27,1.0377831044415218,35,3.423742452393152,29,40
D_36,V16,45446.08,2024-08-29 00:00:00,0,96281.34727272727,92447.62699932391,-0.5498758491361807,0.4720084344357583,7.0,121,0,48,27,1.0377831044415218,35,3.423742452393152,26,40
D_241,V30,90717.72,2024-08-29 00:00:00,0,73122.4169117647,57615.25065897187,0.3053878530274584,1.2406110632038119,9.0,68,0,48,27,1.0377831044415218,35,3.423742452393152,29,40
B_307,V12,540656.49,2024-08-29 01:00:00,1,101944.13491379311,108863.03469822774,4.029910854418745,5.303406488766631,3.0,116,0,34,22,0.9962418543971405,21,3.141558189859034,18,40
B_236,V19,54849.85,2024-08-29 06:00:00,1,75791.63586956522,77277.72834882235,-0.27099030117366507,0.7236831041790583,0.0,92,0,33,22,0.8684831085170229,19,3.2044968276864623,32,40
B_309,V15,66210.63,2024-08-29 08:00:00,1,101414.6991919192,81219.53730128995,-0.4334380239486556,0.6528637136810833,3.0,99,0,32,22,0.8717480638450039,17,3.171119849402614,31,40
B_308,V15,104395.38,2024-08-29 11:00:00,1,101414.6991919192,81219.53730128995,0.03669860982357072,1.0293808634345858,0.0,99,0,31,22,0.8785577101103532,16,3.1339568343160247,31,40
B_241,V14,256838.5,2024-08-29 13:00:00,1,101404.49841584158,100941.99680096707,1.5398195665879943,2.5327867227353096,0.0,101,0,30,22,0.8737143572604215,14,3.090097245558428,21,40
B_240,V13,12815.99,2024-08-29 13:00:00,1,91248.5117,99126.94924086498,-0.7912251015041336,0.1404499570598798,3.0,100,0,30,22,0.8737143572604215,14,3.090097245558428,24,40
B_242,V14,199062.48,2024-08-29 14:00:00,1,101404.49841584158,100941.99680096707,0.9674567298285603,1.9630343828466648,0.0,101,0,28,22,0.8395460552286913,10,3.049355320355378,21,40
B_243,V12,63720.07,2024-08-29 18:00:00,1,101944.13491379311,108863.03469822774,-0.351117474377563,0.6250427747619638,0.0,116,0,27,21,0.7997697020249839,10,3.011476511130072,18,40
B_272,V20,291778.51,2024-08-29 22:00:00,1,84574.58505376344,95035.94061676953,2.180246161140365,3.4499141781226905,0.0,93,0,26,20,0.8062178915190468,10,2.9669381399979686,26,40
B_273,V21,31955.5,2024-08-29 23:00:00,1,99317.54854545454,98935.44463436803,-0.6808618279583362,0.3217475533824894,0.0,110,0,25,19,0.7227164555303321,10,2.9674045143486145,23,40
D_690,V19,58301.69,2024-08-30 00:00:00,0,75791.63586956522,77277.72834882235,-0.2263228994998304,0.7692263150780753,0.0,92,0,30,22,0.9087819884603301,13,3.10760651145516,32,40
A_544,V8,42896.08,2024-08-30 00:00:00,0,179937.1240782123,101867.69807590247,-1.3452713803812715,0.23839350454356575,1.0,179,0,30,22,0.9087819884603301,13,3.10760651145516,4,40
A_658,V10,48590.71,2024-08-30 00:00:00,0,184110.51882978724,99924.56226640988,-1.3562076185118692,0.2639199888678478,25.0,188,0,30,22,0.9087819884603301,13,3.10760651145516,4,40
A_678,V6,53059.06,2024-08-30 00:00:00,0,144506.03180487806,76560.92735485801,-1.1944183612440833,0.367172858907264,16.0,205,0,30,22,0.9087819884603301,13,3.10760651145516,9,40
D_706,V11,37337.71,2024-08-30 00:00:00,0,182570.8592121212,102941.535881061,-1.410817675794605,0.2045096662822454,2.0,165,0,30,22,0.9087819884603301,13,3.10760651145516,4,40
D_502,V27,78892.16,2024-08-30 00:00:00,0,83207.86098360656,89047.01535564796,-0.04846487556595305,0.9481220998271204,1.0,61,0,30,22,0.9087819884603301,13,3.10760651145516,28,40
B_339,V16,144503.87,2024-08-30 07:00:00,1,96281.34727272727,92447.62699932391,0.5216142661331831,1.5008345152895108,1.0,121,0,25,17,1.0897105574153094,14,2.928074420383566,26,40
B_338,V18,24068.71,2024-08-30 21:00:00,1,93668.06014705882,102265.70386062763,-0.6805670616108939,0.2569547507171796,14.0,136,0,26,17,1.0641691377783495,14,2.9518155632804675,23,40
D_463,V23,35379.48,2024-08-31 00:00:00,0,74902.77192307693,98110.10534391222,-0.4028421837113605,0.472332421875006,3.0,52,0,29,18,1.0684491646493355,19,3.073425680736922,26,40
D_85,V6,228645.02,2024-08-31 00:00:00,0,144506.03180487806,76560.92735485801,1.0989664328216933,1.5822414808763772,1.0,205,0,29,18,1.0684491646493355,19,3.073425680736922,9,40
D_424,V28,203598.48,2024-08-31 00:00:00,0,87976.94703125,91319.31227399668,1.2661096977180735,2.3141990336246567,7.0,64,0,29,18,1.0684491646493355,19,3.073425680736922,26,40
A_1362,V13,64299.0,2024-08-31 00:00:00,0,91248.5117,99126.94924086498,-0.27186592587038216,0.7046503460905643,1.0,100,0,29,18,1.0684491646493355,19,3.073425680736922,24,40
B_336,V17,11997.09,2024-08-31 18:00:00,1,105661.17514285714,95526.67662806554,-0.9804916067155675,0.11354195561259003,5.0,105,0,26,16,1.0051489326982548,18,2.9581978528789175,24,40
B_335,V18,118077.62,2024-08-31 20:00:00,1,93668.06014705882,102265.70386062763,0.2386853094063471,1.2605829482501496,0.0,136,0,25,16,1.0451024079130524,17,2.941795211588282,23,40
B_337,V18,77153.74,2024-08-31 20:00:00,1,93668.06014705882,102265.70386062763,-0.1614828631767096,0.8236843615049618,0.0,136,0,25,16,1.0451024079130524,17,2.941795211588282,23,40
D_714,V22,27799.56,2024-09-01 00:00:00,0,85951.16571428571,86159.38158415664,-0.6749227968249709,0.3234305938538971,3.0,91,0,27,17,1.1336252152304693,19,3.0301373614746008,29,40
D_727,V15,36910.83,2024-09-01 00:00:00,0,101414.6991919192,81219.53730128995,-0.7941817591361185,0.36395578095014564,2.0,99,0,27,17,1.1336252152304693,19,3.0301373614746008,31,40
A_710,V2,54631.11,2024-09-01 00:00:00,0,89201.08671052632,40922.37405936534,-0.8447489363994647,0.6124420629002308,12.0,152,0,27,17,1.1336252152304693,19,3.0301373614746008,20,40
A_733,V39,50178.1,2024-09-01 00:00:00,0,59686.60327868852,62062.45272865382,-0.1532061601577409,0.8406787547778134,9.0,61,0,27,17,1.1336252152304693,19,3.0301373614746008,26,40
A_1213,V29,31893.21,2024-09-01 00:00:00,0,74548.44014492753,60050.95281301047,-0.7103054629671613,0.42781287073381286,9.0,69,0,27,17,1.1336252152304693,19,3.0301373614746008,30,40
D_732,V17,128510.24,2024-09-02 00:00:00,0,105661.17514285714,95526.67662806554,0.23918790515658708,1.2162369346102508,1.0,105,0,30,21,1.3000150497620329,17,3.083654329601239,24,40
A_1066,V6,120867.35,2024-09-02 00:00:00,0,144506.03180487806,76560.92735485801,-0.3087524389937936,0.836411546831868,2.0,205,0,30,21,1.3000150497620329,17,3.083654329601239,9,40
A_471,V1,186192.73,2024-09-02 00:00:00,0,86403.7311111111,33948.99747755859,2.939293263713813,2.1548904510861533,8.0,162,0,30,21,1.3000150497620329,17,3.083654329601239,18,40
A_1242,V21,39488.94,2024-09-02 00:00:00,0,99317.54854545454,98935.44463436803,-0.6047175918495821,0.3975988430995579,3.0,110,0,30,21,1.3000150497620329,17,3.083654329601239,23,40
A_1408,V29,80669.92,2024-09-03 00:00:00,0,74548.44014492753,60050.95281301047,0.10193639953947052,1.0820996085708219,2.0,69,0,33,24,1.2198761783126197,17,3.140895776217373,30,40
A_83,V3,168759.52,2024-09-03 00:00:00,0,83925.30547297298,30830.50022220062,2.7515435160674095,2.010806016646903,6.0,148,0,33,24,1.2198761783126197,17,3.140895776217373,16,40
D_210,V28,306836.96,2024-09-03 00:00:00,0,87976.94703125,91319.31227399668,2.396619191490326,3.487657650058721,0.0,64,0,33,24,1.2198761783126197,17,3.140895776217373,26,40
A_443,V28,122639.03,2024-09-03 00:00:00,0,87976.94703125,91319.31227399668,0.37956597065448244,1.3939746736354086,3.0,64,0,33,24,1.2198761783126197,17,3.140895776217373,26,40
D_430,V34,11189.8,2024-09-03 00:00:00,0,87031.30054545455,69584.65178653522,-1.0899014178685875,0.12857065629508296,8.0,55,0,33,24,1.2198761783126197,17,3.140895776217373,32,40
A_166,V7,264476.94,2024-09-03 00:00:00,0,144842.31624309393,63932.34127505827,1.8712399723049988,1.8259519794211434,21.0,181,0,33,24,1.2198761783126197,17,3.140895776217373,3,40
B_70,V16,66572.74,2024-09-03 02:00:00,1,96281.34727272727,92447.62699932391,-0.32135260670712323,0.69143245761788,3.0,121,0,27,21,1.1098256373918967,11,2.926871840100419,26,40
B_68,V18,169502.66,2024-09-03 08:00:00,1,93668.06014705882,102265.70386062763,0.7415375385158696,1.8095906987204071,2.0,136,0,26,21,1.1273369301389715,10,2.881992606553452,23,40
B_66,V17,23595.76,2024-09-03 14:00:00,1,105661.17514285714,95526.67662806554,-0.8590747523607912,0.22331321466833434,1.0,105,0,26,20,1.1224613075439032,11,2.882412106394618,24,40
A_1455,V21,80487.61,2024-09-04 00:00:00,0,99317.54854545454,98935.44463436803,-0.19032358212429126,0.8103985728623864,2.0,110,0,31,22,1.0818583837977234,14,3.0975177982620514,23,40
A_1092,V2,42515.91,2024-09-04 00:00:00,0,89201.08671052632,40922.37405936534,-1.1407949071550805,0.4766246123587925,3.0,152,0,31,22,1.0818583837977234,14,3.0975177982620514,20,40
D_223,V19,20441.99,2024-09-04 00:00:00,0,75791.63586956522,77277.72834882235,-0.7162339113517346,0.2697094482263355,5.0,92,0,31,22,1.0818583837977234,14,3.0975177982620514,32,40
A_1047,V15,181976.15,2024-09-04 00:00:00,0,101414.6991919192,81219.53730128995,0.9918852236748417,1.7943587772897776,3.0,99,0,31,22,1.0818583837977234,14,3.0975177982620514,31,40
B_67,V16,52926.37,2024-09-04 03:00:00,1,96281.34727272727,92447.62699932391,-0.4689629114020734,0.5496996230272817,1.0,121,0,27,19,1.1104979411939648,12,2.9547512017490116,26,40
B_69,V17,212864.39,2024-09-04 22:00:00,1,105661.17514285714,95526.67662806554,1.1222215240776316,2.0145751278752644,1.0,105,0,28,19,1.2382218489548718,15,2.9962080907234947,24,40
A_1234,V35,73445.82,2024-09-05 00:00:00,0,75008.17954545454,56348.584614378604,-0.02772619454333767,0.9791577570248298,8.0,66,0,37,22,1.1295192688870623,23,3.3024216595422846,29,40
A_293,V22,113575.59,2024-09-05 00:00:00,0,85951.16571428571,86159.38158415664,0.32061631782273725,1.3213813643455772,4.0,91,0,37,22,1.1295192688870623,23,3.3024216595422846,29,40
A_1458,V34,192617.21,2024-09-05 00:00:00,0,87031.30054545455,69584.65178653522,1.5173517347864556,2.213169234787737,2.0,55,0,37,22,1.1295192688870623,23,3.3024216595422846,32,40
A_275,V23,48401.93,2024-09-06 00:00:00,0,74902.77192307693,98110.10534391222,-0.27011052245495165,0.6461881525767057,6.0,52,0,43,23,0.9345681172877541,30,3.427047281346303,26,40
D_956,V13,119594.65,2024-09-06 00:00:00,0,91248.5117,99126.94924086498,0.2859550562387146,1.3106333148739469,6.0,100,0,43,23,0.9345681172877541,30,3.427047281346303,24,40
A_176,V12,262807.87,2024-09-06 00:00:00,0,101944.13491379311,108863.03469822774,1.4776572954706562,2.5779343979703957,7.0,116,0,43,23,0.9345681172877541,30,3.427047281346303,18,40
D_810,V26,43744.48,2024-09-06 00:00:00,0,82902.77408450704,83596.62150892465,-0.4684139737196542,0.5276536621289346,14.0,71,0,43,23,0.9345681172877541,30,3.427047281346303,30,40
D_79,V30,10458.45,2024-09-06 00:00:00,0,73122.4169117647,57615.25065897187,-1.0876092455697968,0.1430246348118527,8.0,68,0,43,23,0.9345681172877541,30,3.427047281346303,29,40
D_367,V1,23813.8,2024-09-06 00:00:00,0,86403.7311111111,33948.99747755859,-1.8435916277308682,0.2756075934010712,4.0,162,0,43,23,0.9345681172877541,30,3.427047281346303,18,40
A_1251,V6,57758.42,2024-09-06 00:00:00,0,144506.03180487806,76560.92735485801,-1.1330385062383588,0.3996927988804644,4.0,205,0,43,23,0.9345681172877541,30,3.427047281346303,9,40
A_675,V19,470875.49,2024-09-06 00:00:00,0,75791.63586956522,77277.72834882235,5.112452838860094,6.212681279621278,2.0,92,0,43,23,0.9345681172877541,30,3.427047281346303,32,40
A_1486,V32,44692.19,2024-09-07 00:00:00,0,67081.75597222222,63875.16720999454,-0.3505151756932432,0.6662247153129225,12.0,72,0,41,21,0.8321811262694573,31,3.4811473685234136,30,40
D_467,V29,19231.97,2024-09-07 00:00:00,0,74548.44014492753,60050.95281301047,-0.921143569088781,0.2579760486814142,4.0,69,0,41,21,0.8321811262694573,31,3.4811473685234136,30,40
D_682,V4,80249.59,2024-09-07 00:00:00,0,81228.63022988506,33321.06049362434,-0.0293811431640727,0.9879349416326101,10.0,174,0,41,21,0.8321811262694573,31,3.4811473685234136,16,40
A_707,V36,53484.87,2024-09-07 00:00:00,0,77526.48523809524,111324.58196102447,-0.21595768748383729,0.6898826891616853,14.0,63,0,41,21,0.8321811262694573,31,3.4811473685234136,20,40
D_926,V35,60575.96,2024-09-07 00:00:00,0,75008.17954545454,56348.584614378604,-0.2561193599601424,0.8075806236927547,2.0,66,0,41,21,0.8321811262694573,31,3.4811473685234136,29,40
A_978,V16,83787.72,2024-09-07 00:00:00,0,96281.34727272727,92447.62699932391,-0.13514129607158623,0.8702293034325881,2.0,121,0,41,21,0.8321811262694573,31,3.4811473685234136,26,40
A_419,V26,49885.49,2024-09-07 00:00:00,0,82902.77408450704,83596.62150892465,-0.3949548263281893,0.6017276119317533,1.0,71,0,41,21,0.8321811262694573,31,3.4811473685234136,30,40
B_264,V16,161220.15,2024-09-07 13:00:00,1,96281.34727272727,92447.62699932391,0.7024312294843235,1.6744518031257725,0.0,121,0,34,17,0.8520540436067995,27,3.2861576541884654,26,40
B_263,V18,49140.06,2024-09-07 22:00:00,1,93668.06014705882,102265.70386062763,-0.4354105340849062,0.5246135695484822,4.0,136,0,33,17,0.8288061169967698,26,3.2516266424970732,23,40
A_864,V10,34932.11,2024-09-08 00:00:00,0,184110.51882978724,99924.56226640988,-1.4928953657730257,0.1897334301624824,9.0,188,0,37,20,0.859782820409747,28,3.303771693100947,4,40
D_642,V22,35158.2,2024-09-08 00:00:00,0,85951.16571428571,86159.38158415664,-0.5895164898344141,0.4090437943922164,3.0,91,0,37,20,0.859782820409747,28,3.303771693100947,29,40
D_983,V22,78117.47,2024-09-08 00:00:00,0,85951.16571428571,86159.38158415664,-0.09091992828089089,0.9088481872541864,0.0,91,0,37,20,0.859782820409747,28,3.303771693100947,29,40
D_694,V16,171043.5,2024-09-08 00:00:00,0,96281.34727272727,92447.62699932391,0.8086886214959089,1.7764782937365031,0.0,121,0,37,20,0.859782820409747,28,3.303771693100947,26,40
A_239,V35,119187.48,2024-09-08 00:00:00,0,75008.17954545454,56348.584614378604,0.7840217591111102,1.5889719194671903,1.0,66,0,37,20,0.859782820409747,28,3.303771693100947,29,40
B_265,V17,312828.67,2024-09-08 16:00:00,1,105661.17514285714,95526.67662806554,2.1686646443181483,2.960649537803382,3.0,105,0,32,19,0.8641702302426425,22,3.1393063439988365,24,40
B_262,V18,180947.66,2024-09-08 17:00:00,1,93668.06014705882,102265.70386062763,0.8534507963793244,1.9317761885932803,0.0,136,0,31,19,0.7969722760628656,20,3.133825554934925,23,40
D_814,V26,48969.16,2024-09-09 00:00:00,0,82902.77408450704,83596.62150892465,-0.40591602335102767,0.590674677247912,2.0,71,0,36,25,0.7742913095928656,19,3.325240813542163,30,40
A_8,V35,166652.27,2024-09-09 00:00:00,0,75008.17954545454,56348.584614378604,1.6263489976314898,2.221758336911431,1.0,66,0,36,25,0.7742913095928656,19,3.325240813542163,29,40
D_601,V18,63077.01,2024-09-09 00:00:00,0,93668.06014705882,102265.70386062763,-0.2991301077694778,0.673402828009272,0.0,136,0,36,25,0.7742913095928656,19,3.325240813542163,23,40
D_794,V6,210496.68,2024-09-09 00:00:00,0,144506.03180487806,76560.92735485801,0.8619251170266509,1.4566535439204444,3.0,205,0,36,25,0.7742913095928656,19,3.325240813542163,9,40
D_374,V10,42987.14,2024-09-09 00:00:00,0,184110.51882978724,99924.56226640988,-1.412285061289328,0.2334842505956512,1.0,188,0,36,25,0.7742913095928656,19,3.325240813542163,4,40
A_845,V3,65131.13,2024-09-09 00:00:00,0,83925.30547297298,30830.50022220062,-0.6095770668804495,0.776051437424162,6.0,148,0,36,25,0.7742913095928656,19,3.325240813542163,16,40
D_554,V3,65449.67,2024-09-09 00:00:00,0,83925.30547297298,30830.50022220062,-0.5992454256140725,0.7798469101094524,0.0,148,0,36,25,0.7742913095928656,19,3.325240813542163,16,40
A_255,V35,45139.43,2024-09-09 00:00:00,0,75008.17954545454,56348.584614378604,-0.5300615745414562,0.6017854117794492,0.0,66,0,36,25,0.7742913095928656,19,3.325240813542163,29,40
A_218,V40,111556.78,2024-09-09 00:00:00,0,57973.75227272727,46945.974214180664,1.1413521025405635,1.9242303869658621,15.0,66,0,36,25,0.7742913095928656,19,3.325240813542163,19,40
D_23,V31,67373.97,2024-09-09 00:00:00,0,67268.36175438597,41034.01405489689,0.002573612999687171,1.0015550652315681,11.0,57,0,36,25,0.7742913095928656,19,3.325240813542163,18,40
A_387,V6,33027.93,2024-09-10 00:00:00,0,144506.03180487806,76560.92735485801,-1.45605140382878,0.22855586740302206,1.0,205,0,33,24,0.6804419944311784,16,3.231519028812234,9,40
D_962,V12,20249.96,2024-09-10 00:00:00,0,101944.13491379311,108863.03469822774,-0.7504239130971971,0.19863586444928225,4.0,116,0,33,24,0.6804419944311784,16,3.231519028812234,18,40
D_18,V17,41443.75,2024-09-10 00:00:00,0,105661.17514285714,95526.67662806554,-0.6722389511563855,0.3922288173981589,1.0,105,0,33,24,0.6804419944311784,16,3.231519028812234,24,40
A_794,V11,100104.61,2024-09-10 00:00:00,0,182570.8592121212,102941.535881061,-0.8010901276747452,0.5483025173320573,11.0,165,0,33,24,0.6804419944311784,16,3.231519028812234,4,40
D_919,V16,51366.26,2024-09-10 00:00:00,0,96281.34727272727,92447.62699932391,-0.48583833779441354,0.5334961335591566,2.0,121,0,33,24,0.6804419944311784,16,3.231519028812234,26,40
A_398,V18,136951.46,2024-09-10 00:00:00,0,93668.06014705882,102265.70386062763,0.42324039221924264,1.4620778705902306,1.0,136,0,33,24,0.6804419944311784,16,3.231519028812234,23,40
A_1457,V10,52804.02,2024-09-10 00:00:00,0,184110.51882978724,99924.56226640988,-1.3140431322238966,0.2868045428967309,1.0,188,0,33,24,0.6804419944311784,16,3.231519028812234,4,40
D_179,V3,44598.05,2024-09-10 00:00:00,0,83925.30547297298,30830.50022220062,-1.2755543904624815,0.531395368218157,1.0,148,0,33,24,0.6804419944311784,16,3.231519028812234,16,40
D_531,V15,27326.3,2024-09-10 00:00:00,0,101414.6991919192,81219.53730128995,-0.9121879964557008,0.2694484208829214,6.0,99,0,33,24,0.6804419944311784,16,3.231519028812234,31,40
A_1416,V12,92313.15,2024-09-11 00:00:00,0,101944.13491379311,108863.03469822774,-0.08846801370618229,0.9055179541236753,1.0,116,0,29,23,0.7529441584908515,12,3.1064863462743713,18,40
D_771,V15,15628.73,2024-09-11 00:00:00,0,101414.6991919192,81219.53730128995,-1.0562103138236287,0.15410562787152088,1.0,99,0,29,23,0.7529441584908515,12,3.1064863462743713,31,40
D_355,V33,160358.96,2024-09-11 00:00:00,0,88242.64793103449,64151.09930319075,1.1241457855982997,1.817229497644138,14.0,58,0,29,23,0.7529441584908515,12,3.1064863462743713,32,40
A_444,V30,34913.7,2024-09-11 00:00:00,0,73122.4169117647,57615.25065897187,-0.6631586830930819,0.47746264431446167,5.0,68,0,29,23,0.7529441584908515,12,3.1064863462743713,29,40
A_85,V18,101351.82,2024-09-11 00:00:00,0,93668.06014705882,102265.70386062763,0.07513452143146089,1.0820202513068817,1.0,136,0,29,23,0.7529441584908515,12,3.1064863462743713,23,40
A_1127,V25,42315.09,2024-09-11 00:00:00,0,84963.20919354838,94781.91364408535,-0.44995577318602203,0.49803429469467864,13.0,62,0,29,23,0.7529441584908515,12,3.1064863462743713,26,40
A_460,V9,101665.79,2024-09-12 00:00:00,0,188269.0858278146,100038.44686257221,-0.8656914701536151,0.5399997007117746,20.0,151,0,36,27,0.8422739343905384,17,3.0777974777960875,4,40
D_301,V13,25554.7,2024-09-12 00:00:00,0,91248.5117,99126.94924086498,-0.6627173486699962,0.2800530054781652,0.0,100,0,36,27,0.8422739343905384,17,3.0777974777960875,24,40
D_854,V13,39209.68,2024-09-12 00:00:00,0,91248.5117,99126.94924086498,-0.5249662895129003,0.4296974226986466,6.0,100,0,36,27,0.8422739343905384,17,3.0777974777960875,24,40
D_889,V12,398844.87,2024-09-12 00:00:00,0,101944.13491379311,108863.03469822774,2.7272619089419097,3.912348248273656,1.0,116,0,36,27,0.8422739343905384,17,3.0777974777960875,18,40
A_129,V5,39425.65,2024-09-12 00:00:00,0,144407.3437244898,59983.82205994232,-1.7501376201396828,0.273015041812393,14.0,196,0,36,27,0.8422739343905384,17,3.0777974777960875,3,40
D_101,V19,67886.05,2024-09-13 00:00:00,0,75791.63586956522,77277.72834882235,-0.10229963715087047,0.8956813445151585,7.0,92,0,38,25,0.9189360444845315,23,3.2139972609992586,32,40
A_1274,V29,83009.29,2024-09-13 00:00:00,0,74548.44014492753,60050.95281301047,0.1408921685097872,1.113479723504645,6.0,69,0,38,25,0.9189360444845315,23,3.2139972609992586,30,40
D_124,V36,79810.36,2024-09-13 00:00:00,0,77526.48523809524,111324.58196102447,0.020515273503841715,1.029446005566849,6.0,63,0,38,25,0.9189360444845315,23,3.2139972609992586,20,40
A_428,V20,59903.45,2024-09-13 00:00:00,0,84574.58505376344,95035.94061676953,-0.25959521522529055,0.708283010539274,14.0,93,0,38,25,0.9189360444845315,23,3.2139972609992586,26,40
D_118,V39,93380.81,2024-09-13 00:00:00,0,59686.60327868852,62062.45272865382,0.5428993270584725,1.5644925389949718,12.0,61,0,38,25,0.9189360444845315,23,3.2139972609992586,26,40
A_46,V8,77122.1,2024-09-13 00:00:00,0,179937.1240782123,101867.69807590247,-1.009289664246074,0.428603445740481,14.0,179,0,38,25,0.9189360444845315,23,3.2139972609992586,4,40
A_180,V33,89093.16,2024-09-14 00:00:00,0,88242.64793103449,64151.09930319075,0.013257743366213019,1.0096268920073368,3.0,58,0,37,24,0.8724619370616306,22,3.1256910863331147,32,40
A_912,V1,56888.68,2024-09-14 00:00:00,0,86403.7311111111,33948.99747755859,-0.8693682858333335,0.6583977436009227,8.0,162,0,37,24,0.8724619370616306,22,3.1256910863331147,18,40
D_169,V7,80677.21,2024-09-14 00:00:00,0,144842.31624309393,63932.34127505827,-1.0036251033250168,0.5569964296080985,11.0,181,0,37,24,0.8724619370616306,22,3.1256910863331147,3,40
D_304,V15,52177.33,2024-09-14 00:00:00,0,101414.6991919192,81219.53730128995,-0.6062182155884014,0.5144896738448705,3.0,99,0,37,24,0.8724619370616306,22,3.1256910863331147,31,40
A_795,V10,23236.62,2024-09-14 00:00:00,0,184110.51882978724,99924.56226640988,-1.6099373892026148,0.12620948514081004,4.0,188,0,37,24,0.8724619370616306,22,3.1256910863331147,4,40
A_1176,V36,51154.25,2024-09-14 00:00:00,0,77526.48523809524,111324.58196102447,-0.2368928576302279,0.6598208344163338,1.0,63,0,37,24,0.8724619370616306,22,3.1256910863331147,20,40
D_458,V4,55649.36,2024-09-14 00:00:00,0,81228.63022988506,33321.06049362434,-0.7676377106025379,0.6850869546310717,7.0,174,0,37,24,0.8724619370616306,22,3.1256910863331147,16,40
A_809,V31,100015.72,2024-09-15 00:00:00,0,67268.36175438597,41034.01405489689,0.7980345322120376,1.4867945434829246,6.0,57,0,34,21,0.8966556856997572,21,3.0023270821617296,18,40
A_547,V20,42158.94,2024-09-15 00:00:00,0,84574.58505376344,95035.94061676953,-0.4463069284269351,0.4984764808094463,2.0,93,0,34,21,0.8966556856997572,21,3.0023270821617296,26,40
D_533,V38,50329.27,2024-09-15 00:00:00,0,71190.65382978723,52355.46745943829,-0.3984490329862115,0.7069546399404164,17.0,47,0,34,21,0.8966556856997572,21,3.0023270821617296,25,40
D_779,V6,57680.01,2024-09-15 00:00:00,0,144506.03180487806,76560.92735485801,-1.1340626445105912,0.3991501955273911,5.0,205,0,34,21,0.8966556856997572,21,3.0023270821617296,9,40
A_91,V23,25901.06,2024-09-15 00:00:00,0,74902.77192307693,98110.10534391222,-0.4994512267628578,0.34579113087388064,9.0,52,0,34,21,0.8966556856997572,21,3.0023270821617296,26,40
B_249,V16,34806.79,2024-09-15 07:00:00,1,96281.34727272727,92447.62699932391,-0.6649591158685012,0.3615074931794823,5.0,121,0,29,19,0.9391102017362538,16,2.8129407675030036,26,40
B_250,V17,59649.28,2024-09-15 08:00:00,1,105661.17514285714,95526.67662806554,-0.48166036029540665,0.564528223267722,5.0,105,0,28,18,0.9593681463167317,16,2.7796366523686635,24,40
D_376,V34,206722.2,2024-09-16 00:00:00,0,87031.30054545455,69584.65178653522,1.7200514241314555,2.375235386223472,11.0,55,0,35,24,0.8978147366417804,18,3.037400382607297,32,40
A_1138,V35,33926.69,2024-09-16 00:00:00,0,75008.17954545454,56348.584614378604,-0.7290468922990403,0.45230050782572406,7.0,66,0,35,24,0.8978147366417804,18,3.037400382607297,29,40
A_24,V7,22821.14,2024-09-16 00:00:00,0,144842.31624309393,63932.34127505827,-1.9085687343967572,0.15755742544377227,2.0,181,0,35,24,0.8978147366417804,18,3.037400382607297,3,40
A_980,V8,29233.46,2024-09-16 00:00:00,0,179937.1240782123,101867.69807590247,-1.479391284317022,0.16246395892897783,3.0,179,0,35,24,0.8978147366417804,18,3.037400382607297,4,40
A_994,V15,27501.91,2024-09-16 00:00:00,0,101414.6991919192,81219.53730128995,-0.9100258585798016,0.2711800068345962,2.0,99,0,35,24,0.8978147366417804,18,3.037400382607297,31,40
A_1257,V37,47295.55,2024-09-16 00:00:00,0,72052.50544117647,51928.02541711314,-0.47674600557818,0.6563948514428831,24.0,68,0,35,24,0.8978147366417804,18,3.037400382607297,25,40
A_1209,V13,80236.27,2024-09-16 00:00:00,0,91248.5117,99126.94924086498,-0.1110911885531095,0.8793062944138472,4.0,100,0,35,24,0.8978147366417804,18,3.037400382607297,24,40
D_231,V23,27494.71,2024-09-16 00:00:00,0,74902.77192307693,98110.10534391222,-0.4832079075747422,0.36706709547599187,1.0,52,0,35,24,0.8978147366417804,18,3.037400382607297,26,40
A_1278,V25,30580.58,2024-09-16 00:00:00,0,84963.20919354838,94781.91364408535,-0.573759838168279,0.35992308161590103,5.0,62,0,35,24,0.8978147366417804,18,3.037400382607297,26,40
A_1406,V17,67098.78,2024-09-16 00:00:00,0,105661.17514285714,95526.67662806554,-0.40367772465563884,0.6350312201057876,0.0,105,0,35,24,0.8978147366417804,18,3.037400382607297,24,40
D_767,V18,688221.21,2024-09-16 00:00:00,0,93668.06014705882,102265.70386062763,5.813750980604767,7.347369653538793,5.0,136,0,35,24,0.8978147366417804,18,3.037400382607297,23,40
B_251,V17,153915.64,2024-09-16 14:00:00,1,105661.17514285714,95526.67662806554,0.5051359622721732,1.4566768078728582,0.0,105,0,24,19,0.7825788057891001,10,2.8969844380501337,24,40
B_252,V17,267929.72,2024-09-16 19:00:00,1,105661.17514285714,95526.67662806554,1.6986547834606205,2.5357202767949287,0.0,105,0,23,19,0.7499721967980744,8,2.848733751787057,24,40
D_77,V40,39328.24,2024-09-17 00:00:00,0,57973.75227272727,46945.974214180664,-0.397161107501051,0.678368401041033,8.0,66,0,27,19,0.7387909741154061,13,3.055170275314214,19,40
A_902,V31,28772.12,2024-09-17 00:00:00,0,67268.36175438597,41034.01405489689,-0.9381315601082888,0.42771507339482157,2.0,57,0,27,19,0.7387909741154061,13,3.055170275314214,18,40
D_287,V33,131865.58,2024-09-17 00:00:00,0,88242.64793103449,64151.09930319075,0.6799922768356829,1.4943350948394334,3.0,58,0,27,19,0.7387909741154061,13,3.055170275314214,32,40
A_903,V13,87173.61,2024-09-17 00:00:00,0,91248.5117,99126.94924086498,-0.04110749522416373,0.9553323450825655,1.0,100,0,27,19,0.7387909741154061,13,3.055170275314214,24,40
A_392,V31,147396.64,2024-09-17 00:00:00,0,67268.36175438597,41034.01405489689,1.9526806579965574,2.1911407534707243,0.0,57,0,27,19,0.7387909741154061,13,3.055170275314214,18,40
D_893,V37,47108.0,2024-09-18 00:00:00,0,72052.50544117647,51928.02541711314,-0.48035766588748735,0.653791924647696,2.0,68,0,29,20,0.6207863051287358,16,3.1010153213953005,25,40
A_647,V34,114375.66,2024-09-18 00:00:00,0,87031.30054545455,69584.65178653522,0.39295973742444085,1.3141748440886585,2.0,55,0,29,20,0.6207863051287358,16,3.1010153213953005,32,40
D_311,V14,19026.11,2024-09-18 00:00:00,0,101404.49841584158,100941.99680096707,-0.8160881985529912,0.1876240469917925,19.0,101,0,29,20,0.6207863051287358,16,3.1010153213953005,21,40
A_1488,V7,40505.33,2024-09-18 00:00:00,0,144842.31624309393,63932.34127505827,-1.6319651712587397,0.27964928621227475,2.0,181,0,29,20,0.6207863051287358,16,3.1010153213953005,3,40
A_572,V28,19004.34,2024-09-18 00:00:00,0,87976.94703125,91319.31227399668,-0.7552822073615473,0.21601254224822508,15.0,64,0,29,20,0.6207863051287358,16,3.1010153213953005,26,40
D_592,V6,31739.41,2024-09-19 00:00:00,0,144506.03180487806,76560.92735485801,-1.4728811786857765,0.21963920788890348,4.0,205,0,32,23,0.6830663527206854,16,3.21354837883786,9,40
D_506,V7,28590.0,2024-09-19 00:00:00,0,144842.31624309393,63932.34127505827,-1.8183363159911428,0.19738570437048497,1.0,181,0,32,23,0.6830663527206854,16,3.21354837883786,3,40
A_1059,V34,126040.98,2024-09-19 00:00:00,0,87031.30054545455,69584.65178653522,0.5605994691867469,1.448209218991888,1.0,55,0,32,23,0.6830663527206854,16,3.21354837883786,32,40
A_766,V19,30099.35,2024-09-19 00:00:00,0,75791.63586956522,77277.72834882235,-0.5912660164815138,0.39712763192190936,6.0,92,0,32,23,0.6830663527206854,16,3.21354837883786,32,40
A_1339,V11,106140.9,2024-09-20 00:00:00,0,182570.8592121212,102941.535881061,-0.7424526563094169,0.5813650606289775,10.0,165,0,41,25,0.759480912071522,28,3.395804616763316,4,40
A_1311,V26,66744.92,2024-09-20 00:00:00,0,82902.77408450704,83596.62150892465,-0.1932812655774192,0.8050890413259632,11.0,71,0,41,25,0.759480912071522,28,3.395804616763316,30,40
A_439,V1,59127.62,2024-09-20 00:00:00,0,86403.7311111111,33948.99747755859,-0.8034201218760321,0.6843099821000029,6.0,162,0,41,25,0.759480912071522,28,3.395804616763316,18,40
A_893,V18,39183.05,2024-09-20 00:00:00,0,93668.06014705882,102265.70386062763,-0.5327736994565968,0.41831368798281193,4.0,136,0,41,25,0.759480912071522,28,3.395804616763316,23,40
A_20,V37,29287.42,2024-09-20 00:00:00,0,72052.50544117647,51928.02541711314,-0.8235295212585156,0.4064676634492108,2.0,68,0,41,25,0.759480912071522,28,3.395804616763316,25,40
A_504,V22,126146.36,2024-09-20 00:00:00,0,85951.16571428571,86159.38158415664,0.4665159734286212,1.46763445634778,12.0,91,0,41,25,0.759480912071522,28,3.395804616763316,29,40
A_150,V29,14852.5,2024-09-20 00:00:00,0,74548.44014492753,60050.95281301047,-0.994071588825904,0.1992302017443197,7.0,69,0,41,25,0.759480912071522,28,3.395804616763316,30,40
A_1120,V27,37837.45,2024-09-20 00:00:00,0,83207.86098360656,89047.01535564796,-0.5095050215594602,0.4547286136683756,21.0,61,0,41,25,0.759480912071522,28,3.395804616763316,28,40
D_623,V34,16915.8,2024-09-21 00:00:00,0,87031.30054545455,69584.65178653522,-1.0076143392397146,0.19436232173554172,2.0,55,0,38,27,0.7447326964845066,19,3.322989989582448,32,40
A_1115,V37,216799.57,2024-09-21 00:00:00,0,72052.50544117647,51928.02541711314,2.787401908588917,3.008869154561707,1.0,68,0,38,27,0.7447326964845066,19,3.322989989582448,25,40
A_748,V24,82106.03,2024-09-21 00:00:00,0,69961.0374137931,66357.40093125252,0.18302117615506042,1.1735797446032166,36.0,58,0,38,27,0.7447326964845066,19,3.322989989582448,31,40
A_1155,V26,55236.48,2024-09-21 00:00:00,0,82902.77408450704,83596.62150892465,-0.330945947804908,0.666272200632209,1.0,71,0,38,27,0.7447326964845066,19,3.322989989582448,30,40
A_1277,V31,74546.86,2024-09-21 00:00:00,0,67268.36175438597,41034.01405489689,0.17737287078485725,1.1081844402238517,4.0,57,0,38,27,0.7447326964845066,19,3.322989989582448,18,40
D_453,V20,6595.15,2024-09-22 00:00:00,0,84574.58505376344,95035.94061676953,-0.82051710153645,0.0779793600695468,7.0,93,0,44,24,0.6384243797061794,33,3.489595053936981,26,40
A_1179,V12,160757.56,2024-09-22 00:00:00,0,101944.13491379311,108863.03469822774,0.5402466043927026,1.576902714739059,10.0,116,0,44,24,0.6384243797061794,33,3.489595053936981,18,40
D_785,V28,93600.16,2024-09-22 00:00:00,0,87976.94703125,91319.31227399668,0.061576803985056015,1.0639047984008194,4.0,64,0,44,24,0.6384243797061794,33,3.489595053936981,26,40
D_816,V14,46835.99,2024-09-22 00:00:00,0,101404.49841584158,100941.99680096707,-0.5405873626224538,0.46186834768994417,4.0,101,0,44,24,0.6384243797061794,33,3.489595053936981,21,40
A_910,V32,39801.08,2024-09-22 00:00:00,0,67081.75597222222,63875.16720999454,-0.4270869271560439,0.5933131312685025,15.0,72,0,44,24,0.6384243797061794,33,3.489595053936981,30,40
A_697,V8,37780.9,2024-09-22 00:00:00,0,179937.1240782123,101867.69807590247,-1.3954848423830013,0.2099660657992526,0.0,179,0,44,24,0.6384243797061794,33,3.489595053936981,4,40
D_558,V8,26578.13,2024-09-22 00:00:00,0,179937.1240782123,101867.69807590247,-1.5054574857130731,0.14770705283360347,6.0,179,0,44,24,0.6384243797061794,33,3.489595053936981,4,40
B_18,V17,124300.06,2024-09-22 09:00:00,1,105661.17514285714,95526.67662806554,0.1951150233634683,1.1763912661455636,5.0,105,0,38,21,0.6809524871448893,29,3.3534324799646473,24,40
B_17,V17,178414.24,2024-09-22 23:00:00,1,105661.17514285714,95526.67662806554,0.7615914824392198,1.6885346128714533,0.0,105,0,41,21,0.7292292385293914,32,3.337875648219175,24,40
D_480,V18,90296.62,2024-09-23 00:00:00,0,93668.06014705882,102265.70386062763,-0.0329671341676713,0.9639962209318195,3.0,136,0,47,26,0.7961996262595765,32,3.3660238744614186,23,40
A_1380,V17,78848.89,2024-09-23 00:00:00,0,105661.17514285714,95526.67662806554,-0.2806755705705066,0.7462357262037705,0.0,105,0,47,26,0.7961996262595765,32,3.3660238744614186,24,40
A_1241,V16,29328.26,2024-09-23 00:00:00,0,96281.34727272727,92447.62699932391,-0.7242193794096793,0.30460682389602955,7.0,121,0,47,26,0.7961996262595765,32,3.3660238744614186,26,40
A_746,V3,24216.71,2024-09-23 00:00:00,0,83925.30547297298,30830.50022220062,-1.936610124147609,0.2885473137835023,13.0,148,0,47,26,0.7961996262595765,32,3.3660238744614186,16,40
A_860,V37,36972.63,2024-09-23 00:00:00,0,72052.50544117647,51928.02541711314,-0.6755350241873777,0.5131274290351351,2.0,68,0,47,26,0.7961996262595765,32,3.3660238744614186,25,40
D_394,V14,42676.43,2024-09-23 00:00:00,0,101404.49841584158,100941.99680096707,-0.5817943817503043,0.42084927017461493,1.0,101,0,47,26,0.7961996262595765,32,3.3660238744614186,21,40
B_16,V16,156165.51,2024-09-23 09:00:00,1,96281.34727272727,92447.62699932391,0.6477561070507913,1.6219537061934002,0.0,121,0,41,23,0.826847728497093,28,3.215151882738334,26,40
D_577,V32,26803.03,2024-09-24 00:00:00,0,67081.75597222222,63875.16720999454,-0.6305751852612709,0.3995517120837829,0.0,72,0,44,25,0.8345607349779363,31,3.294320813835408,30,40
A_277,V22,64923.97,2024-09-24 00:00:00,0,85951.16571428571,86159.38158415664,-0.2440471516917265,0.7553500189374436,4.0,91,0,44,25,0.8345607349779363,31,3.294320813835408,29,40
D_659,V25,56550.0,2024-09-24 00:00:00,0,84963.20919354838,94781.91364408535,-0.29977142610577917,0.6655743699229774,8.0,62,0,44,25,0.8345607349779363,31,3.294320813835408,26,40
A_203,V16,51972.25,2024-09-24 00:00:00,0,96281.34727272727,92447.62699932391,-0.47928345407500006,0.5397900183382998,0.0,121,0,44,25,0.8345607349779363,31,3.294320813835408,26,40
D_288,V40,41363.72,2024-09-24 00:00:00,0,57973.75227272727,46945.974214180664,-0.35380410667041656,0.7134781672790087,7.0,66,0,44,25,0.8345607349779363,31,3.294320813835408,19,40
A_1165,V27,102562.55,2024-09-24 00:00:00,0,83207.86098360656,89047.01535564796,0.2173511553187676,1.232591682996435,4.0,61,0,44,25,0.8345607349779363,31,3.294320813835408,28,40
A_1185,V5,64601.43,2024-09-24 00:00:00,0,144407.3437244898,59983.82205994232,-1.3304351164823067,0.4473524751675719,12.0,196,0,44,25,0.8345607349779363,31,3.294320813835408,3,40
D_595,V32,9445.43,2024-09-24 00:00:00,0,67081.75597222222,63875.16720999454,-0.9023134682258145,0.14080265282945717,2.0,72,0,44,25,0.8345607349779363,31,3.294320813835408,30,40
D_261,V13,66447.01,2024-09-24 00:00:00,0,91248.5117,99126.94924086498,-0.2501968606223896,0.728190307674819,7.0,100,0,44,25,0.8345607349779363,31,3.294320813835408,24,40
A_1058,V7,8675.7,2024-09-24 00:00:00,0,144842.31624309393,63932.34127505827,-2.129821678758644,0.059897137300000576,5.0,181,0,44,25,0.8345607349779363,31,3.294320813835408,3,40
D_121,V40,52486.01,2024-09-24 00:00:00,0,57973.75227272727,46945.974214180664,-0.11689235279980324,0.9053253001081074,0.0,66,0,44,25,0.8345607349779363,31,3.294320813835408,19,40
D_951,V11,369360.77,2024-09-24 00:00:00,0,182570.8592121212,102941.535881061,1.8145066001064363,2.02309803709047,4.0,165,0,44,25,0.8345607349779363,31,3.294320813835408,4,40
A_155,V10,80468.38,2024-09-25 00:00:00,0,184110.51882978724,99924.56226640988,-1.0371934515961856,0.4370632566145617,11.0,188,0,47,26,0.7877662221511283,32,3.4029618598577347,4,40
A_913,V39,28370.02,2024-09-25 00:00:00,0,59686.60327868852,62062.45272865382,-0.5045897690482517,0.4753084131647405,12.0,61,0,47,26,0.7877662221511283,32,3.4029618598577347,26,40
A_1292,V9,93413.64,2024-09-25 00:00:00,0,188269.0858278146,100038.44686257221,-0.9481804308466533,0.4961682552449301,13.0,151,0,47,26,0.7877662221511283,32,3.4029618598577347,4,40
A_803,V2,36391.52,2024-09-25 00:00:00,0,89201.08671052632,40922.37405936534,-1.2904499671488063,0.40796713778788324,21.0,152,0,47,26,0.7877662221511283,32,3.4029618598577347,20,40
D_364,V34,68213.08,2024-09-25 00:00:00,0,87031.30054545455,69584.65178653522,-0.27043248230515043,0.783767400982055,4.0,55,0,47,26,0.7877662221511283,32,3.4029618598577347,32,40
B_187,V12,29792.45,2024-09-25 08:00:00,1,101944.13491379311,108863.03469822774,-0.6627687933282865,0.29224003700807405,3.0,116,0,43,24,0.8245780432300754,30,3.2980121159777314,18,40
B_188,V13,88076.14,2024-09-25 09:00:00,1,91248.5117,99126.94924086498,-0.03200279763976202,0.9652231377365277,1.0,100,0,42,24,0.8369944238242261,29,3.2775177411088148,24,40
B_186,V13,76581.3,2024-09-25 16:00:00,1,91248.5117,99126.94924086498,-0.14796242444561253,0.8392516143185016,0.0,100,0,41,24,0.8342600530802845,28,3.242069851468807,24,40
B_202,V12,49281.4,2024-09-25 18:00:00,1,101944.13491379311,108863.03469822774,-0.4837477782242296,0.483411003788198,0.0,116,0,41,24,0.8447999500576588,29,3.246852047539548,18,40
D_93,V18,20316.47,2024-09-26 00:00:00,0,93668.06014705882,102265.70386062763,-0.7172577914217781,0.21689627255898045,3.0,136,0,44,25,0.8420137458834794,31,3.3269930348778516,23,40
D_263,V13,90877.89,2024-09-26 00:00:00,0,91248.5117,99126.94924086498,-0.003738821420580912,0.9959274116312887,0.0,100,0,44,25,0.8420137458834794,31,3.3269930348778516,24,40
D_949,V5,14760.43,2024-09-26 00:00:00,0,144407.3437244898,59983.82205994232,-2.161328637349874,0.1022131382391641,2.0,196,0,44,25,0.8420137458834794,31,3.3269930348778516,3,40
A_597,V7,65477.5,2024-09-26 00:00:00,0,144842.31624309393,63932.34127505827,-1.2413681916239188,0.45205744868549946,2.0,181,0,44,25,0.8420137458834794,31,3.3269930348778516,3,40
A_510,V16,106185.13,2024-09-26 00:00:00,0,96281.34727272727,92447.62699932391,0.10712741820757551,1.102851488437671,2.0,121,0,44,25,0.8420137458834794,31,3.3269930348778516,26,40
A_26,V11,13032.04,2024-09-26 00:00:00,0,182570.8592121212,102941.535881061,-1.6469267806653316,0.07138033241398237,2.0,165,0,44,25,0.8420137458834794,31,3.3269930348778516,4,40
D_2,V9,91223.36,2024-09-26 00:00:00,0,188269.0858278146,100038.44686257221,-0.97007459428609,0.48453454301513293,1.0,151,0,44,25,0.8420137458834794,31,3.3269930348778516,4,40
B_204,V14,136855.46,2024-09-26 03:00:00,1,101404.49841584158,100941.99680096707,0.3511978315252355,1.3495861875140729,3.0,101,0,37,21,0.9508771020486312,26,3.1418368798242353,21,40
B_205,V12,24228.52,2024-09-26 15:00:00,1,101944.13491379311,108863.03469822774,-0.7138777754216221,0.23766234671706632,0.0,116,0,36,21,0.939283749871149,25,3.097796505678956,18,40
B_203,V13,24598.93,2024-09-26 15:00:00,1,91248.5117,99126.94924086498,-0.672359129896375,0.2695787576472039,0.0,100,0,36,21,0.939283749871149,25,3.097796505678956,24,40
B_201,V13,61176.86,2024-09-26 21:00:00,1,91248.5117,99126.94924086498,-0.3033619875150521,0.6704349301191932,0.0,100,0,34,21,0.979545255724422,22,3.0555224417990106,24,40
B_185,V14,414693.25,2024-09-26 23:00:00,1,101404.49841584158,100941.99680096707,3.1036204740570668,4.0894552709502445,0.0,101,0,33,21,0.9883508576546178,20,3.0187970969323414,21,40
A_1492,V19,59640.06,2024-09-27 00:00:00,0,75791.63586956522,77277.72834882235,-0.20900416213708767,0.7868846269265146,8.0,92,0,40,25,0.903288425443633,24,3.294840075076147,32,40
D_140,V28,627906.19,2024-09-27 00:00:00,0,87976.94703125,91319.31227399668,5.912476967323008,7.137086181119525,5.0,64,0,40,25,0.903288425443633,24,3.294840075076147,26,40
A_1449,V6,47973.74,2024-09-27 00:00:00,0,144506.03180487806,76560.92735485801,-1.260839364158887,0.33198204544659793,8.0,205,0,40,25,0.903288425443633,24,3.294840075076147,9,40
A_916,V9,32938.07,2024-09-27 00:00:00,0,188269.0858278146,100038.44686257221,-1.5526976677629816,0.17495116048400827,1.0,151,0,40,25,0.903288425443633,24,3.294840075076147,4,40
D_42,V29,106760.36,2024-09-27 00:00:00,0,74548.44014492753,60050.95281301047,0.5364008720145007,1.4320746043491803,7.0,69,0,40,25,0.903288425443633,24,3.294840075076147,30,40
D_597,V32,31292.89,2024-09-27 00:00:00,0,67081.75597222222,63875.16720999454,-0.5602851194024432,0.46648187818875286,3.0,72,0,40,25,0.903288425443633,24,3.294840075076147,30,40
D_407,V8,129923.35,2024-09-27 00:00:00,0,179937.1240782123,101867.69807590247,-0.4909631223611691,0.7220445954161845,5.0,179,0,40,25,0.903288425443633,24,3.294840075076147,4,40
B_33,V15,178483.5,2024-09-27 19:00:00,1,101414.6991919192,81219.53730128995,0.9488831688245529,1.7599198291995957,11.0,99,0,33,21,0.8026860725961634,20,3.2749208890838073,31,40
A_528,V19,58865.23,2024-09-28 00:00:00,0,75791.63586956522,77277.72834882235,-0.21903059523912513,0.7766616020757438,1.0,92,0,35,24,0.7288260634086747,19,3.3434577498270173,32,40
A_1355,V30,130617.07,2024-09-28 00:00:00,0,73122.4169117647,57615.25065897187,0.9978895264904291,1.7862550126399421,17.0,68,0,35,24,0.7288260634086747,19,3.3434577498270173,29,40
D_565,V29,13694.6,2024-09-28 00:00:00,0,74548.44014492753,60050.95281301047,-1.0133532265705658,0.18369822728885785,1.0,69,0,35,24,0.7288260634086747,19,3.3434577498270173,30,40
B_32,V15,30650.32,2024-09-28 01:00:00,1,101414.6991919192,81219.53730128995,-0.8712621406260423,0.30222460865745543,0.0,99,0,32,24,0.7153228726858943,14,3.2597528395342246,31,40
B_31,V12,95278.09,2024-09-28 02:00:00,1,101944.13491379311,108863.03469822774,-0.06123275636688885,0.9346016372489878,1.0,116,0,31,24,0.7298495799879043,13,3.230966309485686,18,40
B_34,V13,6417.99,2024-09-28 20:00:00,1,91248.5117,99126.94924086498,-0.8557679478859738,0.07033451336266164,1.0,100,0,30,23,0.7223462191926598,13,3.1910808739979717,24,40
D_270,V31,142132.77,2024-09-29 00:00:00,0,67268.36175438597,41034.01405489689,1.8244031340030724,2.1128901225338725,8.0,57,0,38,27,0.8009849490020978,20,3.368976167494613,18,40
A_866,V8,66996.91,2024-09-29 00:00:00,0,179937.1240782123,101867.69807590247,-1.1086841808271706,0.3723330469471771,2.0,179,0,38,27,0.8009849490020978,20,3.368976167494613,4,40
D_611,V15,127878.85,2024-09-29 00:00:00,0,101414.6991919192,81219.53730128995,0.32583077737975646,1.260937419146536,0.0,99,0,38,27,0.8009849490020978,20,3.368976167494613,31,40
D_128,V22,19186.37,2024-09-29 00:00:00,0,85951.16571428571,86159.38158415664,-0.7748897403509477,0.22322148418897977,5.0,91,0,38,27,0.8009849490020978,20,3.368976167494613,29,40
A_515,V24,56596.87,2024-09-29 00:00:00,0,69961.0374137931,66357.40093125252,-0.20139375310804156,0.8089654345721192,8.0,58,0,38,27,0.8009849490020978,20,3.368976167494613,31,40
D_733,V2,75044.08,2024-09-29 00:00:00,0,89201.08671052632,40922.37405936534,-0.34593938148866965,0.8412816646714656,4.0,152,0,38,27,0.8009849490020978,20,3.368976167494613,20,40
D_990,V2,42581.3,2024-09-29 00:00:00,0,89201.08671052632,40922.37405936534,-1.1391970428170828,0.47735766695887377,0.0,152,0,38,27,0.8009849490020978,20,3.368976167494613,20,40
A_134,V16,62364.16,2024-09-29 00:00:00,0,96281.34727272727,92447.62699932391,-0.366876051852834,0.6477216412614936,3.0,121,0,38,27,0.8009849490020978,20,3.368976167494613,26,40
D_888,V27,24185.08,2024-09-29 00:00:00,0,83207.86098360656,89047.01535564796,-0.6628197242563585,0.29065510228249414,5.0,61,0,38,27,0.8009849490020978,20,3.368976167494613,28,40
A_1232,V14,41550.66,2024-09-29 00:00:00,0,101404.49841584158,100941.99680096707,-0.5929469137305041,0.409747603917984,2.0,101,0,38,27,0.8009849490020978,20,3.368976167494613,21,40
D_485,V36,19406.09,2024-09-29 00:00:00,0,77526.48523809524,111324.58196102447,-0.5220758267263622,0.25031238844394105,15.0,63,0,38,27,0.8009849490020978,20,3.368976167494613,20,40
A_917,V30,76991.21,2024-09-29 00:00:00,0,73122.4169117647,57615.25065897187,0.06714760235154023,1.052894042039945,1.0,68,0,38,27,0.8009849490020978,20,3.368976167494613,29,40
B_285,V17,75542.54,2024-09-29 05:00:00,1,105661.17514285714,95526.67662806554,-0.315287005881272,0.7149440175527821,6.0,105,0,26,20,0.860995662587306,10,2.957988343696199,24,40
B_287,V17,133862.24,2024-09-29 18:00:00,1,105661.17514285714,95526.67662806554,0.295213553313381,1.266888929922329,0.0,105,0,25,20,0.8680418620051782,9,2.906842814205881,24,40
B_286,V17,101877.51,2024-09-29 20:00:00,1,105661.17514285714,95526.67662806554,-0.03960805157639025,0.9641814571984704,0.0,105,0,24,20,0.8478226737512035,8,2.853027913366217,24,40
D_275,V29,76783.45,2024-09-30 00:00:00,0,74548.44014492753,60050.95281301047,0.03721793797500357,1.0299668226981913,2.0,69,0,27,22,0.8173288465192879,9,2.949411360274547,30,40
A_1426,V25,16210.62,2024-09-30 00:00:00,0,84963.20919354838,94781.91364408535,-0.7253690201138767,0.19079351357313556,6.0,62,0,27,22,0.8173288465192879,9,2.949411360274547,26,40
A_16,V30,41457.08,2024-09-30 00:00:00,0,73122.4169117647,57615.25065897187,-0.5495903768398689,0.5669467012191829,1.0,68,0,27,22,0.8173288465192879,9,2.949411360274547,29,40
A_1067,V3,38578.81,2024-10-01 00:00:00,0,83925.30547297298,30830.50022220062,-1.470784591932398,0.4596748276072231,0.0,148,0,34,24,0.852304270585831,19,3.1459215590788734,16,40
A_1111,V21,36772.52,2024-10-01 00:00:00,0,99317.54854545454,98935.44463436803,-0.6321738038656786,0.3702482621679729,27.0,110,0,34,24,0.852304270585831,19,3.1459215590788734,23,40
D_176,V31,167028.4,2024-10-01 00:00:00,0,67268.36175438597,41034.01405489689,2.431095505710183,2.48297881299743,2.0,57,0,34,24,0.852304270585831,19,3.1459215590788734,18,40
A_1112,V1,111531.68,2024-10-01 00:00:00,0,86403.7311111111,33948.99747755859,0.740145824914974,1.2908052437149211,11.0,162,0,34,24,0.852304270585831,19,3.1459215590788734,18,40
A_156,V3,55545.84,2024-10-01 00:00:00,0,83925.30547297298,30830.50022220062,-0.9204698204253448,0.6618406432520443,8.0,148,0,34,24,0.852304270585831,19,3.1459215590788734,16,40
A_226,V19,37610.58,2024-10-01 00:00:00,0,75791.63586956522,77277.72834882235,-0.49406941192436243,0.4962300039904359,3.0,92,0,34,24,0.852304270585831,19,3.1459215590788734,32,40
D_267,V35,169630.6,2024-10-01 00:00:00,0,75008.17954545454,56348.584614378604,1.6792035132482745,2.261464543779021,15.0,66,0,34,24,0.852304270585831,19,3.1459215590788734,29,40
D_817,V15,41896.77,2024-10-01 00:00:00,0,101414.6991919192,81219.53730128995,-0.7327940834857531,0.4131191751753789,2.0,99,0,34,24,0.852304270585831,19,3.1459215590788734,31,40
D_488,V4,22401.83,2024-10-02 00:00:00,0,81228.63022988506,33321.06049362434,-1.7654010393847241,0.2757839711519231,18.0,174,0,34,18,0.811821258006903,29,3.12260540161831,16,40
A_843,V10,40919.19,2024-10-02 00:00:00,0,184110.51882978724,99924.56226640988,-1.4329799661074432,0.2222521994282724,7.0,188,0,34,18,0.811821258006903,29,3.12260540161831,4,40
A_699,V33,80571.34,2024-10-02 00:00:00,0,88242.64793103449,64151.09930319075,-0.1195799983844479,0.9130554083957333,15.0,58,0,34,18,0.811821258006903,29,3.12260540161831,32,40
D_730,V12,16147.54,2024-10-03 00:00:00,0,101944.13491379311,108863.03469822774,-0.7881078002631648,0.1583944149336277,4.0,116,0,41,21,0.8220901352035266,33,3.3448678245699077,18,40
A_1038,V32,13450.98,2024-10-03 00:00:00,0,67081.75597222222,63875.16720999454,-0.8396054164600965,0.20051322884781017,6.0,72,0,41,21,0.8220901352035266,33,3.3448678245699077,30,40
D_740,V40,23354.54,2024-10-03 00:00:00,0,57973.75227272727,46945.974214180664,-0.7374109375992606,0.4028398412145789,9.0,66,0,41,21,0.8220901352035266,33,3.3448678245699077,19,40
A_335,V40,52261.96,2024-10-03 00:00:00,0,57973.75227272727,46945.974214180664,-0.12166475834350976,0.9014606867856387,0.0,66,0,41,21,0.8220901352035266,33,3.3448678245699077,19,40
A_1266,V17,287167.26,2024-10-03 00:00:00,0,105661.17514285714,95526.67662806554,1.90003663089004,2.7177867539802656,3.0,105,0,41,21,0.8220901352035266,33,3.3448678245699077,24,40
D_40,V16,95578.1,2024-10-03 00:00:00,0,96281.34727272727,92447.62699932391,-0.00760689796650427,0.9926856034083544,4.0,121,0,41,21,0.8220901352035266,33,3.3448678245699077,26,40
A_1083,V20,58923.33,2024-10-03 00:00:00,0,84574.58505376344,95035.94061676953,-0.26990825764478793,0.6966943233386245,11.0,93,0,41,21,0.8220901352035266,33,3.3448678245699077,26,40
A_197,V39,165509.72,2024-10-03 00:00:00,0,59686.60327868852,62062.45272865382,1.7050794319158857,2.7729329192062786,8.0,61,0,41,21,0.8220901352035266,33,3.3448678245699077,26,40
A_629,V33,15951.71,2024-10-03 00:00:00,0,88242.64793103449,64151.09930319075,-1.126867845577096,0.18076893208751774,1.0,58,0,41,21,0.8220901352035266,33,3.3448678245699077,32,40
B_99,V17,101696.33,2024-10-03 21:00:00,1,105661.17514285714,95526.67662806554,-0.04150467469542006,0.9624667470881112,0.0,105,0,32,21,0.7766489417424614,19,3.133627438678258,24,40
D_800,V24,5280.18,2024-10-04 00:00:00,0,69961.0374137931,66357.40093125252,-0.9747199526523047,0.07547207307257472,5.0,58,0,39,25,0.8037566312040574,23,3.3433897348731954,31,40
D_720,V36,75559.16,2024-10-04 00:00:00,0,77526.48523809524,111324.58196102447,-0.017671816337632092,0.9746112590644428,5.0,63,0,39,25,0.8037566312040574,23,3.3433897348731954,20,40
A_1419,V40,23711.38,2024-10-04 00:00:00,0,57973.75227272727,46945.974214180664,-0.7298100217580812,0.40899493435445705,1.0,66,0,39,25,0.8037566312040574,23,3.3433897348731954,19,40
B_98,V18,57392.44,2024-10-04 01:00:00,1,93668.06014705882,102265.70386062763,-0.35471584374613657,0.6127150193446466,8.0,136,0,36,25,0.8213245924284256,18,3.280787318523691,23,40
B_100,V16,335308.86,2024-10-04 17:00:00,1,96281.34727272727,92447.62699932391,2.5855171730026965,3.4825580129471856,1.0,121,0,35,24,0.8271481663091286,18,3.247532475514602,26,40
D_495,V38,22225.35,2024-10-05 00:00:00,0,71190.65382978723,52355.46745943829,-0.9352293270687473,0.31219038755777173,20.0,47,0,45,29,0.7938465507723366,28,3.5698010171945773,25,40
A_1050,V4,30290.44,2024-10-05 00:00:00,0,81228.63022988506,33321.06049362434,-1.5286626779766903,0.37289890295297556,3.0,174,0,45,29,0.7938465507723366,28,3.5698010171945773,16,40
D_340,V36,45027.27,2024-10-05 00:00:00,0,77526.48523809524,111324.58196102447,-0.2919294439392497,0.5807910557361227,1.0,63,0,45,29,0.7938465507723366,28,3.5698010171945773,20,40
D_957,V14,17305.03,2024-10-05 00:00:00,0,101404.49841584158,100941.99680096707,-0.8331382174205063,0.17065179177006645,6.0,101,0,45,29,0.7938465507723366,28,3.5698010171945773,21,40
A_1189,V32,29162.16,2024-10-05 00:00:00,0,67081.75597222222,63875.16720999454,-0.5936423180739785,0.4347191700364179,2.0,72,0,45,29,0.7938465507723366,28,3.5698010171945773,30,40
A_738,V11,90960.45,2024-10-05 00:00:00,0,182570.8592121212,102941.535881061,-0.8899179374983257,0.49821725205918815,9.0,165,0,45,29,0.7938465507723366,28,3.5698010171945773,4,40
A_1442,V21,161810.29,2024-10-05 00:00:00,0,99317.54854545454,98935.44463436803,0.6316453121546381,1.629205142138633,4.0,110,0,45,29,0.7938465507723366,28,3.5698010171945773,23,40
A_1087,V6,91678.87,2024-10-05 00:00:00,0,144506.03180487806,76560.92735485801,-0.6899925802550486,0.6344249747222698,8.0,205,0,45,29,0.7938465507723366,28,3.5698010171945773,9,40
A_997,V12,207021.12,2024-10-06 00:00:00,0,101944.13491379311,108863.03469822774,0.9652130327291415,2.030711128834753,3.0,116,0,42,27,0.8467740178485723,26,3.5170833870878555,18,40
D_60,V20,26786.12,2024-10-06 00:00:00,0,84574.58505376344,95035.94061676953,-0.6080631876271332,0.31671220462705,3.0,93,0,42,27,0.8467740178485723,26,3.5170833870878555,26,40
A_1450,V39,55476.61,2024-10-06 00:00:00,0,59686.60327868852,62062.45272865382,-0.06783369428534587,0.929449449343327,3.0,61,0,42,27,0.8467740178485723,26,3.5170833870878555,26,40
A_132,V33,93064.91,2024-10-06 00:00:00,0,88242.64793103449,64151.09930319075,0.0751692013409399,1.0546357973860454,3.0,58,0,42,27,0.8467740178485723,26,3.5170833870878555,32,40
A_613,V21,93726.18,2024-10-06 00:00:00,0,99317.54854545454,98935.44463436803,-0.0565147511224822,0.9436926069968177,1.0,110,0,42,27,0.8467740178485723,26,3.5170833870878555,23,40
A_1231,V11,144660.54,2024-10-06 00:00:00,0,182570.8592121212,102941.535881061,-0.36826680912467974,0.7923485066333585,1.0,165,0,42,27,0.8467740178485723,26,3.5170833870878555,4,40
A_799,V6,15034.51,2024-10-06 00:00:00,0,144506.03180487806,76560.92735485801,-1.6910692595915016,0.10403998900413708,1.0,205,0,42,27,0.8467740178485723,26,3.5170833870878555,9,40
D_645,V39,18185.92,2024-10-06 00:00:00,0,59686.60327868852,62062.45272865382,-0.6686815098755896,0.3046850434769139,0.0,61,0,42,27,0.8467740178485723,26,3.5170833870878555,26,40
D_813,V33,19793.05,2024-10-07 00:00:00,0,88242.64793103449,64151.09930319075,-1.0669892127385143,0.22429999738302936,0.0,58,0,41,25,0.871399780447963,30,3.495485900306448,32,40
D_354,V22,127588.86,2024-10-07 00:00:00,0,85951.16571428571,86159.38158415664,0.48325800698833854,1.4844170468504443,8.0,91,0,41,25,0.871399780447963,30,3.495485900306448,29,40
A_1108,V27,55915.33,2024-10-07 00:00:00,0,83207.86098360656,89047.01535564796,-0.30649229940277944,0.6719876866361167,8.0,61,0,41,25,0.871399780447963,30,3.495485900306448,28,40
A_1294,V39,45047.67,2024-10-07 00:00:00,0,59686.60327868852,62062.45272865382,-0.2358704299403235,0.7547240553397172,1.0,61,0,41,25,0.871399780447963,30,3.495485900306448,26,40
D_371,V11,31703.03,2024-10-07 00:00:00,0,182570.8592121212,102941.535881061,-1.4655538443936595,0.1736468595807299,1.0,165,0,41,25,0.871399780447963,30,3.495485900306448,4,40
D_123,V24,51535.61,2024-10-07 00:00:00,0,69961.0374137931,66357.40093125252,-0.2776653318225962,0.7366224870666743,3.0,58,0,41,25,0.871399780447963,30,3.495485900306448,31,40
A_612,V40,34675.51,2024-10-07 00:00:00,0,57973.75227272727,46945.974214180664,-0.4962671750992181,0.5981139830814284,3.0,66,0,41,25,0.871399780447963,30,3.495485900306448,19,40
A_844,V33,98576.68,2024-10-07 00:00:00,0,88242.64793103449,64151.09930319075,0.16108642088430486,1.1170966104783104,1.0,58,0,41,25,0.871399780447963,30,3.495485900306448,32,40
D_248,V35,32441.87,2024-10-07 00:00:00,0,75008.17954545454,56348.584614378604,-0.7553970421743443,0.4325053306354414,6.0,66,0,41,25,0.871399780447963,30,3.495485900306448,29,40
A_938,V19,101451.8,2024-10-07 00:00:00,0,75791.63586956522,77277.72834882235,0.33204692518501855,1.3385442904320248,6.0,92,0,41,25,0.871399780447963,30,3.495485900306448,32,40
A_331,V40,27035.18,2024-10-08 00:00:00,0,57973.75227272727,46945.974214180664,-0.659010996780748,0.4663267877854823,1.0,66,0,38,22,0.9087002851890085,28,3.4271912957881314,19,40
A_883,V23,59666.54,2024-10-08 00:00:00,0,74902.77192307693,98110.10534391222,-0.15529569124380815,0.7965759062344026,22.0,52,0,38,22,0.9087002851890085,28,3.4271912957881314,26,40
A_396,V5,151950.03,2024-10-08 00:00:00,0,144407.3437244898,59983.82205994232,0.12574324664950848,1.0522247266397478,12.0,196,0,38,22,0.9087002851890085,28,3.4271912957881314,3,40
D_783,V30,16025.25,2024-10-08 00:00:00,0,73122.4169117647,57615.25065897187,-0.9909906711861622,0.21915346241734124,8.0,68,0,38,22,0.9087002851890085,28,3.4271912957881314,29,40
D_594,V15,119850.58,2024-10-08 00:00:00,0,101414.6991919192,81219.53730128995,0.22698545738120854,1.1817754149995516,7.0,99,0,38,22,0.9087002851890085,28,3.4271912957881314,31,40
D_948,V13,179746.59,2024-10-08 00:00:00,0,91248.5117,99126.94924086498,0.8927661570498537,1.9698361848877706,9.0,100,0,38,22,0.9087002851890085,28,3.4271912957881314,24,40
D_99,V12,105986.15,2024-10-08 00:00:00,0,101944.13491379311,108863.03469822774,0.03712902151212191,1.0396391165662202,2.0,116,0,38,22,0.9087002851890085,28,3.4271912957881314,18,40
D_68,V12,38559.62,2024-10-08 00:00:00,0,101944.13491379311,108863.03469822774,-0.5822355848696555,0.37823894227622346,0.0,116,0,38,22,0.9087002851890085,28,3.4271912957881314,18,40
A_1357,V36,176892.78,2024-10-09 00:00:00,0,77526.48523809524,111324.58196102447,0.8925737733551063,2.281678290695787,4.0,63,0,36,22,0.9507628277724185,24,3.3426963622810595,20,40
A_263,V24,163624.33,2024-10-09 00:00:00,0,69961.0374137931,66357.40093125252,1.4114760342589072,2.3387587904599996,2.0,58,0,36,22,0.9507628277724185,24,3.3426963622810595,31,40
A_1060,V13,20010.85,2024-10-09 00:00:00,0,91248.5117,99126.94924086498,-0.7186435535643326,0.21929815981689246,1.0,100,0,36,22,0.9507628277724185,24,3.3426963622810595,24,40
D_269,V30,114827.22,2024-10-09 00:00:00,0,73122.4169117647,57615.25065897187,0.7238375043715402,1.5703207652147564,1.0,68,0,36,22,0.9507628277724185,24,3.3426963622810595,29,40
A_1451,V34,123472.57,2024-10-09 00:00:00,0,87031.30054545455,69584.65178653522,0.523689417558877,1.4186982215357358,14.0,55,0,36,22,0.9507628277724185,24,3.3426963622810595,32,40
D_84,V17,50386.72,2024-10-09 00:00:00,0,105661.17514285714,95526.67662806554,-0.5786224170202188,0.47686620052896184,5.0,105,0,36,22,0.9507628277724185,24,3.3426963622810595,24,40
A_930,V16,79203.96,2024-10-09 00:00:00,0,96281.34727272727,92447.62699932391,-0.18472299510572673,0.8226218226239188,4.0,121,0,36,22,0.9507628277724185,24,3.3426963622810595,26,40
A_221,V31,41988.03,2024-10-09 00:00:00,0,67268.36175438597,41034.01405489689,-0.6160673350949946,0.624177618234387,8.0,57,0,36,22,0.9507628277724185,24,3.3426963622810595,18,40
A_118,V5,110754.52,2024-10-09 00:00:00,0,144407.3437244898,59983.82205994232,-0.5610223147925789,0.7669537448009486,1.0,196,0,36,22,0.9507628277724185,24,3.3426963622810595,3,40
D_671,V7,17551.37,2024-10-09 00:00:00,0,144842.31624309393,63932.34127505827,-1.9909947408419397,0.12117486988866731,13.0,181,0,36,22,0.9507628277724185,24,3.3426963622810595,3,40
A_49,V25,75866.23,2024-10-09 00:00:00,0,84963.20919354838,94781.91364408535,-0.0959769946269852,0.8929198626115239,9.0,62,0,36,22,0.9507628277724185,24,3.3426963622810595,26,40
D_432,V34,33464.96,2024-10-10 00:00:00,0,87031.30054545455,69584.65178653522,-0.7697900238080345,0.3845119546451858,1.0,55,0,35,18,0.8927838095105689,28,3.26946962396782,32,40
D_378,V36,56448.48,2024-10-10 00:00:00,0,77526.48523809524,111324.58196102447,-0.18933658254285818,0.728109261207695,1.0,63,0,35,18,0.8927838095105689,28,3.26946962396782,20,40
A_61,V10,111841.8,2024-10-10 00:00:00,0,184110.51882978724,99924.56226640988,-0.7232255409993371,0.6074676951820639,8.0,188,0,35,18,0.8927838095105689,28,3.26946962396782,4,40
A_120,V37,60421.56,2024-10-10 00:00:00,0,72052.50544117647,51928.02541711314,-0.22397773398889,0.8385651694535161,17.0,68,0,35,18,0.8927838095105689,28,3.26946962396782,25,40
A_58,V33,186473.49,2024-10-10 00:00:00,0,88242.64793103449,64151.09930319075,1.531217888984652,2.1131661527154404,3.0,58,0,35,18,0.8927838095105689,28,3.26946962396782,32,40
D_217,V19,11919.88,2024-10-11 00:00:00,0,75791.63586956522,77277.72834882235,-0.8265114764991932,0.15726963263968585,4.0,92,0,38,21,0.8630507886325396,30,3.3847579996942354,32,40
D_199,V39,42498.07,2024-10-11 00:00:00,0,59686.60327868852,62062.45272865382,-0.27695096748545567,0.7120083177334405,4.0,61,0,38,21,0.8630507886325396,30,3.3847579996942354,26,40
A_1177,V36,37986.96,2024-10-11 00:00:00,0,77526.48523809524,111324.58196102447,-0.3551701643198073,0.48998055184349093,1.0,63,0,38,21,0.8630507886325396,30,3.3847579996942354,20,40
A_1218,V37,136105.72,2024-10-11 00:00:00,0,72052.50544117647,51928.02541711314,1.2334761541223702,1.8889534820913731,1.0,68,0,38,21,0.8630507886325396,30,3.3847579996942354,25,40
D_477,V26,177606.64,2024-10-11 00:00:00,0,82902.77408450704,83596.62150892465,1.1328535932733763,2.142322734535085,20.0,71,0,38,21,0.8630507886325396,30,3.3847579996942354,30,40
A_287,V16,75469.99,2024-10-11 00:00:00,0,96281.34727272727,92447.62699932391,-0.22511267011980032,0.7838403626183454,2.0,121,0,38,21,0.8630507886325396,30,3.3847579996942354,26,40
A_604,V23,25313.46,2024-10-11 00:00:00,0,74902.77192307693,98110.10534391222,-0.5054403550877326,0.33794639909450586,3.0,52,0,38,21,0.8630507886325396,30,3.3847579996942354,26,40
A_62,V35,41322.72,2024-10-12 00:00:00,0,75008.17954545454,56348.584614378604,-0.5977942832405385,0.5509021729128366,5.0,66,0,36,22,0.8574693885176239,26,3.3229145748878537,29,40
A_1082,V26,148434.07,2024-10-12 00:00:00,0,82902.77408450704,83596.62150892465,0.7838894783447521,1.790438030585862,1.0,71,0,36,22,0.8574693885176239,26,3.3229145748878537,30,40
A_822,V13,35337.19,2024-10-12 00:00:00,0,91248.5117,99126.94924086498,-0.5640318611267189,0.3872589490251486,3.0,100,0,36,22,0.8574693885176239,26,3.3229145748878537,24,40
A_1269,V15,109499.52,2024-10-12 00:00:00,0,101414.6991919192,81219.53730128995,0.09954158242132692,1.0797097576853756,4.0,99,0,36,22,0.8574693885176239,26,3.3229145748878537,31,40
A_432,V34,40072.14,2024-10-12 00:00:00,0,87031.30054545455,69584.65178653522,-0.6748397024362013,0.46042836681160043,2.0,55,0,36,22,0.8574693885176239,26,3.3229145748878537,32,40
A_1114,V36,77427.8,2024-10-12 00:00:00,0,77526.48523809524,111324.58196102447,-0.0008864560719725976,0.9987141948718047,1.0,63,0,36,22,0.8574693885176239,26,3.3229145748878537,20,40
D_754,V33,45571.58,2024-10-12 00:00:00,0,88242.64793103449,64151.09930319075,-0.665154662037882,0.5164290129485104,2.0,58,0,36,22,0.8574693885176239,26,3.3229145748878537,32,40
D_173,V7,28646.73,2024-10-13 00:00:00,0,144842.31624309393,63932.34127505827,-1.817448985548707,0.19777736897380563,4.0,181,0,37,22,0.8444595328663574,25,3.325349417953282,3,40
A_1264,V20,306591.37,2024-10-13 00:00:00,0,84574.58505376344,95035.94061676953,2.336110395656624,3.625057631053979,7.0,93,0,37,22,0.8444595328663574,25,3.325349417953282,26,40
D_847,V37,79373.96,2024-10-13 00:00:00,0,72052.50544117647,51928.02541711314,0.14098963922420849,1.1015974797339994,2.0,68,0,37,22,0.8444595328663574,25,3.325349417953282,25,40
A_859,V17,50945.4,2024-10-13 00:00:00,0,105661.17514285714,95526.67662806554,-0.5727740595627752,0.4821536177077645,4.0,105,0,37,22,0.8444595328663574,25,3.325349417953282,24,40
A_1474,V15,46749.24,2024-10-13 00:00:00,0,101414.6991919192,81219.53730128995,-0.6730497114188753,0.46096650097073905,1.0,99,0,37,22,0.8444595328663574,25,3.325349417953282,31,40
D_988,V38,172251.82,2024-10-13 00:00:00,0,71190.65382978723,52355.46745943829,1.9302518117462202,2.4195507581807054,8.0,47,0,37,22,0.8444595328663574,25,3.325349417953282,25,40
A_852,V38,62296.15,2024-10-14 00:00:00,0,71190.65382978723,52355.46745943829,-0.16988357430107368,0.8750485014569886,0.0,47,0,36,23,0.762525272450156,23,3.3194026838136366,25,40
A_1375,V38,70367.77,2024-10-14 00:00:00,0,71190.65382978723,52355.46745943829,-0.01571694710734131,0.9884272413202106,1.0,47,0,36,23,0.762525272450156,23,3.3194026838136366,25,40
D_353,V16,21898.67,2024-10-14 00:00:00,0,96281.34727272727,92447.62699932391,-0.8045839044561608,0.22744221158184172,3.0,121,0,36,23,0.762525272450156,23,3.3194026838136366,26,40
A_915,V35,85432.77,2024-10-14 00:00:00,0,75008.17954545454,56348.584614378604,0.18499853239176225,1.1389641976850169,2.0,66,0,36,23,0.762525272450156,23,3.3194026838136366,29,40
A_272,V20,32517.29,2024-10-14 00:00:00,0,84574.58505376344,95035.94061676953,-0.5477585317448422,0.3844760870330278,0.0,93,0,36,23,0.762525272450156,23,3.3194026838136366,26,40
D_415,V20,12992.53,2024-10-14 00:00:00,0,84574.58505376344,95035.94061676953,-0.7532024346450036,0.15362033844330894,1.0,93,0,36,23,0.762525272450156,23,3.3194026838136366,26,40
A_825,V32,45366.28,2024-10-14 00:00:00,0,67081.75597222222,63875.16720999454,-0.33996210043148073,0.6762733483815926,9.0,72,0,36,23,0.762525272450156,23,3.3194026838136366,30,40
D_38,V26,32535.45,2024-10-14 00:00:00,0,82902.77408450704,83596.62150892465,-0.6024970947185376,0.3924483578616741,2.0,71,0,36,23,0.762525272450156,23,3.3194026838136366,30,40
D_114,V36,18109.16,2024-10-14 00:00:00,0,77526.48523809524,111324.58196102447,-0.533725709683669,0.23358374058419185,2.0,63,0,36,23,0.762525272450156,23,3.3194026838136366,20,40
A_914,V19,174543.26,2024-10-14 00:00:00,0,75791.63586956522,77277.72834882235,1.277862954533719,2.3029052624634794,3.0,92,0,36,23,0.762525272450156,23,3.3194026838136366,32,40
D_586,V1,89158.86,2024-10-15 00:00:00,0,86403.7311111111,33948.99747755859,0.08115255062125037,1.0318747463648403,0.0,162,0,38,26,0.8226104609267042,23,3.370180013286019,18,40
A_175,V8,91119.55,2024-10-15 00:00:00,0,179937.1240782123,101867.69807590247,-0.8718828821394599,0.5063937976834402,16.0,179,0,38,26,0.8226104609267042,23,3.370180013286019,4,40
A_37,V21,111460.32,2024-10-15 00:00:00,0,99317.54854545454,98935.44463436803,0.12273304846783803,1.1222507943618267,9.0,110,0,38,26,0.8226104609267042,23,3.370180013286019,23,40
A_1090,V22,79428.38,2024-10-15 00:00:00,0,85951.16571428571,86159.38158415664,-0.07570516279474247,0.9240998099341501,8.0,91,0,38,26,0.8226104609267042,23,3.370180013286019,29,40
A_632,V34,122573.37,2024-10-15 00:00:00,0,87031.30054545455,69584.65178653522,0.510767213384395,1.4083664252444221,3.0,55,0,38,26,0.8226104609267042,23,3.370180013286019,32,40
A_386,V1,43410.1,2024-10-15 00:00:00,0,86403.7311111111,33948.99747755859,-1.2663809810156976,0.5024042021978786,14.0,162,0,38,26,0.8226104609267042,23,3.370180013286019,18,40
D_233,V33,120101.57,2024-10-15 00:00:00,0,88242.64793103449,64151.09930319075,0.49661542513825335,1.361022269771345,3.0,58,0,38,26,0.8226104609267042,23,3.370180013286019,32,40
D_901,V8,33320.14,2024-10-15 00:00:00,0,179937.1240782123,101867.69807590247,-1.4392741523894594,0.18517554393040683,0.0,179,0,38,26,0.8226104609267042,23,3.370180013286019,4,40
A_892,V18,271065.49,2024-10-16 00:00:00,0,93668.06014705882,102265.70386062763,1.7346548109608004,2.893863668263905,11.0,136,0,39,28,0.9307949188757928,21,3.184059660211257,23,40
A_1286,V10,27690.28,2024-10-16 00:00:00,0,184110.51882978724,99924.56226640988,-1.5653676124709495,0.15039949795645274,6.0,188,0,39,28,0.9307949188757928,21,3.184059660211257,4,40
A_1201,V37,131754.23,2024-10-16 00:00:00,0,72052.50544117647,51928.02541711314,1.1496792801189162,1.828561000513187,3.0,68,0,39,28,0.9307949188757928,21,3.184059660211257,25,40
D_777,V17,35481.49,2024-10-16 00:00:00,0,105661.17514285714,95526.67662806554,-0.7346529050015512,0.3358012453560453,3.0,105,0,39,28,0.9307949188757928,21,3.184059660211257,24,40
A_1305,V9,111629.59,2024-10-16 00:00:00,0,188269.0858278146,100038.44686257221,-0.7660927587204378,0.5929226064202925,19.0,151,0,39,28,0.9307949188757928,21,3.184059660211257,4,40
A_810,V22,20958.27,2024-10-17 00:00:00,0,85951.16571428571,86159.38158415664,-0.7543246039457739,0.2438364388591156,2.0,91,0,39,29,0.9740972719189548,19,3.1768944664880343,29,40
D_802,V22,115851.72,2024-10-17 00:00:00,0,85951.16571428571,86159.38158415664,0.34703367993454276,1.3478627215177292,0.0,91,0,39,29,0.9740972719189548,19,3.1768944664880343,29,40
A_838,V33,111358.92,2024-10-17 00:00:00,0,88242.64793103449,64151.09930319075,0.3603353954126295,1.261948283088103,2.0,58,0,39,29,0.9740972719189548,19,3.1768944664880343,32,40
A_1148,V26,22372.28,2024-10-17 00:00:00,0,82902.77408450704,83596.62150892465,-0.724069572697651,0.2698584020697908,3.0,71,0,39,29,0.9740972719189548,19,3.1768944664880343,30,40
D_196,V20,87673.5,2024-10-17 00:00:00,0,84574.58505376344,95035.94061676953,0.032607477956732,1.0366289508286257,3.0,93,0,39,29,0.9740972719189548,19,3.1768944664880343,26,40
D_39,V20,106413.35,2024-10-17 00:00:00,0,84574.58505376344,95035.94061676953,0.2297923818307663,1.2582041251308473,0.0,93,0,39,29,0.9740972719189548,19,3.1768944664880343,26,40
A_448,V19,25451.01,2024-10-17 00:00:00,0,75791.63586956522,77277.72834882235,-0.6514163333839637,0.3357979269094128,3.0,92,0,39,29,0.9740972719189548,19,3.1768944664880343,32,40
D_859,V30,10726.59,2024-10-17 00:00:00,0,73122.4169117647,57615.25065897187,-1.0829553502376081,0.14669158599280688,8.0,68,0,39,29,0.9740972719189548,19,3.1768944664880343,29,40
A_907,V3,149913.12,2024-10-18 00:00:00,0,83925.30547297298,30830.50022220062,2.140272580038504,1.7862471028023144,17.0,148,0,37,27,1.1211769057209116,19,3.176802133902558,16,40
D_327,V40,36055.73,2024-10-18 00:00:00,0,57973.75227272727,46945.974214180664,-0.46686762330482157,0.6219212430677602,10.0,66,0,37,27,1.1211769057209116,19,3.176802133902558,19,40
D_755,V32,62955.8,2024-10-18 00:00:00,0,67081.75597222222,63875.16720999454,-0.06459304232606869,0.938479629937519,4.0,72,0,37,27,1.1211769057209116,19,3.176802133902558,30,40
D_526,V18,28141.83,2024-10-18 00:00:00,0,93668.06014705882,102265.70386062763,-0.6407386536712876,0.30043890646300725,2.0,136,0,37,27,1.1211769057209116,19,3.176802133902558,23,40
D_113,V5,14310.28,2024-10-18 00:00:00,0,144407.3437244898,59983.82205994232,-2.168833035705014,0.09909593608595042,9.0,196,0,37,27,1.1211769057209116,19,3.176802133902558,3,40
B_363,V19,267233.3,2024-10-18 17:00:00,1,75791.63586956522,77277.72834882235,2.477287970711699,3.5258478206232753,1.0,92,0,32,24,1.1912842395089052,15,3.0401117749886506,32,40
D_971,V14,49560.66,2024-10-19 00:00:00,0,101404.49841584158,100941.99680096707,-0.513595197872557,0.4887374035356808,14.0,101,0,35,26,1.0431880054420553,18,3.1242364120891533,21,40
A_753,V34,20476.7,2024-10-19 00:00:00,0,87031.30054545455,69584.65178653522,-0.9564414334958177,0.23527701636825732,4.0,55,0,35,26,1.0431880054420553,18,3.1242364120891533,32,40
A_671,V39,94186.97,2024-10-19 00:00:00,0,59686.60327868852,62062.45272865382,0.5558886140632513,1.5779988611744022,8.0,61,0,35,26,1.0431880054420553,18,3.1242364120891533,26,40
D_749,V13,50843.53,2024-10-19 00:00:00,0,91248.5117,99126.94924086498,-0.4076043336861776,0.5571923515290438,7.0,100,0,35,26,1.0431880054420553,18,3.1242364120891533,24,40
D_132,V10,26670.15,2024-10-19 00:00:00,0,184110.51882978724,99924.56226640988,-1.575576511744193,0.1448586713613329,3.0,188,0,35,26,1.0431880054420553,18,3.1242364120891533,4,40
D_608,V38,16495.71,2024-10-19 00:00:00,0,71190.65382978723,52355.46745943829,-1.0446645177534297,0.23170848143856498,0.0,47,0,35,26,1.0431880054420553,18,3.1242364120891533,25,40
A_709,V25,40714.37,2024-10-19 00:00:00,0,84963.20919354838,94781.91364408535,-0.4668440491258267,0.47919436179595,10.0,62,0,35,26,1.0431880054420553,18,3.1242364120891533,26,40
A_42,V38,167419.66,2024-10-19 00:00:00,0,71190.65382978723,52355.46745943829,1.8379583428687871,2.3516753859979875,5.0,47,0,35,26,1.0431880054420553,18,3.1242364120891533,25,40
D_465,V31,87524.09,2024-10-19 00:00:00,0,67268.36175438597,41034.01405489689,0.4936205996789909,1.3010988616120387,10.0,57,0,35,26,1.0431880054420553,18,3.1242364120891533,18,40
D_607,V12,147937.69,2024-10-19 00:00:00,0,101944.13491379311,108863.03469822774,0.422486225259807,1.451150073273228,11.0,116,0,35,26,1.0431880054420553,18,3.1242364120891533,18,40
A_790,V17,52590.91,2024-10-19 00:00:00,0,105661.17514285714,95526.67662806554,-0.5555485804337605,0.49772692951755115,3.0,105,0,35,26,1.0431880054420553,18,3.1242364120891533,24,40
B_364,V22,598851.24,2024-10-19 03:00:00,1,85951.16571428571,86159.38158415664,5.952852864106019,6.967261790594622,2.0,91,0,24,20,1.1789235675132248,8,2.7226356443851274,29,40
B_362,V21,229504.4,2024-10-19 18:00:00,1,99317.54854545454,98935.44463436803,1.3158634508816969,2.310790918324426,4.0,110,0,23,19,0.9567155458668355,8,2.81204039319874,23,40
D_638,V2,19999.62,2024-10-20 00:00:00,0,89201.08671052632,40922.37405936534,-1.691001006176555,0.22420574156411455,21.0,152,0,28,22,1.0024728971952082,11,3.0531522017918804,20,40
A_1097,V6,39500.8,2024-10-20 00:00:00,0,144506.03180487806,76560.92735485801,-1.3715071633213693,0.2733486357489947,14.0,205,0,28,22,1.0024728971952082,11,3.0531522017918804,9,40
D_356,V6,39983.61,2024-10-20 00:00:00,0,144506.03180487806,76560.92735485801,-1.3652010263590353,0.276689718836577,0.0,205,0,28,22,1.0024728971952082,11,3.0531522017918804,9,40
A_717,V12,7884.24,2024-10-20 00:00:00,0,101944.13491379311,108863.03469822774,-0.8640125747178867,0.07733807019498355,1.0,116,0,28,22,1.0024728971952082,11,3.0531522017918804,18,40
A_318,V4,30315.43,2024-10-20 00:00:00,0,81228.63022988506,33321.06049362434,-1.527912724353481,0.3732065493121831,15.0,174,0,28,22,1.0024728971952082,11,3.0531522017918804,16,40
A_7,V36,67165.52,2024-10-20 00:00:00,0,77526.48523809524,111324.58196102447,-0.0930690417744472,0.8663446233774703,6.0,63,0,28,22,1.0024728971952082,11,3.0531522017918804,20,40
A_1393,V39,53987.08,2024-10-20 00:00:00,0,59686.60327868852,62062.45272865382,-0.09183380924047636,0.904494016084511,1.0,61,0,28,22,1.0024728971952082,11,3.0531522017918804,26,40
D_24,V16,315099.57,2024-10-21 00:00:00,0,96281.34727272727,92447.62699932391,2.366916955174174,3.272661904548877,7.0,121,0,23,19,1.2265921912813336,7,2.928018717419454,26,40
D_512,V11,18216.48,2024-10-21 00:00:00,0,182570.8592121212,102941.535881061,-1.5965643143084696,0.09977704164602483,14.0,165,0,23,19,1.2265921912813336,7,2.928018717419454,4,40
A_1287,V40,93470.88,2024-10-21 00:00:00,0,57973.75227272727,46945.974214180664,0.7561110874862426,1.6122687262256914,3.0,66,0,23,19,1.2265921912813336,7,2.928018717419454,19,40
A_585,V25,76128.38,2024-10-21 00:00:00,0,84963.20919354838,94781.91364408535,-0.09321120077320691,0.8960052794298319,2.0,62,0,23,19,1.2265921912813336,7,2.928018717419454,26,40
A_1291,V23,93279.25,2024-10-21 00:00:00,0,74902.77192307693,98110.10534391222,0.18730273206593048,1.245321131435062,10.0,52,0,23,19,1.2265921912813336,7,2.928018717419454,26,40
B_58,V19,144296.89,2024-10-21 05:00:00,1,75791.63586956522,77277.72834882235,0.8864697387515791,1.903837864252758,2.0,92,1,18,14,1.2341732113183623,7,2.7151474435018166,32,40
B_57,V19,134494.96,2024-10-21 08:00:00,1,75791.63586956522,77277.72834882235,0.7596310832841151,1.7745122393085537,0.0,92,1,17,14,1.2033143479611375,5,2.646686161172081,32,40
B_59,V21,258096.26,2024-10-21 21:00:00,1,99317.54854545454,98935.44463436803,1.6048556428455862,2.598671283258621,2.0,110,0,16,13,1.1757213809773828,5,2.5732335639912876,23,40
D_897,V35,180215.2,2024-10-22 00:00:00,0,75008.17954545454,56348.584614378604,1.8670416325961705,2.40257527268102,8.0,66,0,22,16,1.009389118369675,11,2.8617770330701693,29,40
A_372,V3,106316.1,2024-10-22 00:00:00,0,83925.30547297298,30830.50022220062,0.7262311066817387,1.2667792225673187,4.0,148,0,22,16,1.009389118369675,11,2.8617770330701693,16,40
D_831,V15,37412.56,2024-10-22 00:00:00,0,101414.6991919192,81219.53730128995,-0.7880043806469956,0.3689030426068495,9.0,99,0,22,16,1.009389118369675,11,2.8617770330701693,31,40
D_274,V31,50860.01,2024-10-23 00:00:00,0,67268.36175438597,41034.01405489689,-0.39986221845653025,0.7560650000768577,4.0,57,0,24,18,0.8823467292476066,12,2.9237295130729075,18,40
D_119,V3,52429.44,2024-10-23 00:00:00,0,83925.30547297298,30830.50022220062,-1.0215482621988654,0.6247080662556271,1.0,148,0,24,18,0.8823467292476066,12,2.9237295130729075,16,40
A_1055,V18,41830.01,2024-10-23 00:00:00,0,93668.06014705882,102265.70386062763,-0.5068907884007426,0.44657232531561225,5.0,136,0,24,18,0.8823467292476066,12,2.9237295130729075,23,40
D_470,V9,51589.19,2024-10-23 00:00:00,0,188269.0858278146,100038.44686257221,-1.3662600115690031,0.27401692506361164,7.0,151,0,24,18,0.8823467292476066,12,2.9237295130729075,4,40
D_760,V33,244148.11,2024-10-24 00:00:00,0,88242.64793103449,64151.09930319075,2.4302472368384547,2.7667499669869757,7.0,58,0,28,20,0.9597631751627075,16,3.0378103968964054,32,40
A_770,V13,116338.35,2024-10-24 00:00:00,0,91248.5117,99126.94924086498,0.2531055922385293,1.2749476444595593,5.0,100,0,28,20,0.9597631751627075,16,3.0378103968964054,24,40
A_1326,V12,92137.73,2024-10-24 00:00:00,0,101944.13491379311,108863.03469822774,-0.09007938150534814,0.9037972246337557,4.0,116,0,28,20,0.9597631751627075,16,3.0378103968964054,18,40
D_596,V3,85337.59,2024-10-24 00:00:00,0,83925.30547297298,30830.50022220062,0.045806545800521424,1.0168157590051607,1.0,148,0,28,20,0.9597631751627075,16,3.0378103968964054,16,40
A_683,V24,158232.21,2024-10-24 00:00:00,0,69961.0374137931,66357.40093125252,1.3302185005581442,2.2616867068082884,15.0,58,0,28,20,0.9597631751627075,16,3.0378103968964054,31,40
A_97,V35,47789.29,2024-10-24 00:00:00,0,75008.17954545454,56348.584614378604,-0.4830362057098314,0.6371125546179364,2.0,66,0,28,20,0.9597631751627075,16,3.0378103968964054,29,40
D_328,V8,79307.6,2024-10-25 00:00:00,0,179937.1240782123,101867.69807590247,-0.9878355763733541,0.4407492876024871,10.0,179,0,34,22,0.7642834196122621,21,3.2089189973090573,4,40
A_397,V22,242685.6,2024-10-25 00:00:00,0,85951.16571428571,86159.38158415664,1.819100976620268,2.823496045541344,5.0,91,0,34,22,0.7642834196122621,21,3.2089189973090573,29,40
D_351,V13,16991.71,2024-10-26 00:00:00,0,91248.5117,99126.94924086498,-0.7491005540684386,0.18621151700913705,2.0,100,0,42,25,0.7517390470849138,28,3.381698656897208,24,40
D_188,V6,71248.4,2024-10-26 00:00:00,0,144506.03180487806,76560.92735485801,-0.9568415312396092,0.49304451908059255,6.0,205,0,42,25,0.7517390470849138,28,3.381698656897208,9,40
A_813,V26,38551.48,2024-10-26 00:00:00,0,82902.77408450704,83596.62150892465,-0.5305329659381781,0.4650147767784731,9.0,71,0,42,25,0.7517390470849138,28,3.381698656897208,30,40
A_1229,V38,23730.83,2024-10-26 00:00:00,0,71190.65382978723,52355.46745943829,-0.9064749043001307,0.33333724844682294,0.0,47,0,42,25,0.7517390470849138,28,3.381698656897208,25,40
A_347,V38,186042.14,2024-10-26 00:00:00,0,71190.65382978723,52355.46745943829,2.1936446774066787,2.6132577344643497,7.0,47,0,42,25,0.7517390470849138,28,3.381698656897208,25,40
A_322,V31,38078.27,2024-10-26 00:00:00,0,67268.36175438597,41034.01405489689,-0.711345967015761,0.5660566565062926,3.0,57,0,42,25,0.7517390470849138,28,3.381698656897208,18,40
A_663,V19,131996.03,2024-10-26 00:00:00,0,75791.63586956522,77277.72834882235,0.7272945004573342,1.741541621895267,4.0,92,0,42,25,0.7517390470849138,28,3.381698656897208,32,40
A_693,V8,134939.09,2024-10-27 00:00:00,0,179937.1240782123,101867.69807590247,-0.44172581890350876,0.7499193997451428,2.0,179,0,44,26,0.6812553590615625,30,3.426745497112875,4,40
A_304,V34,62332.1,2024-10-27 00:00:00,0,87031.30054545455,69584.65178653522,-0.354946744211338,0.7161950173596259,8.0,55,0,44,26,0.6812553590615625,30,3.426745497112875,32,40
D_718,V1,21340.11,2024-10-27 00:00:00,0,86403.7311111111,33948.99747755859,-1.9164543724670098,0.24697848978382847,12.0,162,0,44,26,0.6812553590615625,30,3.426745497112875,18,40
D_633,V16,20366.48,2024-10-27 00:00:00,0,96281.34727272727,92447.62699932391,-0.8211573252816665,0.2115287025804466,6.0,121,0,44,26,0.6812553590615625,30,3.426745497112875,26,40
A_1186,V35,54722.14,2024-10-27 00:00:00,0,75008.17954545454,56348.584614378604,-0.3600033555576236,0.729539242151544,3.0,66,0,44,26,0.6812553590615625,30,3.426745497112875,29,40
B_421,V18,207963.75,2024-10-27 12:00:00,1,93668.06014705882,102265.70386062763,1.117623679440251,2.2201968256487308,4.0,136,0,43,23,0.6961928174197739,31,3.3925627643537752,23,40
B_423,V17,293182.41,2024-10-27 16:00:00,1,105661.17514285714,95526.67662806554,1.9630042462694006,2.7747148835769484,8.0,105,0,42,23,0.6636031960363544,30,3.3725428500344568,24,40
A_539,V6,33593.59,2024-10-28 00:00:00,0,144506.03180487806,76560.92735485801,-1.4486631363237286,0.2324702789920981,2.0,205,0,51,28,0.6390647554927971,36,3.6417966055555144,9,40
A_1068,V25,68464.09,2024-10-28 00:00:00,0,84963.20919354838,94781.91364408535,-0.1740727158431045,0.8057991788523433,7.0,62,0,51,28,0.6390647554927971,36,3.6417966055555144,26,40
D_152,V3,55578.29,2024-10-28 00:00:00,0,83925.30547297298,30830.50022220062,-0.9194173254197129,0.662227291988899,4.0,148,0,51,28,0.6390647554927971,36,3.6417966055555144,16,40
A_450,V26,60421.5,2024-10-28 00:00:00,0,82902.77408450704,83596.62150892465,-0.26892241284767887,0.7288148298099194,2.0,71,0,51,28,0.6390647554927971,36,3.6417966055555144,30,40
B_297,V17,27304.43,2024-10-28 00:00:00,1,105661.17514285714,95526.67662806554,-0.8202517627214679,0.2584125299624385,0.0,105,0,51,28,0.6390647554927971,36,3.6417966055555144,24,40
D_338,V7,27590.23,2024-10-28 00:00:00,0,144842.31624309393,63932.34127505827,-1.8339740095648092,0.1904832802481177,15.0,181,0,51,28,0.6390647554927971,36,3.6417966055555144,3,40
B_422,V18,79368.77,2024-10-28 03:00:00,1,93668.06014705882,102265.70386062763,-0.13982351642570143,0.8473317643562602,0.0,136,0,46,24,0.6783258564709265,34,3.5327214998910317,23,40
B_298,V18,21146.95,2024-10-28 11:00:00,1,93668.06014705882,102265.70386062763,-0.7091370642579127,0.22576238052137657,0.0,136,0,45,24,0.6747775650947188,33,3.5032967432109245,23,40
B_296,V16,26628.4,2024-10-28 23:00:00,1,96281.34727272727,92447.62699932391,-0.7534232744552999,0.27656575430772345,1.0,121,0,45,25,0.6842629178819103,32,3.513745084519072,26,40
A_456,V40,155929.49,2024-10-29 00:00:00,0,57973.75227272727,46945.974214180664,2.0865186599754173,2.6896102852922925,8.0,66,0,54,29,0.6839789593275365,40,3.7295491712681104,19,40
A_401,V32,37190.81,2024-10-29 00:00:00,0,67081.75597222222,63875.16720999454,-0.4679514641815463,0.5544019392315971,11.0,72,0,54,29,0.6839789593275365,40,3.7295491712681104,30,40
A_391,V18,71852.47,2024-10-29 00:00:00,0,93668.06014705882,102265.70386062763,-0.21332055618796325,0.7670886190935711,0.0,136,0,54,29,0.6839789593275365,40,3.7295491712681104,23,40
A_1096,V38,51175.77,2024-10-29 00:00:00,0,71190.65382978723,52355.46745943829,-0.38228102087470295,0.7188450786992054,3.0,47,0,54,29,0.6839789593275365,40,3.7295491712681104,25,40
A_979,V10,23021.33,2024-10-29 00:00:00,0,184110.51882978724,99924.56226640988,-1.6120918929663868,0.1250401395106812,0.0,188,0,54,29,0.6839789593275365,40,3.7295491712681104,4,40
D_721,V10,160104.92,2024-10-29 00:00:00,0,184110.51882978724,99924.56226640988,-0.2402348136484466,0.8696083820155678,10.0,188,0,54,29,0.6839789593275365,40,3.7295491712681104,4,40
A_502,V36,56834.37,2024-10-29 00:00:00,0,77526.48523809524,111324.58196102447,-0.18587026336264406,0.7330867217665522,9.0,63,0,54,29,0.6839789593275365,40,3.7295491712681104,20,40
A_257,V3,94298.94,2024-10-29 00:00:00,0,83925.30547297298,30830.50022220062,0.336462204312632,1.1235921737358896,1.0,148,0,54,29,0.6839789593275365,40,3.7295491712681104,16,40
D_507,V11,21305.04,2024-10-29 00:00:00,0,182570.8592121212,102941.535881061,-1.5665615562302297,0.11669399704828952,8.0,165,0,54,29,0.6839789593275365,40,3.7295491712681104,4,40
B_299,V18,50103.37,2024-10-29 06:00:00,1,93668.06014705882,102265.70386062763,-0.42599094820177424,0.5348977551535008,0.0,136,0,45,26,0.6872347304065429,30,3.538034989105725,23,40
B_300,V18,89352.51,2024-10-29 07:00:00,1,93668.06014705882,102265.70386062763,-0.042198975660154174,0.9539170122953949,0.0,136,0,44,26,0.6906920366916159,29,3.5114610180920365,23,40
D_869,V14,18580.81,2024-10-30 00:00:00,0,101404.49841584158,100941.99680096707,-0.8204995991861428,0.18323276637134803,11.0,101,0,53,31,0.6574406689091885,36,3.691056514648073,21,40
A_101,V7,354128.07,2024-10-30 00:00:00,0,144842.31624309393,63932.34127505827,3.2734993914443327,2.4449044608013435,2.0,181,0,53,31,0.6574406689091885,36,3.691056514648073,3,40
A_752,V5,26642.93,2024-10-30 00:00:00,0,144407.3437244898,59983.82205994232,-1.9632368602645653,0.18449716486486994,12.0,196,0,53,31,0.6574406689091885,36,3.691056514648073,3,40
D_684,V28,122511.1,2024-10-30 00:00:00,0,87976.94703125,91319.31227399668,0.37816507750361195,1.3925205592315508,33.0,64,0,53,31,0.6574406689091885,36,3.691056514648073,26,40
A_1248,V18,54872.5,2024-10-30 00:00:00,0,93668.06014705882,102265.70386062763,-0.37935670831760315,0.5858124327697013,0.0,136,0,53,31,0.6574406689091885,36,3.691056514648073,23,40
D_487,V35,40635.71,2024-10-30 00:00:00,0,75008.17954545454,56348.584614378604,-0.6099862098483648,0.5417431605871027,3.0,66,0,53,31,0.6574406689091885,36,3.691056514648073,29,40
A_114,V4,59670.92,2024-10-30 00:00:00,0,81228.63022988506,33321.06049362434,-0.6469500958384551,0.7345954897385039,10.0,174,0,53,31,0.6574406689091885,36,3.691056514648073,16,40
D_618,V4,10937.8,2024-10-30 00:00:00,0,81228.63022988506,33321.06049362434,-2.1094382876873454,0.13465283504363276,0.0,174,0,53,31,0.6574406689091885,36,3.691056514648073,16,40
B_124,V18,30617.28,2024-10-30 02:00:00,1,93668.06014705882,102265.70386062763,-0.6165328280550281,0.32686652296853835,0.0,136,1,45,28,0.6210753443359285,29,3.613618107843658,23,40
A_669,V33,46206.72,2024-10-31 00:00:00,0,88242.64793103449,64151.09930319075,-0.6552541286664291,0.5236265848405562,7.0,58,0,55,31,0.6224151054750495,39,3.7877857259984764,32,40
A_744,V11,32221.38,2024-10-31 00:00:00,0,182570.8592121212,102941.535881061,-1.460518510888772,0.17648601563816896,2.0,165,0,55,31,0.6224151054750495,39,3.7877857259984764,4,40
D_915,V9,98029.16,2024-10-31 00:00:00,0,188269.0858278146,100038.44686257221,-0.9020434304457963,0.5206836740365335,8.0,151,0,55,31,0.6224151054750495,39,3.7877857259984764,4,40
A_1205,V32,13614.03,2024-10-31 00:00:00,0,67081.75597222222,63875.16720999454,-0.8370528212258838,0.20294380877311197,2.0,72,0,55,31,0.6224151054750495,39,3.7877857259984764,30,40
A_500,V22,119372.71,2024-10-31 00:00:00,0,85951.16571428571,86159.38158415664,0.38789921389879173,1.3888272506920627,6.0,91,0,55,31,0.6224151054750495,39,3.7877857259984764,29,40
A_148,V22,66495.1,2024-10-31 00:00:00,0,85951.16571428571,86159.38158415664,-0.2258122045952421,0.7736291395034408,0.0,91,0,55,31,0.6224151054750495,39,3.7877857259984764,29,40
A_1223,V29,14367.54,2024-10-31 00:00:00,0,74548.44014492753,60050.95281301047,-1.0021472629261294,0.1927249885722662,31.0,69,0,55,31,0.6224151054750495,39,3.7877857259984764,30,40
A_1020,V14,33308.78,2024-10-31 00:00:00,0,101404.49841584158,100941.99680096707,-0.6745957676500168,0.32847114328463767,1.0,101,0,55,31,0.6224151054750495,39,3.7877857259984764,21,40
B_122,V18,142470.35,2024-10-31 07:00:00,1,93668.06014705882,102265.70386062763,0.4772060505582592,1.52099689883003,1.0,136,0,47,31,0.6490771642593948,25,3.633918184224299,23,40
B_123,V18,75013.84,2024-10-31 10:00:00,1,93668.06014705882,102265.70386062763,-0.18240756221576665,0.8008390378021254,0.0,136,0,46,31,0.6306060939313922,24,3.6152548094019017,23,40
B_120,V18,1843.1,2024-10-31 10:00:00,1,93668.06014705882,102265.70386062763,-0.8978969369365891,0.019676721396652903,0.0,136,0,46,31,0.6306060939313922,24,3.6152548094019017,23,40
B_121,V16,40801.73,2024-10-31 11:00:00,1,96281.34727272727,92447.62699932391,-0.6001129391908979,0.4237716586242535,2.0,121,0,44,30,0.6403546365087669,22,3.5847770567843296,26,40
D_341,V33,62182.52,2024-11-01 00:00:00,0,88242.64793103449,64151.09930319075,-0.40622408641486707,0.7046685110819287,1.0,58,0,54,34,0.6774603204181093,32,3.7219669557214186,32,40
D_827,V37,38897.14,2024-11-01 00:00:00,0,72052.50544117647,51928.02541711314,-0.638474632921768,0.5398368859618511,16.0,68,0,54,34,0.6774603204181093,32,3.7219669557214186,25,40
D_989,V1,81052.43,2024-11-01 00:00:00,0,86403.7311111111,33948.99747755859,-0.1576230194022369,0.9380554624465136,5.0,162,0,54,34,0.6774603204181093,32,3.7219669557214186,18,40
A_276,V24,177336.86,2024-11-01 00:00:00,0,69961.0374137931,66357.40093125252,1.6181195007614564,2.5347583711882837,0.0,58,0,54,34,0.6774603204181093,32,3.7219669557214186,31,40
A_596,V24,42783.5,2024-11-01 00:00:00,0,69961.0374137931,66357.40093125252,-0.4095568463433757,0.6115245007368121,8.0,58,0,54,34,0.6774603204181093,32,3.7219669557214186,31,40
B_358,V19,39743.92,2024-11-01 00:00:00,1,75791.63586956522,77277.72834882235,-0.46646362640508626,0.524377065713838,6.0,92,0,54,34,0.6774603204181093,32,3.7219669557214186,32,40
D_961,V23,76943.42,2024-11-01 00:00:00,0,74902.77192307693,98110.10534391222,0.020799358745066786,1.0272302452140556,11.0,52,0,54,34,0.6774603204181093,32,3.7219669557214186,26,40
A_1466,V40,50200.91,2024-11-01 00:00:00,0,57973.75227272727,46945.974214180664,-0.16556641621387877,0.8659098664853757,3.0,66,0,54,34,0.6774603204181093,32,3.7219669557214186,19,40
A_139,V7,39232.74,2024-11-01 00:00:00,0,144842.31624309393,63932.34127505827,-1.6518701218622909,0.27086330952375304,2.0,181,0,54,34,0.6774603204181093,32,3.7219669557214186,3,40
A_1310,V14,47594.56,2024-11-01 00:00:00,0,101404.49841584158,100941.99680096707,-0.5330725272793373,0.4693489085258987,1.0,101,0,54,34,0.6774603204181093,32,3.7219669557214186,21,40
B_361,V22,93380.45,2024-11-01 03:00:00,1,85951.16571428571,86159.38158415664,0.08622622310995423,1.0864234684953338,1.0,91,0,44,30,0.6583108558601114,23,3.4900884703453587,29,40
B_360,V20,57245.13,2024-11-01 16:00:00,1,84574.58505376344,95035.94061676953,-0.2875666543598846,0.6768517174739036,15.0,93,0,43,30,0.6499434578167587,22,3.4591379071707373,26,40
D_850,V36,37353.13,2024-11-02 00:00:00,0,77526.48523809524,111324.58196102447,-0.3608636445499121,0.48180499967572177,4.0,63,0,49,32,0.677344880909912,29,3.556581907427735,20,40
A_15,V39,58439.28,2024-11-02 00:00:00,0,59686.60327868852,62062.45272865382,-0.020097548941434392,0.9790857194774608,13.0,61,0,49,32,0.677344880909912,29,3.556581907427735,26,40
D_216,V34,56959.93,2024-11-02 00:00:00,0,87031.30054545455,69584.65178653522,-0.4321490102256014,0.6544688540118667,6.0,55,0,49,32,0.677344880909912,29,3.556581907427735,32,40
D_72,V24,79198.31,2024-11-02 00:00:00,0,69961.0374137931,66357.40093125252,0.13920276041275814,1.1320183477730732,1.0,58,0,49,32,0.677344880909912,29,3.556581907427735,31,40
D_561,V40,17617.89,2024-11-02 00:00:00,0,57973.75227272727,46945.974214180664,-0.8596051811266145,0.303889008738169,1.0,66,0,49,32,0.677344880909912,29,3.556581907427735,19,40
A_1135,V21,46697.28,2024-11-02 00:00:00,0,99317.54854545454,98935.44463436803,-0.5318593036157637,0.4701768268253369,11.0,110,0,49,32,0.677344880909912,29,3.556581907427735,23,40
D_557,V6,68057.3,2024-11-02 00:00:00,0,144506.03180487806,76560.92735485801,-0.998521516452227,0.47096185666518287,5.0,205,0,49,32,0.677344880909912,29,3.556581907427735,9,40
D_527,V21,43743.42,2024-11-02 00:00:00,0,99317.54854545454,98935.44463436803,-0.5617154401579283,0.44043555449242394,0.0,110,0,49,32,0.677344880909912,29,3.556581907427735,23,40
A_662,V16,92325.95,2024-11-02 00:00:00,0,96281.34727272727,92447.62699932391,-0.042784813589023925,0.9589083836778463,1.0,121,0,49,32,0.677344880909912,29,3.556581907427735,26,40
A_1053,V35,51860.04,2024-11-02 00:00:00,0,75008.17954545454,56348.584614378604,-0.410795211781346,0.6913825789625325,3.0,66,0,49,32,0.677344880909912,29,3.556581907427735,29,40
B_359,V22,63837.61,2024-11-02 19:00:00,1,85951.16571428571,86159.38158415664,-0.25665573094852684,0.7427108958743763,1.0,91,0,39,26,0.6856613759042042,24,3.2843934607906884,29,40
D_668,V2,45490.76,2024-11-03 00:00:00,0,89201.08671052632,40922.37405936534,-1.0681017319617412,0.5099741685149598,14.0,152,0,43,29,0.7127841326004892,27,3.4032422460001706,20,40
D_766,V32,95376.8,2024-11-03 00:00:00,0,67081.75597222222,63875.16720999454,0.44296715447495616,1.421778199445083,3.0,72,0,43,29,0.7127841326004892,27,3.4032422460001706,30,40
D_536,V9,29924.14,2024-11-03 00:00:00,0,188269.0858278146,100038.44686257221,-1.5828250834427218,0.1589426162336145,3.0,151,0,43,29,0.7127841326004892,27,3.4032422460001706,4,40
A_1389,V29,68798.67,2024-11-03 00:00:00,0,74548.44014492753,60050.95281301047,-0.09574659733100012,0.9228596467827556,3.0,69,0,43,29,0.7127841326004892,27,3.4032422460001706,30,40
D_498,V26,10193.92,2024-11-03 00:00:00,0,82902.77408450704,83596.62150892465,-0.8697478800487743,0.12296086773575521,6.0,71,0,43,29,0.7127841326004892,27,3.4032422460001706,30,40
A_868,V10,20455.17,2024-11-03 00:00:00,0,184110.51882978724,99924.56226640988,-1.637772609109453,0.11110206536784364,5.0,188,0,43,29,0.7127841326004892,27,3.4032422460001706,4,40
D_283,V38,13469.45,2024-11-03 00:00:00,0,71190.65382978723,52355.46745943829,-1.1024655907984076,0.1891998468276103,5.0,47,0,43,29,0.7127841326004892,27,3.4032422460001706,25,40
A_283,V31,164561.09,2024-11-03 00:00:00,0,67268.36175438597,41034.01405489689,2.370968561518103,2.446300748338386,8.0,57,0,43,29,0.7127841326004892,27,3.4032422460001706,18,40
D_534,V7,72273.34,2024-11-03 00:00:00,0,144842.31624309393,63932.34127505827,-1.1350724801146064,0.49897600990232754,2.0,181,0,43,29,0.7127841326004892,27,3.4032422460001706,3,40
D_886,V20,47595.15,2024-11-04 00:00:00,0,84574.58505376344,95035.94061676953,-0.3891059078056887,0.5627528319164978,0.0,93,0,41,28,0.7476892439386934,26,3.369427836244579,26,40
D_763,V21,85259.1,2024-11-04 00:00:00,0,99317.54854545454,98935.44463436803,-0.14209575245410613,0.8584408577112861,2.0,110,0,41,28,0.7476892439386934,26,3.369427836244579,23,40
A_1224,V28,24646.13,2024-11-04 00:00:00,0,87976.94703125,91319.31227399668,-0.6935019762222534,0.28013986267769614,5.0,64,0,41,28,0.7476892439386934,26,3.369427836244579,26,40
D_658,V4,69270.61,2024-11-04 00:00:00,0,81228.63022988506,33321.06049362434,-0.3588619687000762,0.8527751487229442,5.0,174,0,41,28,0.7476892439386934,26,3.369427836244579,16,40
D_54,V21,48128.47,2024-11-04 00:00:00,0,99317.54854545454,98935.44463436803,-0.5173935523419116,0.48458692464654096,0.0,110,0,41,28,0.7476892439386934,26,3.369427836244579,23,40
D_878,V5,163635.05,2024-11-04 00:00:00,0,144407.3437244898,59983.82205994232,0.3205428575964785,1.1331412422553089,5.0,196,0,41,28,0.7476892439386934,26,3.369427836244579,3,40
A_480,V20,186162.16,2024-11-04 00:00:00,0,84574.58505376344,95035.94061676953,1.068927243311441,2.2011335763348194,2.0,93,0,41,28,0.7476892439386934,26,3.369427836244579,26,40
A_378,V24,25658.99,2024-11-04 00:00:00,0,69961.0374137931,66357.40093125252,-0.6676177664330721,0.366755900035314,2.0,58,0,41,28,0.7476892439386934,26,3.369427836244579,31,40
A_411,V10,27735.01,2024-11-04 00:00:00,0,184110.51882978724,99924.56226640988,-1.5649199792629347,0.15064244853490816,1.0,188,0,41,28,0.7476892439386934,26,3.369427836244579,4,40
D_603,V11,43110.28,2024-11-04 00:00:00,0,182570.8592121212,102941.535881061,-1.3547420220272488,0.23612773724296854,4.0,165,0,41,28,0.7476892439386934,26,3.369427836244579,4,40
D_910,V22,6230.81,2024-11-04 00:00:00,0,85951.16571428571,86159.38158415664,-0.9252553696784563,0.07249159981275964,1.0,91,0,41,28,0.7476892439386934,26,3.369427836244579,29,40
A_484,V35,16344.55,2024-11-05 00:00:00,0,75008.17954545454,56348.584614378604,-1.0410658738109928,0.21790066361271723,3.0,66,0,35,26,0.8894735399771079,17,3.2260139612399557,29,40
A_25,V30,46761.63,2024-11-05 00:00:00,0,73122.4169117647,57615.25065897187,-0.4575234696855419,0.6394891263960697,19.0,68,0,35,26,0.8894735399771079,17,3.2260139612399557,29,40
A_846,V9,336184.15,2024-11-05 00:00:00,0,188269.0858278146,100038.44686257221,1.478567393274192,1.7856482537935559,2.0,151,0,35,26,0.8894735399771079,17,3.2260139612399557,4,40
A_1335,V17,161446.75,2024-11-05 00:00:00,0,105661.17514285714,95526.67662806554,0.5839729053009685,1.5279521719264355,8.0,105,0,35,26,0.8894735399771079,17,3.2260139612399557,24,40
A_636,V22,47746.0,2024-11-05 00:00:00,0,85951.16571428571,86159.38158415664,-0.4434191795792948,0.555495019854565,1.0,91,0,35,26,0.8894735399771079,17,3.2260139612399557,29,40
A_772,V2,33663.35,2024-11-05 00:00:00,0,89201.08671052632,40922.37405936534,-1.35711529137262,0.3773829877908848,2.0,152,0,35,26,0.8894735399771079,17,3.2260139612399557,20,40
D_545,V1,21752.24,2024-11-05 00:00:00,0,86403.7311111111,33948.99747755859,-1.9043150490319365,0.2517482517482518,4.0,162,0,35,26,0.8894735399771079,17,3.2260139612399557,18,40
A_488,V7,101075.63,2024-11-05 00:00:00,0,144842.31624309393,63932.34127505827,-0.6845674787244104,0.6978273669898748,2.0,181,0,35,26,0.8894735399771079,17,3.2260139612399557,3,40
A_1472,V3,98101.28,2024-11-05 00:00:00,0,83925.30547297298,30830.50022220062,0.45978867148408914,1.168897873523002,7.0,148,0,35,26,0.8894735399771079,17,3.2260139612399557,16,40
A_740,V23,47873.16,2024-11-05 00:00:00,0,74902.77192307693,98110.10534391222,-0.2755000244705133,0.6391288285076452,4.0,52,0,35,26,0.8894735399771079,17,3.2260139612399557,26,40
A_1342,V8,26040.59,2024-11-05 00:00:00,0,179937.1240782123,101867.69807590247,-1.5107342783898527,0.1447196925798845,9.0,179,0,35,26,0.8894735399771079,17,3.2260139612399557,4,40
A_1404,V26,246968.66,2024-11-06 00:00:00,0,82902.77408450704,83596.62150892465,1.9625664337588566,2.9789796993832303,3.0,71,0,32,22,1.2172583845535014,18,3.0152157025719335,30,40
D_184,V19,16698.9,2024-11-06 00:00:00,0,75791.63586956522,77277.72834882235,-0.7646701379819707,0.22032351571382017,5.0,92,0,32,22,1.2172583845535014,18,3.0152157025719335,32,40
D_571,V9,17825.34,2024-11-06 00:00:00,0,188269.0858278146,100038.44686257221,-1.7037653762916074,0.09467961902509807,1.0,151,0,32,22,1.2172583845535014,18,3.0152157025719335,4,40
A_833,V24,13266.22,2024-11-06 00:00:00,0,69961.0374137931,66357.40093125252,-0.8543728694205439,0.18962026393737566,2.0,58,0,32,22,1.2172583845535014,18,3.0152157025719335,31,40
A_452,V4,49361.86,2024-11-06 00:00:00,0,81228.63022988506,33321.06049362434,-0.9563265223644342,0.6076829336819923,2.0,174,0,32,22,1.2172583845535014,18,3.0152157025719335,16,40
A_814,V33,149918.51,2024-11-06 00:00:00,0,88242.64793103449,64151.09930319075,0.9614005268553688,1.6989155991960645,5.0,58,0,32,22,1.2172583845535014,18,3.0152157025719335,32,40
A_524,V5,121430.32,2024-11-06 00:00:00,0,144407.3437244898,59983.82205994232,-0.3830472932224262,0.8408816060633689,2.0,196,0,32,22,1.2172583845535014,18,3.0152157025719335,3,40
D_226,V33,78577.48,2024-11-07 00:00:00,0,88242.64793103449,64151.09930319075,-0.1506601971878693,0.8904604676068135,1.0,58,0,34,22,1.1283797529207709,21,3.01242015268211,32,40
A_1436,V16,194557.41,2024-11-07 00:00:00,0,96281.34727272727,92447.62699932391,1.063034313402961,2.020696581574823,5.0,121,0,34,22,1.1283797529207709,21,3.01242015268211,26,40
A_491,V14,55114.8,2024-11-07 00:00:00,0,101404.49841584158,100941.99680096707,-0.45857265865716895,0.543508989758981,6.0,101,0,34,22,1.1283797529207709,21,3.01242015268211,21,40
A_953,V14,83508.18,2024-11-07 00:00:00,0,101404.49841584158,100941.99680096707,-0.1772913325639459,0.8235074163094329,0.0,101,0,34,22,1.1283797529207709,21,3.01242015268211,21,40
A_236,V25,40762.56,2024-11-07 00:00:00,0,84963.20919354838,94781.91364408535,-0.4663356241561012,0.4797615417939444,10.0,62,0,34,22,1.1283797529207709,21,3.01242015268211,26,40
A_700,V10,90348.9,2024-11-08 00:00:00,0,184110.51882978724,99924.56226640988,-0.9383146484561273,0.4907292089829989,4.0,188,0,36,25,1.1232416539515377,19,3.026545133533697,4,40
A_1198,V12,16564.87,2024-11-08 00:00:00,0,101944.13491379311,108863.03469822774,-0.784274302807767,0.16248808747967808,15.0,116,0,36,25,1.1232416539515377,19,3.026545133533697,18,40
A_409,V31,42328.99,2024-11-08 00:00:00,0,67268.36175438597,41034.01405489689,-0.607758333432564,0.6292461961294012,5.0,57,0,36,25,1.1232416539515377,19,3.026545133533697,18,40
A_1363,V16,177072.42,2024-11-08 00:00:00,0,96281.34727272727,92447.62699932391,0.8739023536592228,1.8390953795344078,1.0,121,0,36,25,1.1232416539515377,19,3.026545133533697,26,40
A_442,V23,50022.49,2024-11-08 00:00:00,0,74902.77192307693,98110.10534391222,-0.2535929223900111,0.6678233781253503,3.0,52,0,36,25,1.1232416539515377,19,3.026545133533697,26,40
A_1017,V36,45989.12,2024-11-08 00:00:00,0,77526.48523809524,111324.58196102447,-0.28328947114003494,0.5931976235107134,6.0,63,0,36,25,1.1232416539515377,19,3.026545133533697,20,40
A_1098,V19,39495.56,2024-11-08 00:00:00,0,75791.63586956522,77277.72834882235,-0.4696774474048179,0.5211002302119376,2.0,92,0,36,25,1.1232416539515377,19,3.026545133533697,32,40
B_417,V15,120453.95,2024-11-08 17:00:00,1,101414.6991919192,81219.53730128995,0.2344142434992045,1.1877248883533584,17.0,99,0,32,21,1.3684467517223622,18,2.917566031253406,31,40
B_419,V12,218874.05,2024-11-08 19:00:00,1,101944.13491379311,108863.03469822774,1.074091323276212,2.146978864514568,0.0,116,0,31,20,1.3746474925004453,18,2.8696706938375485,18,40
B_418,V14,236602.19,2024-11-08 23:00:00,1,101404.49841584158,100941.99680096707,1.3393469172579904,2.3332284116364836,1.0,101,0,30,20,1.347055558169177,17,2.811362399405671,21,40
A_195,V1,33615.55,2024-11-09 00:00:00,0,86403.7311111111,33948.99747755859,-1.554880266073799,0.3890475621846736,4.0,162,0,39,23,1.18924016085318,26,3.080082365457782,18,40
D_181,V21,88963.64,2024-11-09 00:00:00,0,99317.54854545454,98935.44463436803,-0.10465211867799275,0.8957404362316524,5.0,110,0,39,23,1.18924016085318,26,3.080082365457782,23,40
B_420,V12,38968.61,2024-11-09 02:00:00,1,101944.13491379311,108863.03469822774,-0.5784786967372827,0.38225080611205875,0.0,116,0,37,22,1.2179124850422265,25,3.0198937453266375,18,40
B_60,V17,474351.04,2024-11-09 07:00:00,1,105661.17514285714,95526.67662806554,3.859508342201465,4.489317386838468,4.0,105,0,38,22,1.222695543572819,27,3.069523449182666,24,40
B_416,V13,116972.37,2024-11-09 14:00:00,1,91248.5117,99126.94924086498,0.25950156839717475,1.2818958460245655,14.0,100,0,39,23,1.147323283151759,27,3.144794155815795,24,40
B_62,V18,531827.75,2024-11-09 20:00:00,1,93668.06014705882,102265.70386062763,4.284480415542476,5.677731250479503,9.0,136,0,39,23,1.1145243339545028,26,3.105900709496155,23,40
B_61,V17,307562.49,2024-11-09 21:00:00,1,105661.17514285714,95526.67662806554,2.1135373745479042,2.9108097536717374,0.0,105,0,38,23,0.9929105085237442,25,3.129070569455862,24,40
A_1496,V36,20691.71,2024-11-10 00:00:00,0,77526.48523809524,111324.58196102447,-0.5105275376686853,0.26689515255723223,2.0,63,0,42,25,0.8517344775716285,29,3.2166796641250865,20,40
A_332,V25,22233.56,2024-11-10 00:00:00,0,84963.20919354838,94781.91364408535,-0.661824444742239,0.26168147989645824,3.0,62,0,42,25,0.8517344775716285,29,3.2166796641250865,26,40
A_262,V30,38907.8,2024-11-10 00:00:00,0,73122.4169117647,57615.25065897187,-0.5938362271137626,0.5320839977561305,5.0,68,0,42,25,0.8517344775716285,29,3.2166796641250865,29,40
B_176,V20,253759.05,2024-11-10 19:00:00,1,84574.58505376344,95035.94061676953,1.7801968776379518,3.000381845880098,6.0,93,0,45,25,0.8752915213120093,31,3.3238270602707094,26,40
B_174,V19,33646.31,2024-11-11 00:00:00,1,75791.63586956522,77277.72834882235,-0.5453677456923044,0.44392584601363344,3.0,92,0,50,27,0.8268779126880302,35,3.4657715075217777,32,40
D_579,V5,6454.2,2024-11-11 00:00:00,0,144407.3437244898,59983.82205994232,-2.2998008327278923,0.044694093385030984,5.0,196,0,50,27,0.8268779126880302,35,3.4657715075217777,3,40
D_337,V30,38401.51,2024-11-11 00:00:00,0,73122.4169117647,57615.25065897187,-0.6026235049079515,0.5251602239312432,1.0,68,0,50,27,0.8268779126880302,35,3.4657715075217777,29,40
D_385,V40,31845.22,2024-11-11 00:00:00,0,57973.75227272727,46945.974214180664,-0.5565541275040249,0.5492946282925432,9.0,66,0,50,27,0.8268779126880302,35,3.4657715075217777,19,40
A_249,V12,23189.61,2024-11-11 00:00:00,0,101944.13491379311,108863.03469822774,-0.7234209638849184,0.22747147296052536,1.0,116,0,50,27,0.8268779126880302,35,3.4657715075217777,18,40
D_324,V33,38344.26,2024-11-11 00:00:00,0,88242.64793103449,64151.09930319075,-0.7778137967895413,0.4345271404687099,4.0,58,0,50,27,0.8268779126880302,35,3.4657715075217777,32,40
A_1319,V26,39817.78,2024-11-11 00:00:00,0,82902.77408450704,83596.62150892465,-0.515385405790611,0.4802891115597728,5.0,71,0,50,27,0.8268779126880302,35,3.4657715075217777,30,40
D_797,V6,12434.97,2024-11-11 00:00:00,0,144506.03180487806,76560.92735485801,-1.7250226890545732,0.08605096821025589,9.0,205,0,50,27,0.8268779126880302,35,3.4657715075217777,9,40
B_160,V21,1057.35,2024-11-11 08:00:00,1,99317.54854545454,98935.44463436803,-0.9931648434364844,0.010646047646538941,2.0,110,0,42,22,0.9299858873981411,31,3.3244132350914657,23,40
B_177,V20,39907.33,2024-11-11 14:00:00,1,84574.58505376344,95035.94061676953,-0.46999887374196236,0.47185402234736545,0.0,93,0,42,23,0.9473004561206044,30,3.3537839639913027,26,40
B_175,V22,324388.78,2024-11-11 16:00:00,1,85951.16571428571,86159.38158415664,2.767369525317408,3.7740617389246873,6.0,91,0,42,22,0.9634015254195356,31,3.3654003756886426,29,40
D_32,V36,66676.8,2024-11-12 00:00:00,0,77526.48523809524,111324.58196102447,-0.09745904801911345,0.8600407945031158,2.0,63,0,45,24,0.9119079290220735,33,3.4634573596402105,20,40
A_1462,V9,35880.19,2024-11-12 00:00:00,0,188269.0858278146,100038.44686257221,-1.5232880689270174,0.19057828460765033,6.0,151,0,45,24,0.9119079290220735,33,3.4634573596402105,4,40
A_232,V22,37136.67,2024-11-12 00:00:00,0,85951.16571428571,86159.38158415664,-0.5665538477984391,0.43206206255984636,0.0,91,0,45,24,0.9119079290220735,33,3.4634573596402105,29,40
A_121,V39,165623.74,2024-11-12 00:00:00,0,59686.60327868852,62062.45272865382,1.7069165839753835,2.77484319862339,10.0,61,0,45,24,0.9119079290220735,33,3.4634573596402105,26,40
B_158,V21,129125.36,2024-11-12 06:00:00,1,99317.54854545454,98935.44463436803,0.30128241988787796,1.30011324058873,0.0,110,0,42,24,0.9187206676000746,28,3.385171426877909,23,40
B_157,V21,505534.32,2024-11-12 06:00:00,1,99317.54854545454,98935.44463436803,4.1058355488290506,5.090029278555506,0.0,110,0,42,24,0.9187206676000746,28,3.385171426877909,23,40
B_159,V21,150059.88,2024-11-12 09:00:00,1,99317.54854545454,98935.44463436803,0.5128780566359553,1.5108948146913663,0.0,110,0,40,24,0.7980431832784096,26,3.4341329723035123,23,40
D_700,V31,145425.91,2024-11-13 00:00:00,0,67268.36175438597,41034.01405489689,1.904655086533037,2.1618446527109825,5.0,57,0,43,27,0.7752372766933263,27,3.520526290532489,18,40
D_569,V39,31523.43,2024-11-13 00:00:00,0,59686.60327868852,62062.45272865382,-0.4537803174087022,0.5281403217484434,1.0,61,0,43,27,0.7752372766933263,27,3.520526290532489,26,40
D_606,V39,15626.48,2024-11-13 00:00:00,0,59686.60327868852,62062.45272865382,-0.7099205948357846,0.26180444751715204,0.0,61,0,43,27,0.7752372766933263,27,3.520526290532489,26,40
A_74,V13,13847.78,2024-11-13 00:00:00,0,91248.5117,99126.94924086498,-0.7808164326281851,0.151757305239366,3.0,100,0,43,27,0.7752372766933263,27,3.520526290532489,24,40
A_1153,V23,39963.78,2024-11-13 00:00:00,0,74902.77192307693,98110.10534391222,-0.356116586400735,0.533534947225904,5.0,52,0,43,27,0.7752372766933263,27,3.520526290532489,26,40
A_431,V28,58871.5,2024-11-13 00:00:00,0,87976.94703125,91319.31227399668,-0.3187182162049805,0.6691620114650855,0.0,64,0,43,27,0.7752372766933263,27,3.520526290532489,26,40
D_402,V28,149447.76,2024-11-13 00:00:00,0,87976.94703125,91319.31227399668,0.6731340644599803,1.6986956963989597,9.0,64,0,43,27,0.7752372766933263,27,3.520526290532489,26,40
A_650,V12,78848.55,2024-11-13 00:00:00,0,101944.13491379311,108863.03469822774,-0.2121507344258764,0.7734410285167208,2.0,116,0,43,27,0.7752372766933263,27,3.520526290532489,18,40
A_159,V7,107796.86,2024-11-13 00:00:00,0,144842.31624309393,63932.34127505827,-0.5794387639418765,0.7442308198680152,8.0,181,0,43,27,0.7752372766933263,27,3.520526290532489,3,40
A_685,V22,48823.01,2024-11-13 00:00:00,0,85951.16571428571,86159.38158415664,-0.4309191188762437,0.5680253614817916,1.0,91,0,43,27,0.7752372766933263,27,3.520526290532489,29,40
B_449,V18,75922.16,2024-11-13 03:00:00,1,93668.06014705882,102265.70386062763,-0.17352568800147797,0.8105361565580301,3.0,136,0,34,24,0.7513110997990656,17,3.2718630351300573,23,40
B_96,V21,90758.66,2024-11-13 06:00:00,1,99317.54854545454,98935.44463436803,-0.0865089560988873,0.913813797414317,0.0,110,0,34,24,0.7277606394325034,17,3.241005741020201,23,40
B_451,V16,105160.86,2024-11-13 13:00:00,1,96281.34727272727,92447.62699932391,0.09604807573115892,1.0922132974399101,5.0,121,0,33,24,0.7222227246703403,15,3.201208587061761,26,40
B_450,V16,203658.08,2024-11-13 14:00:00,1,96281.34727272727,92447.62699932391,1.16147460716813,2.115217231078949,0.0,121,0,32,24,0.7112295457352276,14,3.1597554861257415,26,40
B_452,V18,1398.69,2024-11-13 18:00:00,1,93668.06014705882,102265.70386062763,-0.902242535095357,0.014932251885564784,0.0,136,0,31,24,0.6682374741428677,12,3.1383339014276532,23,40
A_624,V3,21147.15,2024-11-14 00:00:00,0,83925.30547297298,30830.50022220062,-2.0361693404646184,0.2519728454722706,9.0,148,0,34,25,0.6583255313045594,15,3.2548589722336736,16,40
A_977,V25,16210.66,2024-11-14 00:00:00,0,84963.20919354838,94781.91364408535,-0.7253685980968858,0.1907939843596041,4.0,62,0,34,25,0.6583255313045594,15,3.2548589722336736,26,40
D_589,V1,29504.46,2024-11-14 00:00:00,0,86403.7311111111,33948.99747755859,-1.675972764025161,0.34146810736624017,5.0,162,0,34,25,0.6583255313045594,15,3.2548589722336736,18,40
A_538,V31,53316.11,2024-11-14 00:00:00,0,67268.36175438597,41034.01405489689,-0.3400084556013692,0.7925764212639312,1.0,57,0,34,25,0.6583255313045594,15,3.2548589722336736,18,40
D_520,V8,29196.38,2024-11-14 00:00:00,0,179937.1240782123,101867.69807590247,-1.479755282293833,0.162257888091072,9.0,179,0,34,25,0.6583255313045594,15,3.2548589722336736,4,40
B_97,V22,73999.82,2024-11-14 03:00:00,1,85951.16571428571,86159.38158415664,-0.138710454788461,0.8609418900040681,1.0,91,0,29,21,0.721102710497396,14,3.1157608198858537,29,40
B_94,V19,102873.74,2024-11-14 10:00:00,1,75791.63586956522,77277.72834882235,0.35044707268203246,1.3573052159980268,3.0,92,0,29,22,0.7290106797486205,13,3.116720972747758,32,40
B_164,V12,27110.09,2024-11-14 12:00:00,1,101944.13491379311,108863.03469822774,-0.6874083357394742,0.2659282370161641,1.0,116,0,28,22,0.7120814288704947,11,3.0716562699618697,18,40
B_95,V19,63960.64,2024-11-14 12:00:00,1,75791.63586956522,77277.72834882235,-0.1530951158533849,0.8438899012573279,0.0,92,0,28,22,0.7120814288704947,11,3.0716562699618697,32,40
B_93,V22,5518.98,2024-11-14 14:00:00,1,85951.16571428571,86159.38158415664,-0.9335170554661955,0.06420990040373951,0.0,91,0,26,21,0.7255497292665828,9,2.9952103491915323,29,40
B_163,V13,146528.13,2024-11-14 19:00:00,1,91248.5117,99126.94924086498,0.557659254764561,1.605796319017453,1.0,100,0,26,21,0.9088764138681544,9,2.874625129993903,24,40
A_364,V29,95575.39,2024-11-15 00:00:00,0,74548.44014492753,60050.95281301047,0.3501459797743147,1.282040345496855,12.0,69,0,36,26,0.8436797911527981,18,3.1985900508740066,30,40
A_351,V5,72125.91,2024-11-15 00:00:00,0,144407.3437244898,59983.82205994232,-1.2049953845367678,0.4994580516594373,4.0,196,0,36,26,0.8436797911527981,18,3.1985900508740066,3,40
D_95,V9,155157.15,2024-11-15 00:00:00,0,188269.0858278146,100038.44686257221,-0.3309887935836116,0.8241200364772843,3.0,151,0,36,26,0.8436797911527981,18,3.1985900508740066,4,40
A_904,V21,137309.52,2024-11-15 00:00:00,0,99317.54854545454,98935.44463436803,0.3840038076459035,1.3825163779669851,1.0,110,0,36,26,0.8436797911527981,18,3.1985900508740066,23,40
D_937,V34,8610.62,2024-11-15 00:00:00,0,87031.30054545455,69584.65178653522,-1.1269662427826665,0.09893591167916921,13.0,55,0,36,26,0.8436797911527981,18,3.1985900508740066,32,40
A_991,V39,52236.58,2024-11-15 00:00:00,0,59686.60327868852,62062.45272865382,-0.12003881432862896,0.8751663181398187,2.0,61,0,36,26,0.8436797911527981,18,3.1985900508740066,26,40
B_161,V15,72170.1,2024-11-15 14:00:00,1,101414.6991919192,81219.53730128995,-0.3600640941765196,0.7116265092589386,6.0,99,0,30,21,0.8543697384618257,17,2.9760067469536544,31,40
B_162,V12,120956.33,2024-11-15 15:00:00,1,101944.13491379311,108863.03469822774,0.1746416540495573,1.1864845742985495,1.0,116,0,29,20,0.8596977543487875,17,2.929154147951795,18,40
D_535,V36,189046.99,2024-11-16 00:00:00,0,77526.48523809524,111324.58196102447,1.0017509255055908,2.4384512075867852,4.0,63,0,37,25,0.7718453082058642,21,3.2060893238004686,20,40
A_1383,V18,62469.03,2024-11-16 00:00:00,0,93668.06014705882,102265.70386062763,-0.30507515123962403,0.6669121041881353,2.0,136,0,37,25,0.7718453082058642,21,3.2060893238004686,23,40
A_1481,V17,28523.43,2024-11-16 00:00:00,0,105661.17514285714,95526.67662806554,-0.8074910629637826,0.2699492979529885,6.0,105,0,37,25,0.7718453082058642,21,3.2060893238004686,24,40
A_1207,V40,64719.67,2024-11-16 00:00:00,0,57973.75227272727,46945.974214180664,0.1436922792190316,1.116342329425454,5.0,66,0,37,25,0.7718453082058642,21,3.2060893238004686,19,40
B_311,V16,44807.87,2024-11-16 01:00:00,1,96281.34727272727,92447.62699932391,-0.556779250741103,0.46537990887445035,2.0,121,0,33,23,0.7453084445699083,18,3.0679311603526487,26,40
B_313,V17,140059.87,2024-11-16 14:00:00,1,105661.17514285714,95526.67662806554,0.36009140043333465,1.3255440729914614,0.0,105,0,32,22,0.7538464332167137,18,3.0318958472052113,24,40
D_540,V10,72751.24,2024-11-17 00:00:00,0,184110.51882978724,99924.56226640988,-1.1144223390296681,0.3951476825698189,9.0,188,0,37,24,0.725262790942558,24,3.223200201557752,4,40
A_1284,V11,54419.99,2024-11-17 00:00:00,0,182570.8592121212,102941.535881061,-1.2448777185767574,0.29807435951436584,13.0,165,0,37,24,0.725262790942558,24,3.223200201557752,4,40
D_605,V37,142417.43,2024-11-17 00:00:00,0,72052.50544117647,51928.02541711314,1.3550210887577117,1.9765510245197953,16.0,68,0,37,24,0.725262790942558,24,3.223200201557752,25,40
B_310,V18,13007.55,2024-11-17 02:00:00,1,93668.06014705882,102265.70386062763,-0.7887269961979567,0.13886709207478296,1.0,136,0,35,23,0.7928352959391364,22,3.1272592428774235,23,40
B_312,V17,4009.11,2024-11-17 04:00:00,1,105661.17514285714,95526.67662806554,-1.0641111427700345,0.037942716914350964,0.0,105,0,34,22,0.81133103127491,22,3.1117403340736556,24,40
A_831,V1,36203.92,2024-11-18 00:00:00,0,86403.7311111111,33948.99747755859,-1.4786396123974344,0.41900390793930037,4.0,162,0,40,25,0.7296794294803981,26,3.3150090625697985,18,40
A_1262,V1,34627.79,2024-11-18 00:00:00,0,86403.7311111111,33948.99747755859,-1.5250646526656064,0.40076266142731026,0.0,162,0,40,25,0.7296794294803981,26,3.3150090625697985,18,40
D_65,V27,42623.84,2024-11-18 00:00:00,0,83207.86098360656,89047.01535564796,-0.4557543570344432,0.5122512133461069,42.0,61,0,40,25,0.7296794294803981,26,3.3150090625697985,28,40
A_797,V22,20238.22,2024-11-18 00:00:00,0,85951.16571428571,86159.38158415664,-0.7626816932107129,0.23545910486158117,3.0,91,0,40,25,0.7296794294803981,26,3.3150090625697985,29,40
B_399,V20,95851.1,2024-11-18 04:00:00,1,84574.58505376344,95035.94061676953,0.11865401887996797,1.1333187933499826,6.0,93,0,36,23,0.7597183766271912,22,3.2169622470402497,26,40
B_401,V21,500769.12,2024-11-18 17:00:00,1,99317.54854545454,98935.44463436803,4.057671295326609,5.042050325280538,3.0,110,0,37,25,0.7428315735192187,20,3.235558341155184,23,40
B_397,V19,59419.42,2024-11-18 23:00:00,1,75791.63586956522,77277.72834882235,-0.21185928158217052,0.7839735261649616,4.0,92,0,38,26,0.6386275005907092,21,3.4155976295520576,32,40
D_464,V3,95572.47,2024-11-19 00:00:00,0,83925.30547297298,30830.50022220062,0.37776833573088126,1.1387665578914048,5.0,148,0,44,29,0.6733391569019533,26,3.550583980697162,16,40
D_537,V37,30833.17,2024-11-19 00:00:00,0,72052.50544117647,51928.02541711314,-0.7937629314258746,0.4279204712,2.0,68,0,44,29,0.6733391569019533,26,3.550583980697162,25,40
A_1170,V31,45986.51,2024-11-19 00:00:00,0,67268.36175438597,41034.01405489689,-0.5186266471339569,0.6836174567540277,5.0,57,0,44,29,0.6733391569019533,26,3.550583980697162,18,40
D_751,V21,37120.88,2024-11-19 00:00:00,0,99317.54854545454,98935.44463436803,-0.6286527555675776,0.37375576409084454,0.0,110,0,44,29,0.6733391569019533,26,3.550583980697162,23,40
B_400,V20,2287.02,2024-11-19 00:00:00,1,84574.58505376344,95035.94061676953,-0.8658482114400426,0.027041137209351557,0.0,93,0,44,29,0.6733391569019533,26,3.550583980697162,26,40
A_1448,V12,63864.93,2024-11-19 00:00:00,0,101944.13491379311,108863.03469822774,-0.3497868237140858,0.6264637351650522,3.0,116,0,44,29,0.6733391569019533,26,3.550583980697162,18,40
A_593,V26,79694.72,2024-11-19 00:00:00,0,82902.77408450704,83596.62150892465,-0.03837494448528721,0.961291821513024,8.0,71,0,44,29,0.6733391569019533,26,3.550583980697162,30,40
A_533,V27,34086.24,2024-11-19 00:00:00,0,83207.86098360656,89047.01535564796,-0.5516307217788091,0.40964675633182285,1.0,61,0,44,29,0.6733391569019533,26,3.550583980697162,28,40
D_553,V33,34047.71,2024-11-19 00:00:00,0,88242.64793103449,64151.09930319075,-0.8447882223604642,0.3858375169010406,8.0,58,0,44,29,0.6733391569019533,26,3.550583980697162,32,40
A_734,V35,185275.26,2024-11-19 00:00:00,0,75008.17954545454,56348.584614378604,1.9568392776831376,2.470034482749218,14.0,66,0,44,29,0.6733391569019533,26,3.550583980697162,29,40
B_398,V21,121905.15,2024-11-19 23:00:00,1,99317.54854545454,98935.44463436803,0.2283041556427538,1.2274157424301098,0.0,110,0,41,25,0.7453938241302372,25,3.428605095526635,23,40
D_218,V28,129749.72,2024-11-20 00:00:00,0,87976.94703125,91319.31227399668,0.4574313417086806,1.4747982236265702,0.0,64,0,47,28,0.6989350754757874,29,3.554665457846615,26,40
A_1263,V9,28119.44,2024-11-20 00:00:00,0,188269.0858278146,100038.44686257221,-1.6008649672745385,0.14935691921719885,5.0,151,0,47,28,0.6989350754757874,29,3.554665457846615,4,40
D_189,V17,62632.86,2024-11-20 00:00:00,0,105661.17514285714,95526.67662806554,-0.4504277363552632,0.5927651963942561,2.0,105,0,47,28,0.6989350754757874,29,3.554665457846615,24,40
A_1088,V23,20683.38,2024-11-20 00:00:00,0,74902.77192307693,98110.10534391222,-0.5526325662423213,0.2761326895692379,7.0,52,0,47,28,0.6989350754757874,29,3.554665457846615,26,40
D_741,V5,45589.56,2024-11-20 00:00:00,0,144407.3437244898,59983.82205994232,-1.6473797926039029,0.31569893279143396,5.0,196,0,47,28,0.6989350754757874,29,3.554665457846615,3,40
A_178,V28,59950.2,2024-11-20 00:00:00,0,87976.94703125,91319.31227399668,-0.30690594823152595,0.6814230386474638,7.0,64,0,47,28,0.6989350754757874,29,3.554665457846615,26,40
D_863,V26,53080.66,2024-11-20 00:00:00,0,82902.77408450704,83596.62150892465,-0.35673400207113914,0.640268318133416,1.0,71,0,47,28,0.6989350754757874,29,3.554665457846615,30,40
A_1074,V15,32749.92,2024-11-20 00:00:00,0,101414.6991919192,81219.53730128995,-0.8454115359666385,0.32292751774085793,4.0,99,0,47,28,0.6989350754757874,29,3.554665457846615,31,40
D_580,V2,66328.26,2024-11-21 00:00:00,0,89201.08671052632,40922.37405936534,-0.5589183989899255,0.7435729638841836,16.0,152,0,51,28,0.733305856855958,33,3.61478664780275,20,40
A_688,V31,133804.62,2024-11-21 00:00:00,0,67268.36175438597,41034.01405489689,1.6214508457728662,1.9890871045952196,2.0,57,0,51,28,0.733305856855958,33,3.61478664780275,18,40
D_250,V8,50153.66,2024-11-21 00:00:00,0,179937.1240782123,101867.69807590247,-1.2740269241637947,0.2787272583668823,7.0,179,0,51,28,0.733305856855958,33,3.61478664780275,4,40
A_1341,V37,105560.93,2024-11-21 00:00:00,0,72052.50544117647,51928.02541711314,0.6452735110984938,1.4650353144328077,2.0,68,0,51,28,0.733305856855958,33,3.61478664780275,25,40
A_475,V15,34724.01,2024-11-21 00:00:00,0,101414.6991919192,81219.53730128995,-0.8211062301216765,0.3423928472285957,1.0,99,0,51,28,0.733305856855958,33,3.61478664780275,31,40
D_510,V10,85948.74,2024-11-21 00:00:00,0,184110.51882978724,99924.56226640988,-0.9823490266492546,0.4668297809191417,4.0,188,0,51,28,0.733305856855958,33,3.61478664780275,4,40
B_327,V21,253544.54,2024-11-21 01:00:00,1,99317.54854545454,98935.44463436803,1.558849138196855,2.5528417774245034,1.0,110,0,45,24,0.7402806874153646,31,3.45823929728263,23,40
A_33,V21,41800.86,2024-11-22 00:00:00,0,99317.54854545454,98935.44463436803,-0.5813498631168185,0.4208766701908581,0.0,110,0,53,28,0.661636235284551,36,3.64508208864075,23,40
D_462,V8,67669.17,2024-11-22 00:00:00,0,179937.1240782123,101867.69807590247,-1.1020849014342102,0.37606910901542334,0.0,179,0,53,28,0.661636235284551,36,3.64508208864075,4,40
D_445,V11,23903.4,2024-11-22 00:00:00,0,182570.8592121212,102941.535881061,-1.5413206781251663,0.13092598225791097,5.0,165,0,53,28,0.661636235284551,36,3.64508208864075,4,40
D_86,V11,78555.8,2024-11-22 00:00:00,0,182570.8592121212,102941.535881061,-1.0104186604874332,0.4302733199902944,0.0,165,0,53,28,0.661636235284551,36,3.64508208864075,4,40
A_1022,V16,39138.35,2024-11-22 00:00:00,0,96281.34727272727,92447.62699932391,-0.6181054184087036,0.40649559455730305,5.0,121,0,53,28,0.661636235284551,36,3.64508208864075,26,40
D_723,V38,113828.77,2024-11-22 00:00:00,0,71190.65382978723,52355.46745943829,0.8143810734222179,1.5989061059341905,19.0,47,0,53,28,0.661636235284551,36,3.64508208864075,25,40
D_35,V8,15293.14,2024-11-22 00:00:00,0,179937.1240782123,101867.69807590247,-1.6162372464555883,0.08499110501648138,1.0,179,0,53,28,0.661636235284551,36,3.64508208864075,4,40
B_392,V13,21415.77,2024-11-22 11:00:00,1,91248.5117,99126.94924086498,-0.7044707596070374,0.2346946257686111,7.0,100,0,47,27,0.7806461699368648,30,3.4734230808740247,24,40
B_165,V18,83855.91,2024-11-22 15:00:00,1,93668.06014705882,102265.70386062763,-0.09594667449565136,0.8952359495050731,5.0,136,0,46,27,0.7919152061416516,29,3.4573573430036513,23,40
B_329,V20,57980.57,2024-11-22 19:00:00,1,84574.58505376344,95035.94061676953,-0.2798281897667785,0.6855473711845164,3.0,93,0,45,27,0.7896783961493897,28,3.4263810877807024,26,40
B_328,V22,75990.31,2024-11-22 20:00:00,1,85951.16571428571,86159.38158415664,-0.11560830547804052,0.8841000033972384,4.0,91,0,44,26,0.7917541158147295,28,3.3980468328665374,29,40
A_373,V21,18122.44,2024-11-23 00:00:00,0,99317.54854545454,98935.44463436803,-0.8206794659492889,0.18246782967942798,1.0,110,0,49,28,0.7070565941227632,33,3.481484287321208,23,40
D_786,V30,71929.51,2024-11-23 00:00:00,0,73122.4169117647,57615.25065897187,-0.020704348133054797,0.9836727144027563,12.0,68,0,49,28,0.7070565941227632,33,3.481484287321208,29,40
A_513,V27,125142.33,2024-11-23 00:00:00,0,83207.86098360656,89047.01535564796,0.47091974873231923,1.5039543688100117,4.0,61,0,49,28,0.7070565941227632,33,3.481484287321208,28,40
A_727,V24,124923.66,2024-11-23 00:00:00,0,69961.0374137931,66357.40093125252,0.8282692442084059,1.7855920813331136,17.0,58,0,49,28,0.7070565941227632,33,3.481484287321208,31,40
B_391,V14,14583.09,2024-11-23 00:00:00,1,101404.49841584158,100941.99680096707,-0.860103337203575,0.14380965754142805,14.0,101,0,49,28,0.7070565941227632,33,3.481484287321208,21,40
A_1259,V4,158466.62,2024-11-23 00:00:00,0,81228.63022988506,33321.06049362434,2.317923580532879,1.9508474869518586,17.0,174,0,49,28,0.7070565941227632,33,3.481484287321208,16,40
A_445,V13,38683.93,2024-11-23 00:00:00,0,91248.5117,99126.94924086498,-0.5302700409172848,0.4239357480309673,0.0,100,0,49,28,0.7070565941227632,33,3.481484287321208,24,40
B_414,V13,30891.43,2024-11-23 05:00:00,1,91248.5117,99126.94924086498,-0.6088805645856952,0.33853803077392247,0.0,100,0,44,24,0.6809008160866721,31,3.35035814715194,24,40
B_393,V14,8621.98,2024-11-23 11:00:00,1,101404.49841584158,100941.99680096707,-0.9191575577925847,0.08502477809086015,0.0,101,0,45,24,0.7390511457438872,32,3.381163114676422,21,40
B_389,V15,50162.15,2024-11-23 12:00:00,1,101414.6991919192,81219.53730128995,-0.6310294279610139,0.49461918026195417,2.0,99,0,45,24,0.754414975169377,31,3.4031953469156178,31,40
B_166,V17,78587.29,2024-11-23 14:00:00,1,105661.17514285714,95526.67662806554,-0.28341404395574904,0.7437599111862744,3.0,105,0,44,24,0.7602974610057531,30,3.3763565195001,24,40
B_167,V16,249224.53,2024-11-23 15:00:00,1,96281.34727272727,92447.62699932391,1.6543586172284768,2.588475842763285,1.0,121,0,43,24,0.7606968591813694,29,3.3437353657041746,26,40
B_390,V15,313678.32,2024-11-23 19:00:00,1,101414.6991919192,81219.53730128995,2.6134230068028574,3.092995685080224,0.0,99,0,42,24,0.7195492100716387,28,3.326793293153986,31,40
B_415,V15,101486.49,2024-11-23 22:00:00,1,101414.6991919192,81219.53730128995,0.0008838996941685068,1.000698026130519,0.0,99,0,42,24,0.6519123178021003,28,3.3559703090758943,31,40
D_855,V25,72102.57,2024-11-24 00:00:00,0,84963.20919354838,94781.91364408535,-0.13568520632147607,0.8486228576052586,10.0,62,0,48,27,0.6312968400857247,33,3.511711610490121,26,40
D_776,V11,32983.14,2024-11-24 00:00:00,0,182570.8592121212,102941.535881061,-1.4531186543233565,0.18065840016274645,2.0,165,0,48,27,0.6312968400857247,33,3.511711610490121,4,40
A_557,V18,36587.65,2024-11-24 00:00:00,0,93668.06014705882,102265.70386062763,-0.5581524385967288,0.39060549921775684,1.0,136,0,48,27,0.6312968400857247,33,3.511711610490121,23,40
D_126,V17,16158.62,2024-11-24 00:00:00,0,105661.17514285714,95526.67662806554,-0.9369280014140086,0.15292719441137057,0.0,105,0,48,27,0.6312968400857247,33,3.511711610490121,24,40
A_1258,V32,55566.96,2024-11-24 00:00:00,0,67081.75597222222,63875.16720999454,-0.18026748433992656,0.828334483201753,21.0,72,0,48,27,0.6312968400857247,33,3.511711610490121,30,40
A_359,V21,101943.68,2024-11-24 00:00:00,0,99317.54854545454,98935.44463436803,0.026543620647079526,1.0264314319227492,1.0,110,0,48,27,0.6312968400857247,33,3.511711610490121,23,40
D_469,V39,16509.99,2024-11-24 00:00:00,0,59686.60327868852,62062.45272865382,-0.6956850026932917,0.2766066836845985,9.0,61,0,48,27,0.6312968400857247,33,3.511711610490121,26,40
B_412,V13,1365.31,2024-11-24 01:00:00,1,91248.5117,99126.94924086498,-0.9067392434559326,0.014962381437050472,0.0,100,0,41,24,0.6568645840814442,27,3.3391530268856116,24,40
B_291,V17,27318.31,2024-11-24 03:00:00,1,105661.17514285714,95526.67662806554,-0.8201064645158597,0.25854389201306105,0.0,105,0,40,24,0.6713659359835499,26,3.3365071894434415,24,40
B_288,V16,255167.97,2024-11-24 05:00:00,1,96281.34727272727,92447.62699932391,1.7186477277638175,2.6502051230348256,0.0,121,0,39,24,0.6824551778416446,24,3.3135463666882607,26,40
B_413,V15,24357.63,2024-11-24 15:00:00,1,101414.6991919192,81219.53730128995,-0.9487387273255008,0.24017612848978728,0.0,99,0,38,24,0.6330801906429534,23,3.3145299463897775,31,40
B_411,V13,19675.81,2024-11-24 19:00:00,1,91248.5117,99126.94924086498,-0.7220234277831153,0.2156264689359428,0.0,100,0,37,24,0.6437463060246108,22,3.291407500895607,24,40
D_563,V22,29865.87,2024-11-25 00:00:00,0,85951.16571428571,86159.38158415664,-0.6509406606968743,0.34747082579951943,2.0,91,0,41,25,0.654756313156721,27,3.4105129329874533,29,40
A_545,V28,90954.46,2024-11-25 00:00:00,0,87976.94703125,91319.31227399668,0.03260515535488202,1.033832489495268,5.0,64,0,41,25,0.654756313156721,27,3.4105129329874533,26,40
D_325,V5,106987.65,2024-11-25 00:00:00,0,144407.3437244898,59983.82205994232,-0.6238193669574716,0.7408688946957036,5.0,196,0,41,25,0.654756313156721,27,3.4105129329874533,3,40
A_399,V19,76935.32,2024-11-25 00:00:00,0,75791.63586956522,77277.72834882235,0.014799468817245613,1.0150764532375056,6.0,92,0,41,25,0.654756313156721,27,3.4105129329874533,32,40
A_187,V8,81864.69,2024-11-25 00:00:00,0,179937.1240782123,101867.69807590247,-0.9627337536515724,0.4549602282416622,3.0,179,0,41,25,0.654756313156721,27,3.4105129329874533,4,40
A_245,V40,68073.24,2024-11-25 00:00:00,0,57973.75227272727,46945.974214180664,0.21512542387070624,1.1741876822477308,9.0,66,0,41,25,0.654756313156721,27,3.4105129329874533,19,40
D_621,V34,65053.18,2024-11-25 00:00:00,0,87031.30054545455,69584.65178653522,-0.31584270580486684,0.7474601911278277,10.0,55,0,41,25,0.654756313156721,27,3.4105129329874533,32,40
B_290,V16,28210.54,2024-11-25 07:00:00,1,96281.34727272727,92447.62699932391,-0.736309553555891,0.29299804999655277,1.0,121,0,34,21,0.6398444405228577,22,3.164171917174496,26,40
B_289,V18,26613.05,2024-11-25 22:00:00,1,93668.06014705882,102265.70386062763,-0.6556876052096442,0.28411782885637976,1.0,136,0,33,21,0.6503317649908215,21,3.135037964973726,23,40
D_347,V32,31226.56,2024-11-26 00:00:00,0,67081.75597222222,63875.16720999454,-0.5613235348693879,0.4654930994923698,2.0,72,0,40,22,0.7629207735413737,30,3.349664553828341,30,40
D_323,V11,57645.3,2024-11-26 00:00:00,0,182570.8592121212,102941.535881061,-1.2135465494696887,0.3157403350591111,2.0,165,0,40,22,0.7629207735413737,30,3.349664553828341,4,40
A_1398,V2,33286.84,2024-11-26 00:00:00,0,89201.08671052632,40922.37405936534,-1.366315656900981,0.3731621224066272,5.0,152,0,40,22,0.7629207735413737,30,3.349664553828341,20,40
A_3,V35,74849.26,2024-11-26 00:00:00,0,75008.17954545454,56348.584614378604,-0.002820243424012561,0.9978680003377769,7.0,66,0,40,22,0.7629207735413737,30,3.349664553828341,29,40
A_63,V1,85758.22,2024-11-26 00:00:00,0,86403.7311111111,33948.99747755859,-0.019013583477813078,0.9925176422309592,8.0,162,0,40,22,0.7629207735413737,30,3.349664553828341,18,40
A_1178,V15,27909.45,2024-11-26 00:00:00,0,101414.6991919192,81219.53730128995,-0.9050081621505326,0.27519851682118884,1.0,99,0,40,22,0.7629207735413737,30,3.349664553828341,31,40
A_830,V31,25483.28,2024-11-26 00:00:00,0,67268.36175438597,41034.01405489689,-1.0182787240790423,0.3788244653345248,5.0,57,0,40,22,0.7629207735413737,30,3.349664553828341,18,40
B_460,V14,328034.64,2024-11-26 02:00:00,1,101404.49841584158,100941.99680096707,2.2451299125883217,3.234880209895546,2.0,101,0,33,20,0.81869132051804,22,3.1420073679361313,21,40
D_932,V12,39684.31,2024-11-27 00:00:00,0,101944.13491379311,108863.03469822774,-0.57190444104316,0.3892712490258398,8.0,116,0,40,23,0.6546548084829507,28,3.392397998728712,18,40
A_668,V19,23358.59,2024-11-27 00:00:00,0,75791.63586956522,77277.72834882235,-0.6784926070844727,0.3081907593265234,2.0,92,0,40,23,0.6546548084829507,28,3.392397998728712,32,40
A_1163,V10,27269.9,2024-11-27 00:00:00,0,184110.51882978724,99924.56226640988,-1.569574544015445,0.14811620790120836,6.0,188,0,40,23,0.6546548084829507,28,3.392397998728712,4,40
D_993,V28,9070.15,2024-11-27 00:00:00,0,87976.94703125,91319.31227399668,-0.8640662199500451,0.10309572234935487,2.0,64,0,40,23,0.6546548084829507,28,3.392397998728712,26,40
D_382,V10,30351.67,2024-11-27 00:00:00,0,184110.51882978724,99924.56226640988,-1.5387338869292857,0.1648548129574684,0.0,188,0,40,23,0.6546548084829507,28,3.392397998728712,4,40
A_1175,V16,42461.11,2024-11-27 00:00:00,0,96281.34727272727,92447.62699932391,-0.5821637272462777,0.4410061782117296,1.0,121,0,40,23,0.6546548084829507,28,3.392397998728712,26,40
B_458,V13,130273.88,2024-11-27 01:00:00,1,91248.5117,99126.94924086498,0.39368683200713284,1.4276665986805495,2.0,100,0,34,21,0.7479098267266165,22,3.251601634536032,24,40
B_459,V15,16752.66,2024-11-27 03:00:00,1,101414.6991919192,81219.53730128995,-1.0423723113017942,0.1651880343328033,1.0,99,0,33,20,0.7284554473630374,22,3.214765472745127,31,40
B_467,V18,231118.4,2024-11-27 10:00:00,1,93668.06014705882,102265.70386062763,1.3440380364684767,2.467393178037103,1.0,136,0,32,19,0.7469600854798567,22,3.1950510771797505,23,40
B_465,V17,140157.54,2024-11-27 11:00:00,1,105661.17514285714,95526.67662806554,0.3611138266395145,1.3264684340494082,3.0,105,0,31,19,0.6931226797786132,21,3.189108718480151,24,40
B_466,V18,73274.36,2024-11-27 12:00:00,1,93668.06014705882,102265.70386062763,-0.199416812874423,0.7822685514828537,0.0,136,0,30,18,0.6699476455509212,21,3.1549747187335733,23,40
B_469,V18,19353.23,2024-11-27 22:00:00,1,93668.06014705882,102265.70386062763,-0.7266766928201526,0.20661283426582652,0.0,136,0,29,18,0.6661818143498063,19,3.111699217416148,23,40
B_468,V16,50337.17,2024-11-27 23:00:00,1,96281.34727272727,92447.62699932391,-0.49696981733501866,0.5228078814636293,0.0,121,0,28,17,0.6821231949577168,19,3.085965034906007,26,40
D_931,V29,88295.98,2024-11-28 00:00:00,0,74548.44014492753,60050.95281301047,0.22892744050937858,1.1843949441920498,13.0,69,0,31,18,0.6553597400835877,22,3.1839576546634203,30,40
A_353,V37,32435.57,2024-11-28 00:00:00,0,72052.50544117647,51928.02541711314,-0.762905429534997,0.450159500240831,7.0,68,0,31,18,0.6553597400835877,22,3.1839576546634203,25,40
D_313,V31,37526.95,2024-11-28 00:00:00,0,67268.36175438597,41034.01405489689,-0.7247813224725044,0.557860949194352,2.0,57,0,31,18,0.6553597400835877,22,3.1839576546634203,18,40
A_1399,V36,79377.89,2024-11-28 00:00:00,0,77526.48523809524,111324.58196102447,0.01663054195892681,1.0238677258293878,12.0,63,0,31,18,0.6553597400835877,22,3.1839576546634203,20,40
D_914,V8,49820.04,2024-11-28 00:00:00,0,179937.1240782123,101867.69807590247,-1.2773019242992771,0.27687317657232613,3.0,179,0,31,18,0.6553597400835877,22,3.1839576546634203,4,40
D_435,V28,25532.52,2024-11-28 00:00:00,0,87976.94703125,91319.31227399668,-0.6837955924186098,0.2902150011630844,1.0,64,0,31,18,0.6553597400835877,22,3.1839576546634203,26,40
D_76,V36,65619.23,2024-11-29 00:00:00,0,77526.48523809524,111324.58196102447,-0.10695884116073176,0.846399567823931,1.0,63,0,29,18,0.628088132891057,18,3.0831593385322424,20,40
A_854,V37,16954.93,2024-11-29 00:00:00,0,72052.50544117647,51928.02541711314,-1.0610169360701913,0.2353102725007846,1.0,68,0,29,18,0.628088132891057,18,3.0831593385322424,25,40
D_866,V31,68578.17,2024-11-29 00:00:00,0,67268.36175438597,41034.01405489689,0.03191928346513434,1.0194562310609212,1.0,57,0,29,18,0.628088132891057,18,3.0831593385322424,18,40
D_240,V38,62976.84,2024-11-29 00:00:00,0,71190.65382978723,52355.46745943829,-0.15688250618036173,0.8846098750644548,7.0,47,0,29,18,0.628088132891057,18,3.0831593385322424,25,40
A_1118,V32,19448.71,2024-11-29 00:00:00,0,67081.75597222222,63875.16720999454,-0.7457092066220466,0.289921153627817,3.0,72,0,29,18,0.628088132891057,18,3.0831593385322424,30,40
A_677,V10,208267.89,2024-11-30 00:00:00,0,184110.51882978724,99924.56226640988,0.2417536676531998,1.1312051050567105,3.0,188,0,37,22,0.766042276160239,26,3.26165891784454,4,40
A_1301,V32,103520.8,2024-11-30 00:00:00,0,67081.75597222222,63875.16720999454,0.5704638462101755,1.5431804865450987,1.0,72,0,37,22,0.766042276160239,26,3.26165891784454,30,40
D_522,V39,90661.78,2024-11-30 00:00:00,0,59686.60327868852,62062.45272865382,0.4990888414915833,1.5189381884993667,6.0,61,0,37,22,0.766042276160239,26,3.26165891784454,26,40
D_599,V1,68577.45,2024-11-30 00:00:00,0,86403.7311111111,33948.99747755859,-0.5250745930951696,0.7936770257616295,4.0,162,0,37,22,0.766042276160239,26,3.26165891784454,18,40
A_284,V38,14465.74,2024-11-30 00:00:00,0,71190.65382978723,52355.46745943829,-1.083436614086565,0.2031943243597946,1.0,47,0,37,22,0.766042276160239,26,3.26165891784454,25,40
A_511,V2,65755.16,2024-11-30 00:00:00,0,89201.08671052632,40922.37405936534,-0.5729226206156551,0.7371482262896496,4.0,152,0,37,22,0.766042276160239,26,3.26165891784454,20,40
A_591,V37,72788.63,2024-11-30 00:00:00,0,72052.50544117647,51928.02541711314,0.014175589719058036,1.0102024815353874,0.0,68,0,37,22,0.766042276160239,26,3.26165891784454,25,40
D_839,V37,225030.92,2024-11-30 00:00:00,0,72052.50544117647,51928.02541711314,2.9459134526412605,3.1231085652551944,1.0,68,0,37,22,0.766042276160239,26,3.26165891784454,25,40
D_529,V5,133463.14,2024-12-01 00:00:00,0,144407.3437244898,59983.82205994232,-0.18244954888010387,0.9242065697715387,6.0,196,0,35,20,0.6949282339678481,26,3.1743201909984218,3,40
D_907,V3,24999.82,2024-12-01 00:00:00,0,83925.30547297298,30830.50022220062,-1.9112104519177087,0.2978782380460053,0.0,148,0,35,20,0.6949282339678481,26,3.1743201909984218,16,40
D_133,V8,50336.59,2024-12-01 00:00:00,0,179937.1240782123,101867.69807590247,-1.2722311811784108,0.2797438856154829,0.0,179,0,35,20,0.6949282339678481,26,3.1743201909984218,4,40
D_648,V8,68331.67,2024-12-01 00:00:00,0,179937.1240782123,101867.69807590247,-1.0955814316489543,0.3797509302158713,3.0,179,0,35,20,0.6949282339678481,26,3.1743201909984218,4,40
D_481,V6,25575.84,2024-12-01 00:00:00,0,144506.03180487806,76560.92735485801,-1.5533855522425233,0.17698681981465103,20.0,205,0,35,20,0.6949282339678481,26,3.1743201909984218,9,40
D_770,V3,27834.44,2024-12-01 00:00:00,0,83925.30547297298,30830.50022220062,-1.819271364310194,0.33165334567197885,12.0,148,0,35,20,0.6949282339678481,26,3.1743201909984218,16,40
D_266,V16,16623.47,2024-12-01 00:00:00,0,96281.34727272727,92447.62699932391,-0.8616447843331391,0.1726533520512615,3.0,121,0,35,20,0.6949282339678481,26,3.1743201909984218,26,40
D_153,V23,48809.26,2024-12-01 00:00:00,0,74902.77192307693,98110.10534391222,-0.2659588008066003,0.6516261964767954,11.0,52,0,35,20,0.6949282339678481,26,3.1743201909984218,26,40
A_608,V5,24435.37,2024-12-02 00:00:00,0,144407.3437244898,59983.82205994232,-2.0000388365677377,0.16921023654020398,1.0,196,0,35,21,0.7913793229430567,25,3.1024739173737093,3,40
D_177,V18,17893.66,2024-12-02 00:00:00,0,93668.06014705882,102265.70386062763,-0.7409488845003415,0.19103063457567804,4.0,136,0,35,21,0.7913793229430567,25,3.1024739173737093,23,40
A_424,V16,63252.27,2024-12-02 00:00:00,0,96281.34727272727,92447.62699932391,-0.35726952735565043,0.6569456581779524,1.0,121,0,35,21,0.7913793229430567,25,3.1024739173737093,26,40
A_492,V16,91610.1,2024-12-02 00:00:00,0,96281.34727272727,92447.62699932391,-0.05052803296647586,0.9514734797699441,0.0,121,0,35,21,0.7913793229430567,25,3.1024739173737093,26,40
A_111,V19,36313.83,2024-12-03 00:00:00,0,75791.63586956522,77277.72834882235,-0.5108495793482711,0.4791208220082756,6.0,92,0,42,27,0.917600766352328,27,3.31099644443858,32,40
D_253,V26,22373.74,2024-12-03 00:00:00,0,82902.77408450704,83596.62150892465,-0.7240521080859353,0.26987601284826407,13.0,71,0,42,27,0.917600766352328,27,3.31099644443858,30,40
A_28,V5,29544.13,2024-12-03 00:00:00,0,144407.3437244898,59983.82205994232,-1.9148712921029916,0.20458741675180434,1.0,196,0,42,27,0.917600766352328,27,3.31099644443858,3,40
A_553,V37,26330.96,2024-12-03 00:00:00,0,72052.50544117647,51928.02541711314,-0.8804622284728841,0.36543621075446836,3.0,68,0,42,27,0.917600766352328,27,3.31099644443858,25,40
B_12,V15,126665.3,2024-12-03 01:00:00,1,101414.6991919192,81219.53730128995,0.3108893593551711,1.2489713230719677,5.0,99,0,38,26,0.9800601434333052,22,3.2307633773298097,31,40
B_15,V14,73936.01,2024-12-03 04:00:00,1,101404.49841584158,100941.99680096707,-0.2721188124620689,0.7291124362586803,7.0,101,0,37,25,0.9724331862601058,22,3.1907054498107317,21,40
B_13,V12,313680.05,2024-12-03 05:00:00,1,101944.13491379311,108863.03469822774,1.9449574478214138,3.0769496775422804,6.0,116,0,36,25,0.9795345049688445,20,3.154873135747601,18,40
B_11,V14,53677.52,2024-12-03 09:00:00,1,101404.49841584158,100941.99680096707,-0.47281118976432385,0.5293353993476797,0.0,101,0,35,24,0.9161326784978221,20,3.1364264428439266,21,40
A_1497,V22,46633.74,2024-12-04 00:00:00,0,85951.16571428571,86159.38158415664,-0.4563283610331119,0.5425545663970305,9.0,91,0,43,27,0.955517339567379,27,3.356509560419713,29,40
A_1494,V22,97428.73,2024-12-04 00:00:00,0,85951.16571428571,86159.38158415664,0.13321162319254168,1.1335226889321628,0.0,91,0,43,27,0.955517339567379,27,3.356509560419713,29,40
D_3,V8,24229.1,2024-12-04 00:00:00,0,179937.1240782123,101867.69807590247,-1.5285168753427485,0.13465239856267772,3.0,179,0,43,27,0.955517339567379,27,3.356509560419713,4,40
D_647,V29,246409.56,2024-12-04 00:00:00,0,74548.44014492753,60050.95281301047,2.861873957541613,3.3053173775814884,6.0,69,0,43,27,0.955517339567379,27,3.356509560419713,30,40
A_223,V18,70434.25,2024-12-04 00:00:00,0,93668.06014705882,102265.70386062763,-0.2271884129434992,0.7519478671977645,2.0,136,0,43,27,0.955517339567379,27,3.356509560419713,23,40
A_1499,V28,217452.42,2024-12-04 00:00:00,0,87976.94703125,91319.31227399668,1.417816800497494,2.4716696324223197,6.0,64,0,43,27,0.955517339567379,27,3.356509560419713,26,40
D_333,V10,14721.85,2024-12-04 00:00:00,0,184110.51882978724,99924.56226640988,-1.6951485184359827,0.0799615911789337,4.0,188,0,43,27,0.955517339567379,27,3.356509560419713,4,40
D_73,V26,10541.93,2024-12-04 00:00:00,0,82902.77408450704,83596.62150892465,-0.8655849625671704,0.12715862596622202,1.0,71,0,43,27,0.955517339567379,27,3.356509560419713,30,40
A_739,V23,97813.8,2024-12-04 00:00:00,0,74902.77192307693,98110.10534391222,0.23352125120405343,1.3058594712753682,3.0,52,0,43,27,0.955517339567379,27,3.356509560419713,26,40
B_14,V13,24953.6,2024-12-04 16:00:00,1,91248.5117,99126.94924086498,-0.6687812287825508,0.2734655729670058,7.0,100,0,34,21,0.9818006675369505,22,3.1141791881237615,24,40
A_18,V19,39322.53,2024-12-05 00:00:00,0,75791.63586956522,77277.72834882235,-0.47191648528363717,0.5188172907414359,2.0,92,0,39,24,0.9552519930521038,26,3.2736669288793476,32,40
D_499,V3,23703.35,2024-12-05 00:00:00,0,83925.30547297298,30830.50022220062,-1.953260627571064,0.28243051885124687,4.0,148,0,39,24,0.9552519930521038,26,3.2736669288793476,16,40
A_622,V25,188467.14,2024-12-05 00:00:00,0,84963.20919354838,94781.91364408535,1.0920104355001594,2.2181944819926716,11.0,62,0,39,24,0.9552519930521038,26,3.2736669288793476,26,40
A_1489,V37,27719.52,2024-12-05 00:00:00,0,72052.50544117647,51928.02541711314,-0.8537226548173691,0.3847074452558016,2.0,68,0,39,24,0.9552519930521038,26,3.2736669288793476,25,40
A_1325,V20,125610.26,2024-12-05 00:00:00,0,84574.58505376344,95035.94061676953,0.43178657351471705,1.485183459507273,12.0,93,0,39,24,0.9552519930521038,26,3.2736669288793476,26,40
B_145,V18,29337.86,2024-12-05 22:00:00,1,93668.06014705882,102265.70386062763,-0.6290434493198304,0.31320758374152646,1.0,136,0,34,23,0.9485949006009127,19,3.1271153845205357,23,40
B_146,V17,336802.9,2024-12-05 23:00:00,1,105661.17514285714,95526.67662806554,2.4196309699553042,3.187544639741104,8.0,105,0,33,23,0.9675974790497543,17,3.1027648297523878,24,40
D_994,V40,40381.8,2024-12-06 00:00:00,0,57973.75227272727,46945.974214180664,-0.3747196186163047,0.6965411393227562,0.0,66,0,39,25,0.829032963893676,25,3.318278042482036,19,40
D_735,V8,39575.82,2024-12-06 00:00:00,0,179937.1240782123,101867.69807590247,-1.3778649057989232,0.21994127260545346,2.0,179,0,39,25,0.829032963893676,25,3.318278042482036,4,40
D_654,V40,25303.83,2024-12-06 00:00:00,0,57973.75227272727,46945.974214180664,-0.6958898378345135,0.4364629258088876,11.0,66,0,39,25,0.829032963893676,25,3.318278042482036,19,40
A_1236,V19,25319.12,2024-12-06 00:00:00,0,75791.63586956522,77277.72834882235,-0.6531230126062805,0.3340577842360932,0.0,92,0,39,25,0.829032963893676,25,3.318278042482036,32,40
A_829,V19,26314.02,2024-12-06 00:00:00,0,75791.63586956522,77277.72834882235,-0.6402488359569287,0.34718438932886464,1.0,92,0,39,25,0.829032963893676,25,3.318278042482036,32,40
D_204,V25,21599.37,2024-12-06 00:00:00,0,84963.20919354838,94781.91364408535,-0.668515418627906,0.2542172781340983,1.0,62,0,39,25,0.829032963893676,25,3.318278042482036,26,40
B_143,V18,134212.89,2024-12-06 20:00:00,1,93668.06014705882,102265.70386062763,0.3964616861827971,1.4328412155442585,0.0,136,0,33,22,0.9105478106363534,19,3.1800664953246334,23,40
B_144,V16,8793.31,2024-12-06 22:00:00,1,96281.34727272727,92447.62699932391,-0.9463422022845952,0.0913283717013282,4.0,121,0,32,21,0.8949253468256138,19,3.1378105084679557,26,40
D_635,V20,276410.88,2024-12-07 00:00:00,0,84574.58505376344,95035.94061676953,2.0185445122839583,3.268211267167584,2.0,93,0,38,23,0.8865771780179388,25,3.337506418302449,26,40
D_257,V24,50584.43,2024-12-07 00:00:00,0,69961.0374137931,66357.40093125252,-0.2919993119464606,0.7230268281184621,14.0,58,0,38,23,0.8865771780179388,25,3.337506418302449,31,40
D_922,V11,57556.58,2024-12-07 00:00:00,0,182570.8592121212,102941.535881061,-1.2144083895170574,0.31525438941347395,11.0,165,0,38,23,0.8865771780179388,25,3.337506418302449,4,40
A_224,V32,125804.54,2024-12-07 00:00:00,0,67081.75597222222,63875.16720999454,0.9193222854891263,1.8753633206735487,7.0,72,0,38,23,0.8865771780179388,25,3.337506418302449,30,40
A_426,V6,294683.19,2024-12-07 00:00:00,0,144506.03180487806,76560.92735485801,1.9615122474524918,2.039230799494233,6.0,205,0,38,23,0.8865771780179388,25,3.337506418302449,9,40
A_835,V4,41301.11,2024-12-07 00:00:00,0,81228.63022988506,33321.06049362434,-1.198230830819258,0.5084488244390035,14.0,174,0,38,23,0.8865771780179388,25,3.337506418302449,16,40
A_145,V17,50727.68,2024-12-07 00:00:00,0,105661.17514285714,95526.67662806554,-0.5750531896294226,0.48009308848142934,1.0,105,0,38,23,0.8865771780179388,25,3.337506418302449,24,40
A_463,V35,46504.7,2024-12-07 00:00:00,0,75008.17954545454,56348.584614378604,-0.505833001973565,0.6199867840417956,11.0,66,0,38,23,0.8865771780179388,25,3.337506418302449,29,40
A_206,V16,149318.24,2024-12-07 00:00:00,0,96281.34727272727,92447.62699932391,0.5736904316346481,1.5508371392010667,0.0,121,0,38,23,0.8865771780179388,25,3.337506418302449,26,40
A_895,V16,104783.28,2024-12-08 00:00:00,0,96281.34727272727,92447.62699932391,0.09196386147881785,1.0882917062999427,0.0,121,0,33,22,0.7387711206587276,18,3.207748880549768,26,40
A_1225,V16,65272.78,2024-12-08 00:00:00,0,96281.34727272727,92447.62699932391,-0.3354140378196644,0.6779309172335584,0.0,121,0,33,22,0.7387711206587276,18,3.207748880549768,26,40
A_755,V16,19072.32,2024-12-08 00:00:00,0,96281.34727272727,92447.62699932391,-0.8351560188480887,0.19808740169136263,1.0,121,0,33,22,0.7387711206587276,18,3.207748880549768,26,40
A_79,V2,335799.48,2024-12-08 00:00:00,0,89201.08671052632,40922.37405936534,6.025856835063175,3.7644800966340384,8.0,152,0,33,22,0.7387711206587276,18,3.207748880549768,20,40
D_443,V14,99956.34,2024-12-08 00:00:00,0,101404.49841584158,100941.99680096707,-0.01434629901762244,0.9857092718000467,4.0,101,0,33,22,0.7387711206587276,18,3.207748880549768,21,40
D_970,V3,80876.46,2024-12-08 00:00:00,0,83925.30547297298,30830.50022220062,-0.09888735387509981,0.9636604345230576,3.0,148,0,33,22,0.7387711206587276,18,3.207748880549768,16,40
A_1337,V33,77310.71,2024-12-08 00:00:00,0,88242.64793103449,64151.09930319075,-0.17040655021075446,0.8761051000568454,19.0,58,0,33,22,0.7387711206587276,18,3.207748880549768,32,40
D_966,V30,37304.33,2024-12-08 00:00:00,0,73122.4169117647,57615.25065897187,-0.6216663962355069,0.5101557281576946,15.0,68,0,33,22,0.7387711206587276,18,3.207748880549768,29,40
D_974,V35,33405.83,2024-12-08 00:00:00,0,75008.17954545454,56348.584614378604,-0.7382902612353766,0.4453565577231321,1.0,66,0,33,22,0.7387711206587276,18,3.207748880549768,29,40
D_729,V36,20487.0,2024-12-09 00:00:00,0,77526.48523809524,111324.58196102447,-0.5123663782693271,0.26425466964499394,10.0,63,0,29,20,0.7785026616209982,15,3.070917464847823,20,40
A_1109,V6,160845.02,2024-12-09 00:00:00,0,144506.03180487806,76560.92735485801,0.2134087889322863,1.113060160402315,2.0,205,0,29,20,0.7785026616209982,15,3.070917464847823,9,40
A_1157,V7,108836.18,2024-12-09 00:00:00,0,144842.31624309393,63932.34127505827,-0.5631824573063676,0.7514062976667676,26.0,181,0,29,20,0.7785026616209982,15,3.070917464847823,3,40
A_6,V33,42709.08,2024-12-09 00:00:00,0,88242.64793103449,64151.09930319075,-0.7097751815702432,0.4839904174562077,1.0,58,0,29,20,0.7785026616209982,15,3.070917464847823,32,40
D_781,V23,72963.07,2024-12-09 00:00:00,0,74902.77192307693,98110.10534391222,-0.019770462439268402,0.9740907317048073,5.0,52,0,29,20,0.7785026616209982,15,3.070917464847823,26,40
A_626,V31,19653.62,2024-12-09 00:00:00,0,67268.36175438597,41034.01405489689,-1.16034422921573,0.2921630217298528,10.0,57,0,29,20,0.7785026616209982,15,3.070917464847823,18,40
D_357,V24,102756.3,2024-12-10 00:00:00,0,69961.0374137931,66357.40093125252,0.4942141782497574,1.4687436758344243,3.0,58,0,35,21,0.7417391537157577,22,3.2462355264162115,31,40
A_32,V36,33176.8,2024-12-10 00:00:00,0,77526.48523809524,111324.58196102447,-0.3983782025376902,0.4279359751978345,1.0,63,0,35,21,0.7417391537157577,22,3.2462355264162115,20,40
A_784,V28,81217.75,2024-12-10 00:00:00,0,87976.94703125,91319.31227399668,-0.07401635915315061,0.9231603230199409,0.0,64,0,35,21,0.7417391537157577,22,3.2462355264162115,26,40
D_846,V7,61763.99,2024-12-10 00:00:00,0,144842.31624309393,63932.34127505827,-1.2994522824275496,0.42641933091576034,1.0,181,0,35,21,0.7417391537157577,22,3.2462355264162115,3,40
A_1021,V8,91818.3,2024-12-10 00:00:00,0,179937.1240782123,101867.69807590247,-0.865023562120671,0.5102770770250448,4.0,179,0,35,21,0.7417391537157577,22,3.2462355264162115,4,40
D_0,V27,39068.11,2024-12-10 00:00:00,0,83207.86098360656,89047.01535564796,-0.4956848370771348,0.4695186250379876,17.0,61,0,35,21,0.7417391537157577,22,3.2462355264162115,28,40
D_281,V28,11806.01,2024-12-10 00:00:00,0,87976.94703125,91319.31227399668,-0.8341072772802987,0.13419283352686637,6.0,64,0,35,21,0.7417391537157577,22,3.2462355264162115,26,40
A_92,V30,197723.22,2024-12-11 00:00:00,0,73122.4169117647,57615.25065897187,2.1625982541929383,2.7039658203962933,3.0,68,0,32,21,0.78129566316187,18,3.153600032470017,29,40
D_588,V13,84052.17,2024-12-11 00:00:00,0,91248.5117,99126.94924086498,-0.0725964952882668,0.9211246003851218,6.0,100,0,32,21,0.78129566316187,18,3.153600032470017,24,40
A_98,V28,105816.53,2024-12-11 00:00:00,0,87976.94703125,91319.31227399668,0.19535175170255947,1.2027619826411007,1.0,64,0,32,21,0.78129566316187,18,3.153600032470017,26,40
A_228,V6,14386.52,2024-12-11 00:00:00,0,144506.03180487806,76560.92735485801,-1.699532865751736,0.09955584735437324,2.0,205,0,32,21,0.78129566316187,18,3.153600032470017,9,40
A_1353,V12,58152.46,2024-12-11 00:00:00,0,101944.13491379311,108863.03469822774,-0.4022602601050393,0.5704289866228036,7.0,116,0,32,21,0.78129566316187,18,3.153600032470017,18,40
D_201,V7,27224.79,2024-12-11 00:00:00,0,144842.31624309393,63932.34127505827,-1.8396899629736536,0.1879602780863426,1.0,181,0,32,21,0.78129566316187,18,3.153600032470017,3,40
A_302,V20,55552.22,2024-12-11 00:00:00,0,84574.58505376344,95035.94061676953,-0.30537983299351246,0.6568351843464787,4.0,93,0,32,21,0.78129566316187,18,3.153600032470017,26,40
D_286,V26,23077.63,2024-12-12 00:00:00,0,82902.77408450704,83596.62150892465,-0.715632131688343,0.2783664586424748,8.0,71,0,31,20,0.7278013854213911,20,3.1424063355007705,30,40
A_417,V10,92938.94,2024-12-12 00:00:00,0,184110.51882978724,99924.56226640988,-0.9123949544233357,0.5047969871234558,8.0,188,0,31,20,0.7278013854213911,20,3.1424063355007705,4,40
A_282,V40,17825.56,2024-12-12 00:00:00,0,57973.75227272727,46945.974214180664,-0.8551816798578732,0.3074710852776783,6.0,66,0,31,20,0.7278013854213911,20,3.1424063355007705,19,40
D_111,V28,37886.83,2024-12-12 00:00:00,0,87976.94703125,91319.31227399668,-0.5485101373827987,0.43064007832033746,1.0,64,0,31,20,0.7278013854213911,20,3.1424063355007705,26,40
D_835,V21,42273.23,2024-12-13 00:00:00,0,99317.54854545454,98935.44463436803,-0.5765753838867864,0.4256327807756178,19.0,110,0,30,19,0.7339043691069743,20,3.1315932934759303,23,40
D_665,V30,182066.8,2024-12-13 00:00:00,0,73122.4169117647,57615.25065897187,1.8908620717629208,2.4898562962353528,2.0,68,0,30,19,0.7339043691069743,20,3.1315932934759303,29,40
D_55,V2,43571.86,2024-12-13 00:00:00,0,89201.08671052632,40922.37405936534,-1.1149918050338286,0.4884623399158474,5.0,152,0,30,19,0.7339043691069743,20,3.1315932934759303,20,40
D_461,V32,306051.36,2024-12-13 00:00:00,0,67081.75597222222,63875.16720999454,3.7411387449431497,4.562295564104886,6.0,72,0,30,19,0.7339043691069743,20,3.1315932934759303,30,40
A_234,V27,107809.37,2024-12-13 00:00:00,0,83207.86098360656,89047.01535564796,0.2762724011100946,1.2956477077752586,3.0,61,0,30,19,0.7339043691069743,20,3.1315932934759303,28,40
A_618,V30,82615.31,2024-12-14 00:00:00,0,73122.4169117647,57615.25065897187,0.16476068782092973,1.1298064763533795,1.0,68,0,33,21,0.7994907302957469,22,3.102313853710414,29,40
A_1309,V5,131231.93,2024-12-14 00:00:00,0,144407.3437244898,59983.82205994232,-0.21964579158580685,0.9087558697464982,11.0,196,0,33,21,0.7994907302957469,22,3.102313853710414,3,40
A_110,V32,73508.09,2024-12-14 00:00:00,0,67081.75597222222,63875.16720999454,0.10060613071305667,1.0957822011731062,0.0,72,0,33,21,0.7994907302957469,22,3.102313853710414,30,40
A_990,V37,123386.23,2024-12-14 00:00:00,0,72052.50544117647,51928.02541711314,0.9885362597601642,1.7124250825066503,9.0,68,0,33,21,0.7994907302957469,22,3.102313853710414,25,40
D_981,V21,12113.13,2024-12-14 00:00:00,0,99317.54854545454,98935.44463436803,-0.8814185598414147,0.12196241464862179,1.0,110,0,33,21,0.7994907302957469,22,3.102313853710414,23,40
D_476,V25,36916.96,2024-12-14 00:00:00,0,84963.20919354838,94781.91364408535,-0.5069083376563468,0.4345001307068392,8.0,62,0,33,21,0.7994907302957469,22,3.102313853710414,26,40
A_568,V39,5236.63,2024-12-14 00:00:00,0,59686.60327868852,62062.45272865382,-0.8773274912169,0.08773396337510071,14.0,61,0,33,21,0.7994907302957469,22,3.102313853710414,26,40
A_521,V7,15785.41,2024-12-14 00:00:00,0,144842.31624309393,63932.34127505827,-2.0186166352209987,0.10898266077743606,3.0,181,0,33,21,0.7994907302957469,22,3.102313853710414,3,40
A_90,V7,61063.5,2024-12-14 00:00:00,0,144842.31624309393,63932.34127505827,-1.310408850409603,0.42158313951826193,0.0,181,0,33,21,0.7994907302957469,22,3.102313853710414,3,40
D_969,V40,11307.71,2024-12-14 00:00:00,0,57973.75227272727,46945.974214180664,-0.9940159734220202,0.19504542161397764,2.0,66,0,33,21,0.7994907302957469,22,3.102313853710414,19,40
A_857,V20,54129.72,2024-12-14 00:00:00,0,84574.58505376344,95035.94061676953,-0.3203476969711224,0.6400159096220327,3.0,93,0,33,21,0.7994907302957469,22,3.102313853710414,26,40
D_90,V32,85093.99,2024-12-14 00:00:00,0,67081.75597222222,63875.16720999454,0.2819867693151047,1.2684927559511108,1.0,72,0,33,21,0.7994907302957469,22,3.102313853710414,30,40
A_975,V20,104888.76,2024-12-15 00:00:00,0,84574.58505376344,95035.94061676953,0.21375030398076664,1.2401777644615024,1.0,93,0,31,19,0.8702941275331284,18,3.0074704457980195,26,40
D_252,V31,39245.58,2024-12-15 00:00:00,0,67268.36175438597,41034.01405489689,-0.6828992849106112,0.5834094300358244,6.0,57,0,31,19,0.8702941275331284,18,3.0074704457980195,18,40
A_337,V14,38630.79,2024-12-15 00:00:00,0,101404.49841584158,100941.99680096707,-0.6218728431415084,0.3809536031427374,7.0,101,0,31,19,0.8702941275331284,18,3.0074704457980195,21,40
A_152,V8,139703.7,2024-12-15 00:00:00,0,179937.1240782123,101867.69807590247,-0.3949537476981823,0.7763985576468281,5.0,179,0,31,19,0.8702941275331284,18,3.0074704457980195,4,40
A_267,V2,42656.59,2024-12-16 00:00:00,0,89201.08671052632,40922.37405936534,-1.1373572629423643,0.4782017055097243,3.0,152,0,39,22,0.7988046944547579,27,3.254339207954336,20,40
D_446,V24,63774.78,2024-12-16 00:00:00,0,69961.0374137931,66357.40093125252,-0.09322493199017992,0.9115626467937413,6.0,58,0,39,22,0.7988046944547579,27,3.254339207954336,31,40
A_1456,V10,77492.66,2024-12-16 00:00:00,0,184110.51882978724,99924.56226640988,-1.066972818682122,0.42090066114571933,4.0,188,0,39,22,0.7988046944547579,27,3.254339207954336,4,40
A_767,V11,51162.23,2024-12-16 00:00:00,0,182570.8592121212,102941.535881061,-1.2765241120924948,0.2802306457347139,9.0,165,0,39,22,0.7988046944547579,27,3.254339207954336,4,40
A_1382,V21,112692.07,2024-12-16 00:00:00,0,99317.54854545454,98935.44463436803,0.13518296017178177,1.1346528080645972,2.0,110,0,39,22,0.7988046944547579,27,3.254339207954336,23,40
A_27,V14,28832.9,2024-12-16 00:00:00,0,101404.49841584158,100941.99680096707,-0.7189364365606621,0.2843327082892748,1.0,101,0,39,22,0.7988046944547579,27,3.254339207954336,21,40
A_1261,V11,132407.43,2024-12-17 00:00:00,0,182570.8592121212,102941.535881061,-0.4872954486965392,0.725234603905536,1.0,165,0,41,23,0.7466777803314942,29,3.2940332839701427,4,40
A_296,V16,35358.26,2024-12-17 00:00:00,0,96281.34727272727,92447.62699932391,-0.6589939650826054,0.36723512670339215,9.0,121,0,41,23,0.7466777803314942,29,3.2940332839701427,26,40
A_1410,V8,56419.9,2024-12-17 00:00:00,0,179937.1240782123,101867.69807590247,-1.212514014719021,0.31355167388249755,2.0,179,0,41,23,0.7466777803314942,29,3.2940332839701427,4,40
D_832,V28,15197.29,2024-12-18 00:00:00,0,87976.94703125,91319.31227399668,-0.7969711800030047,0.17273976618938247,6.0,64,0,44,25,0.7520989773892804,31,3.355130504998355,26,40
A_935,V30,197116.55,2024-12-18 00:00:00,0,73122.4169117647,57615.25065897187,2.1520687595961645,2.6956692989039777,4.0,68,0,44,25,0.7520989773892804,31,3.355130504998355,29,40
A_639,V39,26834.84,2024-12-18 00:00:00,0,59686.60327868852,62062.45272865382,-0.529325421553953,0.4495881644753759,4.0,61,0,44,25,0.7520989773892804,31,3.355130504998355,26,40
D_388,V26,27764.33,2024-12-18 00:00:00,0,82902.77408450704,83596.62150892465,-0.659569531875026,0.3348982637593645,6.0,71,0,44,25,0.7520989773892804,31,3.355130504998355,30,40
D_317,V27,528506.68,2024-12-18 00:00:00,0,83207.86098360656,89047.01535564796,5.0006596692573,6.3515672940664825,0.0,61,0,44,25,0.7520989773892804,31,3.355130504998355,28,40
B_478,V21,115492.09,2024-12-18 00:00:00,1,99317.54854545454,98935.44463436803,0.16348415909142974,1.1628451250185499,2.0,110,0,44,25,0.7520989773892804,31,3.355130504998355,23,40
D_44,V27,92626.37,2024-12-18 00:00:00,0,83207.86098360656,89047.01535564796,0.10576888186420494,1.1131791603090064,5.0,61,0,44,25,0.7520989773892804,31,3.355130504998355,28,40
A_574,V14,90531.97,2024-12-18 00:00:00,0,101404.49841584158,100941.99680096707,-0.10770958620615681,0.8927718064039128,2.0,101,0,44,25,0.7520989773892804,31,3.355130504998355,21,40
B_475,V21,24965.47,2024-12-18 04:00:00,1,99317.54854545454,98935.44463436803,-0.7515135481190164,0.2513676484969391,0.0,110,0,36,23,0.604125579141623,21,3.269324217050449,23,40
B_477,V22,30106.64,2024-12-18 06:00:00,1,85951.16571428571,86159.38158415664,-0.6481462208908616,0.3502720350302484,14.0,91,0,35,23,0.6131440295625268,20,3.245279656284106,29,40
B_474,V22,27528.24,2024-12-18 07:00:00,1,85951.16571428571,86159.38158415664,-0.678071807948314,0.32027395437023476,0.0,91,0,34,23,0.6190915821805275,18,3.218149757212648,29,40
B_476,V21,212075.44,2024-12-18 09:00:00,1,99317.54854545454,98935.44463436803,1.139700257789294,2.1353054701855685,0.0,110,0,33,22,0.6260089450415065,18,3.19181287797102,23,40
A_1240,V9,71723.48,2024-12-19 00:00:00,0,188269.0858278146,100038.44686257221,-1.1649965037083572,0.3809605741912491,29.0,151,0,38,25,0.6521886231828032,22,3.301529531835908,4,40
A_944,V14,71076.57,2024-12-19 00:00:00,0,101404.49841584158,100941.99680096707,-0.30044608716779264,0.7009143597769292,1.0,101,0,38,25,0.6521886231828032,22,3.301529531835908,21,40
A_570,V4,42505.65,2024-12-19 00:00:00,0,81228.63022988506,33321.06049362434,-1.1620824059572818,0.5232776497899385,12.0,174,0,38,25,0.6521886231828032,22,3.301529531835908,16,40
A_811,V21,23605.85,2024-12-19 00:00:00,0,99317.54854545454,98935.44463436803,-0.7652559057004379,0.2376781612872287,0.0,110,0,38,25,0.6521886231828032,22,3.301529531835908,23,40
D_517,V21,338149.18,2024-12-19 00:00:00,0,99317.54854545454,98935.44463436803,2.4139904393894236,3.4046931308630755,0.0,110,0,38,25,0.6521886231828032,22,3.301529531835908,23,40
D_521,V13,30904.9,2024-12-19 00:00:00,0,91248.5117,99126.94924086498,-0.6087446795996427,0.33868564800221285,8.0,100,0,38,25,0.6521886231828032,22,3.301529531835908,24,40
A_1101,V10,41732.49,2024-12-20 00:00:00,0,184110.51882978724,99924.56226640988,-1.4248409075767374,0.2266696308044803,0.0,188,0,39,26,0.7354242980868351,24,3.3372251709171885,4,40
A_1329,V34,58622.85,2024-12-20 00:00:00,0,87031.30054545455,69584.65178653522,-0.4082515549700084,0.6735757831586092,0.0,55,0,39,26,0.7354242980868351,24,3.3372251709171885,32,40
D_570,V2,42834.07,2024-12-20 00:00:00,0,89201.08671052632,40922.37405936534,-1.133020377138605,0.4801913450635158,4.0,152,0,39,26,0.7354242980868351,24,3.3372251709171885,20,40
D_631,V15,82539.79,2024-12-20 00:00:00,0,101414.6991919192,81219.53730128995,-0.2323908437333057,0.8138758659426248,16.0,99,0,39,26,0.7354242980868351,24,3.3372251709171885,31,40
D_259,V6,84344.74,2024-12-20 00:00:00,0,144506.03180487806,76560.92735485801,-0.7857860151042906,0.583672219590582,9.0,205,0,39,26,0.7354242980868351,24,3.3372251709171885,9,40
D_5,V34,16387.4,2024-12-20 00:00:00,0,87031.30054545455,69584.65178653522,-1.0152078586856623,0.18829101261595765,25.0,55,0,39,26,0.7354242980868351,24,3.3372251709171885,32,40
A_747,V16,39313.3,2024-12-20 00:00:00,0,96281.34727272727,92447.62699932391,-0.6162130160477547,0.4083126462283061,3.0,121,0,39,26,0.7354242980868351,24,3.3372251709171885,26,40
A_681,V26,157324.2,2024-12-20 00:00:00,0,82902.77408450704,83596.62150892465,0.8902337718728989,1.8976723525232198,2.0,71,0,39,26,0.7354242980868351,24,3.3372251709171885,30,40
A_462,V12,116401.56,2024-12-20 00:00:00,0,101944.13491379311,108863.03469822774,0.132802583757648,1.141805934127524,9.0,116,0,39,26,0.7354242980868351,24,3.3372251709171885,18,40
A_138,V36,112824.11,2024-12-20 00:00:00,0,77526.48523809524,111324.58196102447,0.3170666089512346,1.4552788556665426,10.0,63,0,39,26,0.7354242980868351,24,3.3372251709171885,20,40
A_205,V10,44017.28,2024-12-20 00:00:00,0,184110.51882978724,99924.56226640988,-1.4019759874484068,0.23907944641255374,4.0,188,0,39,26,0.7354242980868351,24,3.3372251709171885,4,40
D_384,V14,11075.99,2024-12-20 00:00:00,0,101404.49841584158,100941.99680096707,-0.8948467083253485,0.10922474789857853,1.0,101,0,39,26,0.7354242980868351,24,3.3372251709171885,21,40
A_352,V20,60419.43,2024-12-21 00:00:00,0,84574.58505376344,95035.94061676953,-0.2541659579633101,0.7143838255637519,6.0,93,0,32,21,0.7360580706474767,18,3.1063464818122957,26,40
D_83,V28,16929.99,2024-12-21 00:00:00,0,87976.94703125,91319.31227399668,-0.7779973070841164,0.19243447444831172,3.0,64,0,32,21,0.7360580706474767,18,3.1063464818122957,26,40
A_405,V21,31083.74,2024-12-21 00:00:00,0,99317.54854545454,98935.44463436803,-0.6896731411525964,0.3129701395683817,2.0,110,0,32,21,0.7360580706474767,18,3.1063464818122957,23,40
D_62,V8,48487.97,2024-12-21 00:00:00,0,179937.1240782123,101867.69807590247,-1.2903782669360258,0.26947024288707216,0.0,179,0,32,21,0.7360580706474767,18,3.1063464818122957,4,40
D_448,V8,76727.04,2024-12-21 00:00:00,0,179937.1240782123,101867.69807590247,-1.0131677937153016,0.4264079132371617,4.0,179,0,32,21,0.7360580706474767,18,3.1063464818122957,4,40
D_959,V8,46610.76,2024-12-21 00:00:00,0,179937.1240782123,101867.69807590247,-1.3088060080916188,0.25903771220678096,0.0,179,0,32,21,0.7360580706474767,18,3.1063464818122957,4,40
A_973,V9,38006.56,2024-12-21 00:00:00,0,188269.0858278146,100038.44686257221,-1.5020327534820903,0.20187253770500485,2.0,151,0,32,21,0.7360580706474767,18,3.1063464818122957,4,40
D_158,V23,98169.06,2024-12-21 00:00:00,0,74902.77192307693,98110.10534391222,0.23714224801939549,1.310602356591809,12.0,52,0,32,21,0.7360580706474767,18,3.1063464818122957,26,40
D_617,V1,109639.69,2024-12-22 00:00:00,0,86403.7311111111,33948.99747755859,0.6844171020704253,1.268908410339362,22.0,162,0,32,22,0.7868108722943391,18,3.0559575384428306,18,40
A_1128,V29,25383.3,2024-12-22 00:00:00,0,74548.44014492753,60050.95281301047,-0.818710097538672,0.34048947853469724,18.0,69,0,32,22,0.7868108722943391,18,3.0559575384428306,30,40
A_1187,V21,16037.83,2024-12-22 00:00:00,0,99317.54854545454,98935.44463436803,-0.8417496591192974,0.1614786989427263,1.0,110,0,32,22,0.7868108722943391,18,3.0559575384428306,23,40
A_1403,V15,75530.42,2024-12-22 00:00:00,0,101414.6991919192,81219.53730128995,-0.31869130705083504,0.7447606297824377,2.0,99,0,32,22,0.7868108722943391,18,3.0559575384428306,31,40
D_50,V17,21778.19,2024-12-22 00:00:00,0,105661.17514285714,95526.67662806554,-0.8781013848944877,0.20611150556531227,15.0,105,0,32,22,0.7868108722943391,18,3.0559575384428306,24,40
A_198,V30,62039.14,2024-12-22 00:00:00,0,73122.4169117647,57615.25065897187,-0.19236373045802893,0.8484168631624575,4.0,68,0,32,22,0.7868108722943391,18,3.0559575384428306,29,40
B_315,V22,173007.45,2024-12-22 11:00:00,1,85951.16571428571,86159.38158415664,1.0103980818687832,2.0128340986205684,4.0,91,0,26,18,0.8303236823691655,15,2.837295499055937,29,40
B_314,V21,10103.43,2024-12-22 17:00:00,1,99317.54854545454,98935.44463436803,-0.9017316002728464,0.10172752368985762,0.0,110,0,25,18,0.790514986047794,13,2.780628659288724,23,40
B_316,V19,289721.51,2024-12-22 21:00:00,1,75791.63586956522,77277.72834882235,2.768289265382236,3.822554878531921,16.0,92,0,24,17,0.8183925078898171,13,2.7629497333004287,32,40
D_460,V12,55586.09,2024-12-23 00:00:00,0,101944.13491379311,108863.03469822774,-0.4258343450368903,0.5452549554915468,3.0,116,0,28,17,0.6578607246143757,21,2.9110775570954854,18,40
A_1279,V7,118484.3,2024-12-23 00:00:00,0,144842.31624309393,63932.34127505827,-0.4122734041021681,0.818017034359701,9.0,181,0,28,17,0.6578607246143757,21,2.9110775570954854,3,40
A_1405,V6,23058.23,2024-12-23 00:00:00,0,144506.03180487806,76560.92735485801,-1.5862688675792846,0.1595647610500684,3.0,205,0,28,17,0.6578607246143757,21,2.9110775570954854,9,40
A_958,V4,22184.39,2024-12-24 00:00:00,0,81228.63022988506,33321.06049362434,-1.7719264461806696,0.27310711543579297,5.0,174,0,34,22,0.624642379529198,23,3.153409500750332,16,40
A_643,V26,27580.83,2024-12-24 00:00:00,0,82902.77408450704,83596.62150892465,-0.6617645704022933,0.33268485427316963,4.0,71,0,34,22,0.624642379529198,23,3.153409500750332,30,40
D_70,V19,100360.13,2024-12-24 00:00:00,0,75791.63586956522,77277.72834882235,0.31792052813727734,1.3241409122215255,1.0,92,0,34,22,0.624642379529198,23,3.153409500750332,32,40
A_48,V28,170553.44,2024-12-24 00:00:00,0,87976.94703125,91319.31227399668,0.9042511015620293,1.9385930878725661,3.0,64,0,34,22,0.624642379529198,23,3.153409500750332,26,40
D_634,V11,88960.55,2024-12-24 00:00:00,0,182570.8592121212,102941.535881061,-0.9093452809466226,0.4872632090394673,7.0,165,0,34,22,0.624642379529198,23,3.153409500750332,4,40
D_650,V25,242901.06,2024-12-24 00:00:00,0,84963.20919354838,94781.91364408535,1.666311413463362,2.8588633061560267,10.0,62,0,34,22,0.624642379529198,23,3.153409500750332,26,40
D_37,V25,294925.08,2024-12-24 00:00:00,0,84963.20919354838,94781.91364408535,2.2151869227703753,3.4711684225549724,0.0,62,0,34,22,0.624642379529198,23,3.153409500750332,26,40
A_22,V15,50989.99,2024-12-25 00:00:00,0,101414.6991919192,81219.53730128995,-0.6208369319802363,0.5027820190196242,3.0,99,0,40,26,0.684959801322317,26,3.383010788531245,31,40
A_586,V15,94539.62,2024-12-25 00:00:00,0,101414.6991919192,81219.53730128995,-0.08464705381615356,0.9321990653645557,0.0,99,0,40,26,0.684959801322317,26,3.383010788531245,31,40
A_295,V34,27686.54,2024-12-25 00:00:00,0,87031.30054545455,69584.65178653522,-0.8528304186544635,0.31811798408729974,5.0,55,0,40,26,0.684959801322317,26,3.383010788531245,32,40
A_1196,V9,54501.52,2024-12-25 00:00:00,0,188269.0858278146,100038.44686257221,-1.3371481952671722,0.28948581905808035,4.0,151,0,40,26,0.684959801322317,26,3.383010788531245,4,40
A_4,V28,14651.91,2024-12-25 00:00:00,0,87976.94703125,91319.31227399668,-0.8029433453013848,0.16654071269468929,1.0,64,0,40,26,0.684959801322317,26,3.383010788531245,26,40
A_1307,V12,30845.79,2024-12-26 00:00:00,0,101944.13491379311,108863.03469822774,-0.6530930542017709,0.30257245748984324,3.0,116,0,46,26,0.8204633863390647,34,3.407577070165974,18,40
D_149,V11,10173.08,2024-12-26 00:00:00,0,182570.8592121212,102941.535881061,-1.67469916819718,0.05572096402973255,2.0,165,0,46,26,0.8204633863390647,34,3.407577070165974,4,40
A_828,V23,37144.68,2024-12-26 00:00:00,0,74902.77192307693,98110.10534391222,-0.38485033667414303,0.49589865832318897,5.0,52,0,46,26,0.8204633863390647,34,3.407577070165974,26,40
D_497,V39,115400.38,2024-12-26 00:00:00,0,59686.60327868852,62062.45272865382,0.8976905774948808,1.933406162435136,8.0,61,0,46,26,0.8204633863390647,34,3.407577070165974,26,40
A_233,V27,57887.87,2024-12-26 00:00:00,0,83207.86098360656,89047.01535564796,-0.28434087927149526,0.6956935753681909,8.0,61,0,46,26,0.8204633863390647,34,3.407577070165974,28,40
A_366,V32,55055.9,2024-12-26 00:00:00,0,67081.75597222222,63875.16720999454,-0.18826827747330094,0.8207161319191727,12.0,72,0,46,26,0.8204633863390647,34,3.407577070165974,30,40
D_411,V22,13524.42,2024-12-26 00:00:00,0,85951.16571428571,86159.38158415664,-0.8406038179339227,0.15734821673902474,3.0,91,0,46,26,0.8204633863390647,34,3.407577070165974,29,40
D_942,V25,11534.0,2024-12-26 00:00:00,0,84963.20919354838,94781.91364408535,-0.7747093476075106,0.13575127820851673,2.0,62,0,46,26,0.8204633863390647,34,3.407577070165974,26,40
D_30,V4,16562.55,2024-12-27 00:00:00,0,81228.63022988506,33321.06049362434,-1.9406387021672298,0.20389788742269194,3.0,174,0,38,24,0.8951224796284274,24,3.233974620630696,16,40
A_1443,V23,41179.63,2024-12-27 00:00:00,0,74902.77192307693,98110.10534391222,-0.34372400356581495,0.549767107086273,1.0,52,0,38,24,0.8951224796284274,24,3.233974620630696,26,40
D_8,V6,8420.25,2024-12-27 00:00:00,0,144506.03180487806,76560.92735485801,-1.7774602404421203,0.058268790762857264,4.0,205,0,38,24,0.8951224796284274,24,3.233974620630696,9,40
D_391,V22,15015.32,2024-12-27 00:00:00,0,85951.16571428571,86159.38158415664,-0.8233000412724443,0.17469391114486335,1.0,91,0,38,24,0.8951224796284274,24,3.233974620630696,29,40
A_1147,V39,58341.81,2024-12-27 00:00:00,0,59686.60327868852,62062.45272865382,-0.02166803842783386,0.9774527170674813,1.0,61,0,38,24,0.8951224796284274,24,3.233974620630696,26,40
A_1210,V36,55270.71,2024-12-28 00:00:00,0,77526.48523809524,111324.58196102447,-0.1999160915762118,0.7129176166395403,8.0,63,0,33,21,0.9751506583377496,20,3.1327853282539304,20,40
A_317,V9,74449.41,2024-12-28 00:00:00,0,188269.0858278146,100038.44686257221,-1.1377479524069418,0.39543940118075316,3.0,151,0,33,21,0.9751506583377496,20,3.1327853282539304,4,40
D_985,V29,14258.79,2024-12-28 00:00:00,0,74548.44014492753,60050.95281301047,-1.0039581948759801,0.19126622510216387,6.0,69,0,33,21,0.9751506583377496,20,3.1327853282539304,30,40
A_576,V8,79533.4,2024-12-28 00:00:00,0,179937.1240782123,101867.69807590247,-0.9856189975393755,0.44200416341691895,7.0,179,0,33,21,0.9751506583377496,20,3.1327853282539304,4,40
A_485,V30,29950.22,2024-12-28 00:00:00,0,73122.4169117647,57615.25065897187,-0.7493059061982198,0.40958452524366873,6.0,68,0,33,21,0.9751506583377496,20,3.1327853282539304,29,40
B_244,V12,70657.22,2024-12-28 00:00:00,1,101944.13491379311,108863.03469822774,-0.28739440900312735,0.6930906517486017,2.0,116,0,33,21,0.9751506583377496,20,3.1327853282539304,18,40
D_691,V1,36286.25,2024-12-28 00:00:00,0,86403.7311111111,33948.99747755859,-1.476214575398406,0.41995674928191307,6.0,162,0,33,21,0.9751506583377496,20,3.1327853282539304,18,40
A_582,V17,53264.07,2024-12-28 00:00:00,0,105661.17514285714,95526.67662806554,-0.5485018268251606,0.5040977996902489,6.0,105,0,33,21,0.9751506583377496,20,3.1327853282539304,24,40
A_1010,V17,65535.38,2024-12-28 00:00:00,0,105661.17514285714,95526.67662806554,-0.42004366231040935,0.6202350075738551,0.0,105,0,33,21,0.9751506583377496,20,3.1327853282539304,24,40
B_247,V14,108491.86,2024-12-28 03:00:00,1,101404.49841584158,100941.99680096707,0.07021152342180637,1.0698814334021496,8.0,101,0,24,17,1.1920700377429942,12,2.8147267859609473,21,40
B_245,V13,249954.56,2024-12-28 05:00:00,1,91248.5117,99126.94924086498,1.6010222093303859,2.739242713120184,9.0,100,0,23,17,1.1978224640866066,10,2.7569105078003746,24,40
B_246,V14,202361.4,2024-12-28 13:00:00,1,101404.49841584158,100941.99680096707,1.0001377488645276,1.9955663466113103,0.0,101,0,22,17,1.1296267957283483,8,2.700351152985737,21,40
D_842,V25,37668.64,2024-12-29 00:00:00,0,84963.20919354838,94781.91364408535,-0.49897779436430795,0.44334715002396924,3.0,62,0,21,16,1.0848501942804416,8,2.6339198132612314,26,40
A_418,V17,20911.71,2024-12-29 00:00:00,0,105661.17514285714,95526.67662806554,-0.8871718452111729,0.197911030808584,1.0,105,0,21,16,1.0848501942804416,8,2.6339198132612314,24,40
D_501,V28,85256.61,2024-12-29 00:00:00,0,87976.94703125,91319.31227399668,-0.029788958923924053,0.9690679639264215,4.0,64,0,21,16,1.0848501942804416,8,2.6339198132612314,26,40
A_227,V22,155139.18,2024-12-29 00:00:00,0,85951.16571428571,86159.38158415664,0.8030142510236599,1.8049478882905567,2.0,91,0,21,16,1.0848501942804416,8,2.6339198132612314,29,40
A_1420,V19,44103.58,2024-12-29 00:00:00,0,75791.63586956522,77277.72834882235,-0.4100488782182207,0.5818979574202926,5.0,92,0,21,16,1.0848501942804416,8,2.6339198132612314,32,40
A_1193,V30,37442.66,2024-12-29 00:00:00,0,73122.4169117647,57615.25065897187,-0.6192655110960213,0.5120474614196525,1.0,68,0,21,16,1.0848501942804416,8,2.6339198132612314,29,40
D_848,V20,115107.3,2024-12-29 00:00:00,0,84574.58505376344,95035.94061676953,0.32127207323895046,1.3609991574616718,8.0,93,0,21,16,1.0848501942804416,8,2.6339198132612314,26,40
A_1002,V27,76683.21,2024-12-29 00:00:00,0,83207.86098360656,89047.01535564796,-0.07327115553948974,0.9215750473391024,3.0,61,0,21,16,1.0848501942804416,8,2.6339198132612314,28,40
D_894,V26,206101.56,2024-12-29 00:00:00,0,82902.77408450704,83596.62150892465,1.4737116163327757,2.486033504215534,5.0,71,0,21,16,1.0848501942804416,8,2.6339198132612314,30,40
D_416,V37,123039.6,2024-12-29 00:00:00,0,72052.50544117647,51928.02541711314,0.9818611874433678,1.7076143519547138,15.0,68,0,21,16,1.0848501942804416,8,2.6339198132612314,25,40
B_248,V12,54503.92,2024-12-29 15:00:00,1,101944.13491379311,108863.03469822774,-0.43577490991674056,0.5346397358352571,1.0,116,0,11,9,1.089919316291648,4,1.8386316404339993,18,40
B_219,V20,413023.42,2024-12-29 17:00:00,1,84574.58505376344,95035.94061676953,3.456012291795943,4.883482860182961,0.0,93,0,10,8,1.1452552803156615,4,1.7338584901731686,26,40
B_220,V19,377387.34,2024-12-29 20:00:00,1,75791.63586956522,77277.72834882235,3.9027001423869936,4.97920854275951,0.0,92,0,9,8,0.8083351006695394,2,1.6755553304727138,32,40
B_221,V19,36972.3,2024-12-29 22:00:00,1,75791.63586956522,77277.72834882235,-0.5023288646047808,0.48780860535880044,0.0,92,1,8,8,0.44186005504318354,0,1.9551436125872792,32,40
A_314,V13,38616.43,2024-12-30 00:00:00,0,91248.5117,99126.94924086498,-0.5309509790433826,0.4231960180451026,1.0,100,1,7,7,0.4374333196703876,0,1.8125159467002183,24,40
A_988,V4,66079.93,2024-12-30 00:00:00,0,81228.63022988506,33321.06049362434,-0.4546147508730302,0.8134953934049626,3.0,174,1,7,7,0.4374333196703876,0,1.8125159467002183,16,40
A_333,V20,90833.26,2024-12-30 00:00:00,0,84574.58505376344,95035.94061676953,0.0658551812128956,1.0739891416921166,0.0,93,1,7,7,0.4374333196703876,0,1.8125159467002183,26,40
A_493,V7,20672.8,2024-12-30 00:00:00,0,144842.31624309393,63932.34127505827,-1.9421715456553972,0.14272526020672127,7.0,181,1,7,7,0.4374333196703876,0,1.8125159467002183,3,40
D_330,V17,73679.56,2024-12-30 00:00:00,0,105661.17514285714,95526.67662806554,-0.3347889980343258,0.6973125425478315,1.0,105,1,7,7,0.4374333196703876,0,1.8125159467002183,24,40
D_87,V8,30057.7,2024-12-30 00:00:00,0,179937.1240782123,101867.69807590247,-1.4713000844139283,0.16704464467427177,2.0,179,1,7,7,0.4374333196703876,0,1.8125159467002183,4,40
D_43,V21,24237.62,2024-12-30 00:00:00,0,99317.54854545454,98935.44463436803,-0.758870291154304,0.24403920873760362,7.0,110,1,7,7,0.4374333196703876,0,1.8125159467002183,23,40
